image_id,nutrient,quantity,column,dx,dy,deviation,method,image_mean_dev,gt_image_mean
1.png,magnesium,400,0,1657.0,-15.5,0.9142,mahalanobis,1.3082727272727273,0
1.png,magnesium,420,0,1644.0,365.5,0.714,mahalanobis,1.3082727272727273,0
1.png,magnesium,400,0,1643.5,460.0,1.0605,mahalanobis,1.3082727272727273,0
1.png,magnesium,350,0,1645.0,554.0,1.4099,mahalanobis,1.3082727272727273,1
1.png,magnesium,333,0,1641.5,647.0,1.7896,mahalanobis,1.3082727272727273,1
1.png,magnesiumoxid,400,0,1719.5,0.0,1.5507,mahalanobis,1.3082727272727273,1
1.png,magnesiumoxid,350,0,1721.0,94.0,1.4122,mahalanobis,1.3082727272727273,1
1.png,magnesiumoxid,333,0,1717.5,187.0,1.2577,mahalanobis,1.3082727272727273,0
1.png,magnesiumbisglycinat,350,0,1597.5,-24.0,1.6806,mahalanobis,1.3082727272727273,1
1.png,magnesiumbisglycinat,333,0,1594.0,69.0,1.5748,mahalanobis,1.3082727272727273,1
1.png,magnesiummalat,333,0,1686.0,-3.0,1.0268,mahalanobis,1.3082727272727273,0
2.png,energy,1195,0,1347.5,-33.0,1.3364,mahalanobis,1.2893866666666667,1
2.png,energy,1616,0,1494.0,201.0,0.5052,mahalanobis,1.2893866666666667,0
2.png,energy,70,0,1426.0,542.5,0.6735,mahalanobis,1.2893866666666667,0
2.png,energy,33,0,1427.5,678.0,1.1169,mahalanobis,1.2893866666666667,0
2.png,energy,0,0,1443.0,840.0,1.6479,mahalanobis,1.2893866666666667,1
2.png,energy,0.43,0,1393.5,994.5,2.1764,mahalanobis,1.2893866666666667,1
2.png,fat,1616,0,1862.0,43.5,2.1215,mahalanobis,1.2893866666666667,1
2.png,fat,70,0,1794.0,385.0,1.5697,mahalanobis,1.2893866666666667,1
2.png,fat,33,0,1795.5,520.5,1.6771,mahalanobis,1.2893866666666667,1
2.png,fat,0,0,1811.0,682.5,1.9902,mahalanobis,1.2893866666666667,1
2.png,fat,0.43,0,1761.5,837.0,2.1635,mahalanobis,1.2893866666666667,1
2.png,saturated fats,1616,0,1353.5,-73.5,1.4532,mahalanobis,1.2893866666666667,1
2.png,saturated fats,70,0,1285.5,268.0,0.8096,mahalanobis,1.2893866666666667,0
2.png,saturated fats,33,0,1287.0,403.5,0.79,mahalanobis,1.2893866666666667,0
2.png,saturated fats,0,0,1302.5,565.5,1.0121,mahalanobis,1.2893866666666667,0
2.png,saturated fats,0.43,0,1253.0,720.0,1.5518,mahalanobis,1.2893866666666667,1
2.png,saturated fats,70,0,1519.0,128.5,0.771,mahalanobis,1.2893866666666667,0
2.png,saturated fats,33,0,1520.5,264.0,0.4036,mahalanobis,1.2893866666666667,0
2.png,saturated fats,0,0,1536.0,426.0,0.4688,mahalanobis,1.2893866666666667,0
2.png,saturated fats,0.43,0,1486.5,580.5,0.802,mahalanobis,1.2893866666666667,0
2.png,carbohydrate,70,0,1276.5,-20.0,1.4504,mahalanobis,1.2893866666666667,1
2.png,carbohydrate,33,0,1278.0,115.5,1.1024,mahalanobis,1.2893866666666667,0
2.png,carbohydrate,0,0,1293.5,277.5,0.7653,mahalanobis,1.2893866666666667,0
2.png,carbohydrate,0.43,0,1244.0,432.0,1.0057,mahalanobis,1.2893866666666667,0
2.png,sugars,33,0,1141.0,-18.0,1.8668,mahalanobis,1.2893866666666667,1
2.png,sugars,0,0,1156.5,144.0,1.5137,mahalanobis,1.2893866666666667,1
2.png,sugars,0.43,0,1107.0,298.5,1.597,mahalanobis,1.2893866666666667,1
2.png,protein,0,0,1649.0,-21.0,1.5027,mahalanobis,1.2893866666666667,1
2.png,protein,0.43,0,1599.5,133.5,0.9645,mahalanobis,1.2893866666666667,0
2.png,salt,0.43,0,1758.5,-33.0,1.8737,mahalanobis,1.2893866666666667,1
2.png,energy,837,1,1959.5,-33.0,1.3209,mahalanobis,1.2893866666666667,1
2.png,energy,1616,1,2099.5,192.0,0.5041,mahalanobis,1.2893866666666667,0
2.png,energy,50,1,2034.5,535.5,0.674,mahalanobis,1.2893866666666667,0
2.png,energy,25,1,2035.0,675.0,1.1296,mahalanobis,1.2893866666666667,0
2.png,energy,0,1,2067.0,837.0,1.6573,mahalanobis,1.2893866666666667,1
2.png,energy,0.30,1,2006.5,985.5,2.167,mahalanobis,1.2893866666666667,1
2.png,fat,1616,1,2467.5,34.5,2.0971,mahalanobis,1.2893866666666667,1
2.png,fat,50,1,2402.5,378.0,1.5494,mahalanobis,1.2893866666666667,1
2.png,fat,25,1,2403.0,517.5,1.6575,mahalanobis,1.2893866666666667,1
2.png,fat,0,1,2435.0,679.5,2.0381,mahalanobis,1.2893866666666667,1
2.png,fat,0.30,1,2374.5,828.0,2.1565,mahalanobis,1.2893866666666667,1
2.png,saturated fats,1616,1,1959.0,-82.5,1.4753,mahalanobis,1.2893866666666667,1
2.png,saturated fats,50,1,1894.0,261.0,0.8305,mahalanobis,1.2893866666666667,0
2.png,saturated fats,25,1,1894.5,400.5,0.8167,mahalanobis,1.2893866666666667,0
2.png,saturated fats,0,1,1926.5,562.5,0.9854,mahalanobis,1.2893866666666667,0
2.png,saturated fats,0.30,1,1866.0,711.0,1.5437,mahalanobis,1.2893866666666667,1
2.png,saturated fats,50,1,2127.5,121.5,0.7675,mahalanobis,1.2893866666666667,0
2.png,saturated fats,25,1,2128.0,261.0,0.3789,mahalanobis,1.2893866666666667,0
2.png,saturated fats,0,1,2160.0,423.0,0.5159,mahalanobis,1.2893866666666667,0
2.png,saturated fats,0.30,1,2099.5,571.5,0.792,mahalanobis,1.2893866666666667,0
2.png,carbohydrate,50,1,1885.0,-27.0,1.466,mahalanobis,1.2893866666666667,1
2.png,carbohydrate,25,1,1885.5,112.5,1.115,mahalanobis,1.2893866666666667,0
2.png,carbohydrate,0,1,1917.5,274.5,0.7142,mahalanobis,1.2893866666666667,0
2.png,carbohydrate,0.30,1,1857.0,423.0,1.0026,mahalanobis,1.2893866666666667,0
2.png,sugars,25,1,1748.5,-21.0,1.881,mahalanobis,1.2893866666666667,1
2.png,sugars,0,1,1780.5,141.0,1.4645,mahalanobis,1.2893866666666667,1
2.png,sugars,0.30,1,1720.0,289.5,1.5981,mahalanobis,1.2893866666666667,1
2.png,protein,0,1,2273.0,-24.0,1.5271,mahalanobis,1.2893866666666667,1
2.png,protein,0.30,1,2212.5,124.5,0.9729,mahalanobis,1.2893866666666667,0
2.png,salt,0.30,1,2371.5,-42.0,1.8818,mahalanobis,1.2893866666666667,1
4.png,energy,0,0,324.0,65.0,1.5084,mahalanobis,1.3109640287769784,1
4.png,energy,0,0,313.0,163.5,1.4132,mahalanobis,1.3109640287769784,1
4.png,energy,56,0,335.5,223.5,1.5736,mahalanobis,1.3109640287769784,1
4.png,energy,6.7,0,334.5,277.0,1.8456,mahalanobis,1.3109640287769784,1
4.png,energy,0.12,0,369.0,390.5,2.5924,mahalanobis,1.3109640287769784,1
4.png,valore energetico,0,0,646.5,60.0,1.2959,mahalanobis,1.3109640287769784,0
4.png,valore energetico,0,0,635.5,158.5,1.1501,mahalanobis,1.3109640287769784,0
4.png,valore energetico,56,0,658.0,218.5,1.329,mahalanobis,1.3109640287769784,1
4.png,valore energetico,6.7,0,657.0,272.0,1.6295,mahalanobis,1.3109640287769784,1
4.png,valore energetico,0.12,0,691.5,385.5,2.4289,mahalanobis,1.3109640287769784,1
4.png,valor energetico,0,0,2015.5,56.0,0.6823,mahalanobis,1.3109640287769784,0
4.png,valor energetico,0,0,2004.5,154.5,0.1738,mahalanobis,1.3109640287769784,0
4.png,valor energetico,56,0,2027.0,214.5,0.6911,mahalanobis,1.3109640287769784,0
4.png,valor energetico,6.7,0,2026.0,268.0,1.1545,mahalanobis,1.3109640287769784,0
4.png,valor energetico,0.12,0,2060.5,381.5,2.1377,mahalanobis,1.3109640287769784,1
4.png,energy,0,0,1608.5,56.0,0.7658,mahalanobis,1.3109640287769784,0
4.png,energy,0,0,1597.5,154.5,0.3961,mahalanobis,1.3109640287769784,0
4.png,energy,56,0,1620.0,214.5,0.7697,mahalanobis,1.3109640287769784,0
4.png,energy,6.7,0,1619.0,268.0,1.2035,mahalanobis,1.3109640287769784,0
4.png,energy,0.12,0,1653.5,381.5,2.1603,mahalanobis,1.3109640287769784,1
4.png,energy,0,0,1150.5,56.0,0.9895,mahalanobis,1.3109640287769784,0
4.png,energy,0,0,1139.5,154.5,0.7457,mahalanobis,1.3109640287769784,0
4.png,energy,56,0,1162.0,214.5,0.9891,mahalanobis,1.3109640287769784,0
4.png,energy,6.7,0,1161.0,268.0,1.3545,mahalanobis,1.3109640287769784,1
4.png,energy,0.12,0,1195.5,381.5,2.2435,mahalanobis,1.3109640287769784,1
4.png,energy,0,0,2517.5,52.0,0.8128,mahalanobis,1.3109640287769784,0
4.png,energy,0,0,2506.5,150.5,0.3987,mahalanobis,1.3109640287769784,0
4.png,energy,56,0,2529.0,210.5,0.7648,mahalanobis,1.3109640287769784,0
4.png,energy,6.7,0,2528.0,264.0,1.1864,mahalanobis,1.3109640287769784,0
4.png,energy,0.12,0,2562.5,377.5,2.1445,mahalanobis,1.3109640287769784,1
4.png,energy,0,0,3511.0,45.5,1.4132,mahalanobis,1.3109640287769784,1
4.png,energy,0,0,3500.0,144.0,1.177,mahalanobis,1.3109640287769784,0
4.png,energy,56,0,3522.5,204.0,1.3348,mahalanobis,1.3109640287769784,1
4.png,energy,6.7,0,3521.5,257.5,1.5971,mahalanobis,1.3109640287769784,1
4.png,energy,0.12,0,3556.0,371.0,2.3824,mahalanobis,1.3109640287769784,1
4.png,energy,0,0,3007.0,45.0,1.0993,mahalanobis,1.3109640287769784,0
4.png,energy,0,0,2996.0,143.5,0.7723,mahalanobis,1.3109640287769784,0
4.png,energy,56,0,3018.5,203.5,0.9868,mahalanobis,1.3109640287769784,0
4.png,energy,6.7,0,3017.5,257.0,1.3189,mahalanobis,1.3109640287769784,1
4.png,energy,0.12,0,3052.0,370.5,2.1985,mahalanobis,1.3109640287769784,1
4.png,energy,0,0,3982.5,32.5,1.7961,mahalanobis,1.3109640287769784,1
4.png,energy,0,0,3971.5,131.0,1.5541,mahalanobis,1.3109640287769784,1
4.png,energy,56,0,3994.0,191.0,1.6457,mahalanobis,1.3109640287769784,1
4.png,energy,6.7,0,3993.0,244.5,1.8364,mahalanobis,1.3109640287769784,1
4.png,energy,0.12,0,4027.5,358.0,2.5094,mahalanobis,1.3109640287769784,1
4.png,fat,0,0,358.0,2.5,1.7742,mahalanobis,1.3109640287769784,1
4.png,fat,0,0,347.0,101.0,1.3947,mahalanobis,1.3109640287769784,1
4.png,fat,56,0,369.5,161.0,1.3647,mahalanobis,1.3109640287769784,1
4.png,fat,6.7,0,368.5,214.5,1.5134,mahalanobis,1.3109640287769784,1
4.png,fat,0.12,0,403.0,328.0,2.1312,mahalanobis,1.3109640287769784,1
4.png,fat,0,0,768.0,0.0,1.5532,mahalanobis,1.3109640287769784,1
4.png,fat,0,0,757.0,98.5,1.0803,mahalanobis,1.3109640287769784,0
4.png,fat,56,0,779.5,158.5,1.0362,mahalanobis,1.3109640287769784,0
4.png,fat,6.7,0,778.5,212.0,1.217,mahalanobis,1.3109640287769784,0
4.png,fat,0.12,0,813.0,325.5,1.9257,mahalanobis,1.3109640287769784,1
4.png,fat,0,0,1610.5,-4.0,1.2508,mahalanobis,1.3109640287769784,0
4.png,fat,0,0,1599.5,94.5,0.4979,mahalanobis,1.3109640287769784,0
4.png,fat,56,0,1622.0,154.5,0.3784,mahalanobis,1.3109640287769784,0
4.png,fat,6.7,0,1621.0,208.0,0.7192,mahalanobis,1.3109640287769784,0
4.png,fat,0.12,0,1655.5,321.5,1.6474,mahalanobis,1.3109640287769784,1
4.png,fat,0,0,2107.5,-8.0,1.2376,mahalanobis,1.3109640287769784,0
4.png,fat,0,0,2096.5,90.5,0.3857,mahalanobis,1.3109640287769784,0
4.png,fat,56,0,2119.0,150.5,0.1503,mahalanobis,1.3109640287769784,0
4.png,fat,6.7,0,2118.0,204.0,0.6032,mahalanobis,1.3109640287769784,0
4.png,fat,0.12,0,2152.5,317.5,1.5858,mahalanobis,1.3109640287769784,1
4.png,graisses,0,0,2498.5,-13.0,1.3316,mahalanobis,1.3109640287769784,1
4.png,graisses,0,0,2487.5,85.5,0.5576,mahalanobis,1.3109640287769784,0
4.png,graisses,56,0,2510.0,145.5,0.3887,mahalanobis,1.3109640287769784,0
4.png,graisses,6.7,0,2509.0,199.0,0.6721,mahalanobis,1.3109640287769784,0
4.png,graisses,0.12,0,2543.5,312.5,1.5922,mahalanobis,1.3109640287769784,1
4.png,fat,0,0,3016.5,-17.0,1.531,mahalanobis,1.3109640287769784,1
4.png,fat,0,0,3005.5,81.5,0.9028,mahalanobis,1.3109640287769784,0
4.png,fat,56,0,3028.0,141.5,0.7965,mahalanobis,1.3109640287769784,0
4.png,fat,6.7,0,3027.0,195.0,0.9499,mahalanobis,1.3109640287769784,0
4.png,fat,0.12,0,3061.5,308.5,1.7148,mahalanobis,1.3109640287769784,1
4.png,fat,0,0,4026.0,-29.5,2.1393,mahalanobis,1.3109640287769784,1
4.png,fat,0,0,4015.0,69.0,1.6877,mahalanobis,1.3109640287769784,1
4.png,fat,56,0,4037.5,129.0,1.6076,mahalanobis,1.3109640287769784,1
4.png,fat,6.7,0,4036.5,182.5,1.6585,mahalanobis,1.3109640287769784,1
4.png,fat,0.12,0,4071.0,296.0,2.1497,mahalanobis,1.3109640287769784,1
4.png,saturated fats,0,0,283.0,49.5,1.5962,mahalanobis,1.3109640287769784,1
4.png,saturated fats,56,0,305.5,109.5,1.4141,mahalanobis,1.3109640287769784,1
4.png,saturated fats,6.7,0,304.5,163.0,1.4192,mahalanobis,1.3109640287769784,1
4.png,saturated fats,0.12,0,339.0,276.5,1.84,mahalanobis,1.3109640287769784,1
4.png,de las cuales dontacides waarvan heraf maettede davon gesattigte,0,0,2914.0,38.5,1.0902,mahalanobis,1.3109640287769784,0
4.png,de las cuales dontacides waarvan heraf maettede davon gesattigte,56,0,2936.5,98.5,0.786,mahalanobis,1.3109640287769784,0
4.png,de las cuales dontacides waarvan heraf maettede davon gesattigte,6.7,0,2935.5,152.0,0.7352,mahalanobis,1.3109640287769784,0
4.png,de las cuales dontacides waarvan heraf maettede davon gesattigte,0.12,0,2970.0,265.5,1.3573,mahalanobis,1.3109640287769784,1
4.png,saturated fats,0,0,278.5,-2.0,1.8482,mahalanobis,1.3109640287769784,1
4.png,saturated fats,56,0,301.0,58.0,1.5504,mahalanobis,1.3109640287769784,1
4.png,saturated fats,6.7,0,300.0,111.5,1.4159,mahalanobis,1.3109640287769784,1
4.png,saturated fats,0.12,0,334.5,225.0,1.5807,mahalanobis,1.3109640287769784,1
4.png,saturated fats,0,0,1562.5,-15.0,1.3531,mahalanobis,1.3109640287769784,1
4.png,saturated fats,56,0,1585.0,45.0,0.8597,mahalanobis,1.3109640287769784,0
4.png,saturated fats,6.7,0,1584.0,98.5,0.4837,mahalanobis,1.3109640287769784,0
4.png,saturated fats,0.12,0,1618.5,212.0,0.7509,mahalanobis,1.3109640287769784,0
4.png,saturated fats,0,0,2863.0,-19.0,1.487,mahalanobis,1.3109640287769784,1
4.png,saturated fats,56,0,2885.5,41.0,1.0588,mahalanobis,1.3109640287769784,0
4.png,saturated fats,6.7,0,2884.5,94.5,0.763,mahalanobis,1.3109640287769784,0
4.png,saturated fats,0.12,0,2919.0,208.0,0.9498,mahalanobis,1.3109640287769784,0
4.png,fettsauren,0,0,3932.5,-34.5,2.1135,mahalanobis,1.3109640287769784,1
4.png,fettsauren,56,0,3955.0,25.5,1.8079,mahalanobis,1.3109640287769784,1
4.png,fettsauren,6.7,0,3954.0,79.0,1.6136,mahalanobis,1.3109640287769784,1
4.png,fettsauren,0.12,0,3988.5,192.5,1.6454,mahalanobis,1.3109640287769784,1
4.png,carbohydrate,56,0,248.0,0.5,1.8535,mahalanobis,1.3109640287769784,1
4.png,carbohydrate,6.7,0,247.0,54.0,1.6046,mahalanobis,1.3109640287769784,1
4.png,carbohydrate,0.12,0,281.5,167.5,1.4446,mahalanobis,1.3109640287769784,1
4.png,carbohydrate,56,0,713.0,-2.0,1.5956,mahalanobis,1.3109640287769784,1
4.png,carbohydrate,6.7,0,712.0,51.5,1.2902,mahalanobis,1.3109640287769784,0
4.png,carbohydrate,0.12,0,746.5,165.0,1.0746,mahalanobis,1.3109640287769784,0
4.png,carbohydrate,56,0,2510.5,-16.5,1.3634,mahalanobis,1.3109640287769784,1
4.png,carbohydrate,6.7,0,2509.5,37.0,0.9267,mahalanobis,1.3109640287769784,0
4.png,carbohydrate,0.12,0,2544.0,150.5,0.4272,mahalanobis,1.3109640287769784,0
4.png,carbohydrate,56,0,2945.5,-17.0,1.5025,mahalanobis,1.3109640287769784,1
4.png,carbohydrate,6.7,0,2944.5,36.5,1.1193,mahalanobis,1.3109640287769784,0
4.png,carbohydrate,0.12,0,2979.0,150.0,0.7664,mahalanobis,1.3109640287769784,0
4.png,carbohydrate,56,0,3895.5,-34.0,2.0891,mahalanobis,1.3109640287769784,1
4.png,carbohydrate,6.7,0,3894.5,19.5,1.7949,mahalanobis,1.3109640287769784,1
4.png,carbohydrate,0.12,0,3929.0,133.0,1.5196,mahalanobis,1.3109640287769784,1
4.png,sugars,6.7,0,698.5,0.5,1.5875,mahalanobis,1.3109640287769784,1
4.png,sugars,0.12,0,733.0,114.0,1.0682,mahalanobis,1.3109640287769784,0
4.png,dos quais acucares joista sokeretta deloscualesazucares dont sucres waarvan suikers,6.7,0,2213.5,-4.0,1.2098,mahalanobis,1.3109640287769784,0
4.png,dos quais acucares joista sokeretta deloscualesazucares dont sucres waarvan suikers,0.12,0,2248.0,109.5,0.2747,mahalanobis,1.3109640287769784,0
4.png,sugars,0.12,0,3947.0,77.0,1.6135,mahalanobis,1.3109640287769784,1
4.png,protein,0.12,0,355.0,60.5,1.5019,mahalanobis,1.3109640287769784,1
4.png,proteines,0.12,0,792.0,60.0,1.1959,mahalanobis,1.3109640287769784,0
4.png,proteins,0.12,0,1623.5,54.0,0.776,mahalanobis,1.3109640287769784,0
4.png,protein,0.12,0,1195.0,54.0,0.9762,mahalanobis,1.3109640287769784,0
4.png,protein,0.12,0,2143.0,47.5,0.7601,mahalanobis,1.3109640287769784,0
4.png,proteines,0.12,0,2537.0,42.5,0.8931,mahalanobis,1.3109640287769784,0
4.png,protein,0.12,0,3043.0,34.5,1.185,mahalanobis,1.3109640287769784,0
4.png,protein,0.12,0,3530.5,25.5,1.5272,mahalanobis,1.3109640287769784,1
4.png,protein,0.12,0,4034.5,17.0,1.9012,mahalanobis,1.3109640287769784,1
4.png,salt,0.12,0,838.5,0.0,1.5164,mahalanobis,1.3109640287769784,1
4.png,salt,0.12,0,391.5,-2.0,1.7794,mahalanobis,1.3109640287769784,1
4.png,salt,0.12,0,1220.5,-4.5,1.3752,mahalanobis,1.3109640287769784,1
4.png,salt,0.12,0,1699.0,-6.5,1.2541,mahalanobis,1.3109640287769784,0
4.png,salt,0.12,0,2202.5,-10.5,1.2648,mahalanobis,1.3109640287769784,0
4.png,salt,0.12,0,2610.5,-17.0,1.392,mahalanobis,1.3109640287769784,1
6.png,vitamin c,28,0,1382.5,28.0,1.0813,mahalanobis,1.2701761904761906,0
6.png,vitamin c,56,0,1392.5,215.0,0.4727,mahalanobis,1.2701761904761906,0
6.png,vitamin c,70,0,1401.0,402.5,0.3326,mahalanobis,1.2701761904761906,0
6.png,vitamin c,9,0,1422.5,600.0,1.0574,mahalanobis,1.2701761904761906,0
6.png,vitamin c,200,0,1364.0,792.0,1.5265,mahalanobis,1.2701761904761906,1
6.png,vitamin c,1,0,1440.0,997.0,2.3686,mahalanobis,1.2701761904761906,1
6.png,magnesium,56,0,1306.5,31.0,1.6775,mahalanobis,1.2701761904761906,1
6.png,magnesium,70,0,1315.0,218.5,1.2312,mahalanobis,1.2701761904761906,0
6.png,magnesium,9,0,1336.5,416.0,0.8235,mahalanobis,1.2701761904761906,0
6.png,magnesium,200,0,1278.0,608.0,1.968,mahalanobis,1.2701761904761906,1
6.png,magnesium,1,0,1354.0,813.0,1.6385,mahalanobis,1.2701761904761906,1
6.png,potassium,70,0,1342.0,27.0,1.2911,mahalanobis,1.2701761904761906,1
6.png,potassium,9,0,1363.5,224.5,0.5423,mahalanobis,1.2701761904761906,0
6.png,potassium,200,0,1305.0,416.5,1.3354,mahalanobis,1.2701761904761906,1
6.png,potassium,1,0,1381.0,621.5,0.9172,mahalanobis,1.2701761904761906,0
6.png,calcium,9,0,1458.5,25.5,1.6479,mahalanobis,1.2701761904761906,1
6.png,calcium,200,0,1400.0,217.5,0.5159,mahalanobis,1.2701761904761906,0
6.png,calcium,1,0,1476.0,422.5,1.5473,mahalanobis,1.2701761904761906,1
6.png,sodium,200,0,1435.0,16.0,1.4045,mahalanobis,1.2701761904761906,1
6.png,sodium,1,0,1511.0,221.0,2.1533,mahalanobis,1.2701761904761906,1
6.png,green tea,1,0,1402.5,22.5,1.141,mahalanobis,1.2701761904761906,0
8.png,energy,2.2,0,782.0,178.0,1.1174,mahalanobis,1.3000318181818182,0
8.png,energy,3.7,0,1221.5,183.5,0.9097,mahalanobis,1.3000318181818182,0
8.png,energy,4.8,0,787.0,348.0,1.0232,mahalanobis,1.3000318181818182,0
8.png,energy,7.9,0,1222.5,359.0,0.8417,mahalanobis,1.3000318181818182,0
8.png,energy,21271,0,784.5,851.5,2.2522,mahalanobis,1.3000318181818182,1
8.png,energy,2823232,0,1218.0,851.5,2.1602,mahalanobis,1.3000318181818182,1
8.png,protein,2.2,0,845.5,2.0,1.3198,mahalanobis,1.3000318181818182,1
8.png,protein,3.7,0,1285.0,7.5,1.5066,mahalanobis,1.3000318181818182,1
8.png,protein,4.8,0,850.5,172.0,0.8727,mahalanobis,1.3000318181818182,0
8.png,protein,7.9,0,1286.0,183.0,1.1565,mahalanobis,1.3000318181818182,0
8.png,protein,21271,0,848.0,675.5,1.5628,mahalanobis,1.3000318181818182,1
8.png,protein,2823232,0,1281.5,675.5,1.7314,mahalanobis,1.3000318181818182,1
8.png,fat,4.8,0,938.0,4.5,1.1323,mahalanobis,1.3000318181818182,0
8.png,fat,7.9,0,1373.5,15.5,1.772,mahalanobis,1.3000318181818182,1
8.png,fat,21271,0,935.5,508.0,0.8539,mahalanobis,1.3000318181818182,0
8.png,fat,2823232,0,1369.0,508.0,1.6152,mahalanobis,1.3000318181818182,1
8.png,saturated fats,21271,0,663.0,342.5,1.5338,mahalanobis,1.3000318181818182,1
8.png,saturated fats,2823232,0,1096.5,342.5,0.3277,mahalanobis,1.3000318181818182,0
8.png,carbohydrate,21271,0,667.5,171.0,1.5761,mahalanobis,1.3000318181818182,1
8.png,carbohydrate,2823232,0,1101.0,171.0,0.5543,mahalanobis,1.3000318181818182,0
8.png,sugars,21271,0,814.0,8.0,1.3833,mahalanobis,1.3000318181818182,1
8.png,sugars,2823232,0,1247.5,8.0,1.3979,mahalanobis,1.3000318181818182,1
9.jpeg,vitamin czuachten,5,0,76.0,37.0,1.3241,mahalanobis,1.396125,0
9.jpeg,vitamin czuachten,30,0,77.0,49.5,1.6855,mahalanobis,1.396125,1
9.jpeg,zinc,5,0,117.5,1.0,1.2496,mahalanobis,1.396125,0
9.jpeg,zinc,30,0,118.5,13.5,0.9816,mahalanobis,1.396125,0
9.jpeg,vitamin c,30,0,105.5,1.0,0.9386,mahalanobis,1.396125,0
9.jpeg,vitamin czuachten,60,1,175.0,49.5,2.3597,euclidean,1.396125,1
9.jpeg,zinc,60,1,216.5,13.5,1.2764,euclidean,1.396125,0
9.jpeg,vitamin c,60,1,203.5,1.0,1.3535,euclidean,1.396125,0
12.png,energy,328,0,1061.4,-1.0,1.128,mahalanobis,1.3012796875,0
12.png,energy,77,0,1032.8,58.5,0.8449,mahalanobis,1.3012796875,0
12.png,energy,0.0,0,1089.5,129.0,0.6439,mahalanobis,1.3012796875,0
12.png,energy,0.0,0,1089.0,199.0,0.4243,mahalanobis,1.3012796875,0
12.png,energy,19,0,1095.5,376.0,0.733,mahalanobis,1.3012796875,0
12.png,energy,0.7,0,1090.0,502.0,1.2346,mahalanobis,1.3012796875,0
12.png,energy,0.0,0,1089.0,624.5,1.7722,mahalanobis,1.3012796875,1
12.png,energy,0.4,0,1089.5,692.0,2.0743,mahalanobis,1.3012796875,1
12.png,energy,77,0,1210.3,0.0,1.6762,mahalanobis,1.3012796875,1
12.png,energy,0.0,0,1267.0,70.5,1.8458,mahalanobis,1.3012796875,1
12.png,energy,0.0,0,1266.5,140.5,1.7301,mahalanobis,1.3012796875,1
12.png,energy,19,0,1273.0,317.5,1.7446,mahalanobis,1.3012796875,1
12.png,energy,0.7,0,1267.5,443.5,1.9031,mahalanobis,1.3012796875,1
12.png,energy,0.0,0,1266.5,566.0,2.2185,mahalanobis,1.3012796875,1
12.png,energy,0.4,0,1267.0,633.5,2.4351,mahalanobis,1.3012796875,1
12.png,fatten/ rasva / matiéres grasses / fett/ tlustcze / fett,0.0,0,916.0,1.5,1.4168,mahalanobis,1.3012796875,1
12.png,fatten/ rasva / matiéres grasses / fett/ tlustcze / fett,0.0,0,915.5,71.5,1.1883,mahalanobis,1.3012796875,0
12.png,fatten/ rasva / matiéres grasses / fett/ tlustcze / fett,19,0,922.0,248.5,0.8451,mahalanobis,1.3012796875,0
12.png,fatten/ rasva / matiéres grasses / fett/ tlustcze / fett,0.7,0,916.5,374.5,1.0661,mahalanobis,1.3012796875,0
12.png,fatten/ rasva / matiéres grasses / fett/ tlustcze / fett,0.0,0,915.5,497.0,1.4573,mahalanobis,1.3012796875,1
12.png,fatten/ rasva / matiéres grasses / fett/ tlustcze / fett,0.4,0,916.0,564.5,1.7088,mahalanobis,1.3012796875,1
12.png,carbohydrate,19,0,927.0,1.0,1.3699,mahalanobis,1.3012796875,1
12.png,carbohydrate,0.7,0,921.5,127.0,1.0016,mahalanobis,1.3012796875,0
12.png,carbohydrate,0.0,0,920.5,249.5,0.8561,mahalanobis,1.3012796875,0
12.png,carbohydrate,0.4,0,921.0,317.0,0.9148,mahalanobis,1.3012796875,0
12.png,waarvan sukers / josta sokereiden osuus / dont sucres,0.7,0,915.5,2.0,1.4174,mahalanobis,1.3012796875,1
12.png,waarvan sukers / josta sokereiden osuus / dont sucres,0.0,0,914.5,124.5,1.051,mahalanobis,1.3012796875,0
12.png,waarvan sukers / josta sokereiden osuus / dont sucres,0.4,0,915.0,192.0,0.9265,mahalanobis,1.3012796875,0
12.png,sugars,0.0,0,996.0,72.0,0.8402,mahalanobis,1.3012796875,0
12.png,sugars,0.4,0,996.5,139.5,0.5632,mahalanobis,1.3012796875,0
12.png,protein,0.0,0,915.5,2.0,1.4174,mahalanobis,1.3012796875,1
12.png,protein,0.4,0,916.0,69.5,1.1916,mahalanobis,1.3012796875,0
12.png,energy,547,1,791.0,0.0,1.119,mahalanobis,1.3012796875,0
12.png,energy,129,1,754.1,55.0,0.8651,mahalanobis,1.3012796875,0
12.png,energy,0.0,1,823.5,128.0,0.6568,mahalanobis,1.3012796875,0
12.png,energy,0.0,1,821.5,199.0,0.4301,mahalanobis,1.3012796875,0
12.png,energy,32,1,825.5,378.0,0.7364,mahalanobis,1.3012796875,0
12.png,energy,1.1,1,821.5,502.0,1.2365,mahalanobis,1.3012796875,0
12.png,energy,0.1,1,822.0,623.5,1.7718,mahalanobis,1.3012796875,1
12.png,energy,0.6,1,822.5,691.0,2.0735,mahalanobis,1.3012796875,1
12.png,energy,129,1,931.6,-3.5,1.6325,mahalanobis,1.3012796875,1
12.png,energy,0.0,1,1001.0,69.5,1.8676,mahalanobis,1.3012796875,1
12.png,energy,0.0,1,999.0,140.5,1.7411,mahalanobis,1.3012796875,1
12.png,energy,32,1,1003.0,319.5,1.7409,mahalanobis,1.3012796875,1
12.png,energy,1.1,1,999.0,443.5,1.9082,mahalanobis,1.3012796875,1
12.png,energy,0.1,1,999.5,565.0,2.2285,mahalanobis,1.3012796875,1
12.png,energy,0.6,1,1000.0,632.5,2.4438,mahalanobis,1.3012796875,1
12.png,fatten/ rasva / matiéres grasses / fett/ tlustcze / fett,0.0,1,650.0,0.5,1.4094,mahalanobis,1.3012796875,1
12.png,fatten/ rasva / matiéres grasses / fett/ tlustcze / fett,0.0,1,648.0,71.5,1.184,mahalanobis,1.3012796875,0
12.png,fatten/ rasva / matiéres grasses / fett/ tlustcze / fett,32,1,652.0,250.5,0.8599,mahalanobis,1.3012796875,0
12.png,fatten/ rasva / matiéres grasses / fett/ tlustcze / fett,1.1,1,648.0,374.5,1.0702,mahalanobis,1.3012796875,0
12.png,fatten/ rasva / matiéres grasses / fett/ tlustcze / fett,0.1,1,648.5,496.0,1.4506,mahalanobis,1.3012796875,1
12.png,fatten/ rasva / matiéres grasses / fett/ tlustcze / fett,0.6,1,649.0,563.5,1.7025,mahalanobis,1.3012796875,1
12.png,carbohydrate,32,1,657.0,3.0,1.3691,mahalanobis,1.3012796875,1
12.png,carbohydrate,1.1,1,653.0,127.0,1.0033,mahalanobis,1.3012796875,0
12.png,carbohydrate,0.1,1,653.5,248.5,0.8486,mahalanobis,1.3012796875,0
12.png,carbohydrate,0.6,1,654.0,316.0,0.9069,mahalanobis,1.3012796875,0
12.png,waarvan sukers / josta sokereiden osuus / dont sucres,1.1,1,647.0,2.0,1.4178,mahalanobis,1.3012796875,1
12.png,waarvan sukers / josta sokereiden osuus / dont sucres,0.1,1,647.5,123.5,1.0459,mahalanobis,1.3012796875,0
12.png,waarvan sukers / josta sokereiden osuus / dont sucres,0.6,1,648.0,191.0,0.92,mahalanobis,1.3012796875,0
12.png,sugars,0.1,1,729.0,71.0,0.839,mahalanobis,1.3012796875,0
12.png,sugars,0.6,1,729.5,138.5,0.5602,mahalanobis,1.3012796875,0
12.png,protein,0.1,1,648.5,1.0,1.4144,mahalanobis,1.3012796875,1
12.png,protein,0.6,1,649.0,68.5,1.1876,mahalanobis,1.3012796875,0
17.png,caffeine,100,0,1165.0,11.5,1.1689,mahalanobis,1.1783105263157894,0
17.png,caffeine,0.22,0,1163.5,444.0,0.9864,mahalanobis,1.1783105263157894,0
17.png,caffeine,0.38,0,1223.5,664.5,2.4227,mahalanobis,1.1783105263157894,1
17.png,niacin,0.22,0,1070.5,224.5,1.1712,mahalanobis,1.1783105263157894,0
17.png,niacin,0.38,0,1130.5,445.0,0.7783,mahalanobis,1.1783105263157894,0
17.png,vitamin b6,0.22,0,1069.0,5.5,1.5591,mahalanobis,1.1783105263157894,1
17.png,vitamin b6,0.38,0,1129.0,226.0,0.1191,mahalanobis,1.1783105263157894,0
17.png,vitamin b12,0.38,0,1101.0,2.5,1.17,mahalanobis,1.1783105263157894,0
17.png,caffeine,15,1,1929.5,219.0,1.1595,mahalanobis,1.1783105263157894,0
17.png,caffeine,15,1,1938.0,436.5,1.5757,mahalanobis,1.1783105263157894,1
17.png,caffeine,15,1,1943.5,654.5,2.2976,mahalanobis,1.1783105263157894,1
17.png,niacin,15,1,1836.5,-0.5,1.2824,mahalanobis,1.1783105263157894,1
17.png,niacin,15,1,1845.0,217.0,0.5803,mahalanobis,1.1783105263157894,0
17.png,niacin,15,1,1850.5,435.0,0.9567,mahalanobis,1.1783105263157894,0
17.png,vitamin b6,15,1,1843.5,-2.0,1.2106,mahalanobis,1.1783105263157894,1
17.png,vitamin b6,15,1,1849.0,216.0,0.501,mahalanobis,1.1783105263157894,0
17.png,vitamin b12,15,1,1821.0,-7.5,1.5102,mahalanobis,1.1783105263157894,1
17.png,caffeine,2.4,2,972.0,226.5,0.9691,euclidean,1.1783105263157894,0
17.png,niacin,2.4,2,879.0,7.0,0.9691,euclidean,1.1783105263157894,0
20.png,energy,<0.1,0,1824.5,-16.5,1.4333,mahalanobis,1.2738304492512478,1
20.png,energy,11.7,0,1825.0,47.0,1.2519,mahalanobis,1.2738304492512478,0
20.png,energy,<0.1,0,1822.0,109.5,1.091,mahalanobis,1.2738304492512478,0
20.png,energy,100,0,1807.5,177.0,0.9944,mahalanobis,1.2738304492512478,0
20.png,energy,58,0,1952.5,203.0,1.077,mahalanobis,1.2738304492512478,0
20.png,energy,100,0,1804.5,240.5,0.8745,mahalanobis,1.2738304492512478,0
20.png,energy,120,0,1803.0,305.5,0.7694,mahalanobis,1.2738304492512478,0
20.png,energy,45,0,1805.0,368.0,0.6732,mahalanobis,1.2738304492512478,0
20.png,energy,756,0,1949.5,388.5,0.8,mahalanobis,1.2738304492512478,0
20.png,energy,120,0,1803.0,432.0,0.6604,mahalanobis,1.2738304492512478,0
20.png,energy,120,0,1802.0,495.5,0.6926,mahalanobis,1.2738304492512478,0
20.png,energy,360,0,1948.5,510.5,0.8073,mahalanobis,1.2738304492512478,0
20.png,energy,33,0,1814.0,558.5,0.661,mahalanobis,1.2738304492512478,0
20.png,energy,37.5,0,1793.5,684.0,1.0572,mahalanobis,1.2738304492512478,0
20.png,energy,37.5,0,1794.0,744.5,1.1884,mahalanobis,1.2738304492512478,0
20.png,energy,16,0,1759.0,806.0,1.557,mahalanobis,1.2738304492512478,1
20.png,energy,22576,0,1950.5,820.0,1.3982,mahalanobis,1.2738304492512478,1
20.png,energy,10,0,1723.0,875.5,1.9582,mahalanobis,1.2738304492512478,1
20.png,energy,6,0,1802.5,928.0,1.6166,mahalanobis,1.2738304492512478,1
20.png,energy,1,0,1804.5,987.5,1.7736,mahalanobis,1.2738304492512478,1
20.png,energy,1256,0,1948.5,996.5,1.8499,mahalanobis,1.2738304492512478,1
20.png,energy,1.6,0,1797.0,1050.0,1.9753,mahalanobis,1.2738304492512478,1
20.png,energy,66706,0,1946.0,1059.5,2.0138,mahalanobis,1.2738304492512478,1
20.png,energy,200,0,1803.5,1110.0,2.1233,mahalanobis,1.2738304492512478,1
20.png,energy,1606,0,1946.0,1115.5,2.1706,mahalanobis,1.2738304492512478,1
20.png,energy,200,0,1803.5,1169.0,2.2924,mahalanobis,1.2738304492512478,1
20.png,energy,66706,0,1946.0,1179.0,2.3503,mahalanobis,1.2738304492512478,1
20.png,energy,1,0,1813.0,1231.0,2.4481,mahalanobis,1.2738304492512478,1
20.png,energy,153,0,1803.0,1288.5,2.6393,mahalanobis,1.2738304492512478,1
20.png,ewebb/protein,11.7,0,1895.0,-14.5,1.3781,mahalanobis,1.2738304492512478,1
20.png,ewebb/protein,<0.1,0,1892.0,48.0,1.1883,mahalanobis,1.2738304492512478,0
20.png,ewebb/protein,100,0,1877.5,115.5,0.9683,mahalanobis,1.2738304492512478,0
20.png,ewebb/protein,58,0,2022.5,141.5,1.7492,mahalanobis,1.2738304492512478,1
20.png,ewebb/protein,100,0,1874.5,179.0,0.7761,mahalanobis,1.2738304492512478,0
20.png,ewebb/protein,120,0,1873.0,244.0,0.5805,mahalanobis,1.2738304492512478,0
20.png,ewebb/protein,45,0,1875.0,306.5,0.3953,mahalanobis,1.2738304492512478,0
20.png,ewebb/protein,756,0,2019.5,327.0,1.5143,mahalanobis,1.2738304492512478,1
20.png,ewebb/protein,120,0,1873.0,370.5,0.2024,mahalanobis,1.2738304492512478,0
20.png,ewebb/protein,120,0,1872.0,434.0,0.0232,mahalanobis,1.2738304492512478,0
20.png,ewebb/protein,360,0,2018.5,449.0,1.4684,mahalanobis,1.2738304492512478,1
20.png,ewebb/protein,33,0,1884.0,497.0,0.2276,mahalanobis,1.2738304492512478,0
20.png,ewebb/protein,37.5,0,1863.5,622.5,0.5599,mahalanobis,1.2738304492512478,0
20.png,ewebb/protein,37.5,0,1864.0,683.0,0.7403,mahalanobis,1.2738304492512478,0
20.png,ewebb/protein,16,0,1829.0,744.5,1.007,mahalanobis,1.2738304492512478,0
20.png,ewebb/protein,22576,0,2020.5,758.5,1.773,mahalanobis,1.2738304492512478,1
20.png,ewebb/protein,10,0,1793.0,814.0,1.3622,mahalanobis,1.2738304492512478,1
20.png,ewebb/protein,6,0,1872.5,866.5,1.2891,mahalanobis,1.2738304492512478,1
20.png,ewebb/protein,1,0,1874.5,926.0,1.4681,mahalanobis,1.2738304492512478,1
20.png,ewebb/protein,1256,0,2018.5,935.0,2.0948,mahalanobis,1.2738304492512478,1
20.png,ewebb/protein,1.6,0,1867.0,988.5,1.6552,mahalanobis,1.2738304492512478,1
20.png,ewebb/protein,66706,0,2016.0,998.0,2.2174,mahalanobis,1.2738304492512478,1
20.png,ewebb/protein,200,0,1873.5,1048.5,1.8354,mahalanobis,1.2738304492512478,1
20.png,ewebb/protein,1606,0,2016.0,1054.0,2.3476,mahalanobis,1.2738304492512478,1
20.png,ewebb/protein,200,0,1873.5,1107.5,2.0125,mahalanobis,1.2738304492512478,1
20.png,ewebb/protein,66706,0,2016.0,1117.5,2.5007,mahalanobis,1.2738304492512478,1
20.png,ewebb/protein,1,0,1883.0,1169.5,2.2021,mahalanobis,1.2738304492512478,1
20.png,ewebb/protein,153,0,1873.0,1227.0,2.3711,mahalanobis,1.2738304492512478,1
20.png,carbohydrate,<0.1,0,1778.0,-25.0,1.6573,mahalanobis,1.2738304492512478,1
20.png,carbohydrate,100,0,1763.5,42.5,1.583,mahalanobis,1.2738304492512478,1
20.png,carbohydrate,58,0,1908.5,68.5,1.1704,mahalanobis,1.2738304492512478,0
20.png,carbohydrate,100,0,1760.5,106.0,1.4676,mahalanobis,1.2738304492512478,1
20.png,carbohydrate,120,0,1759.0,171.0,1.3551,mahalanobis,1.2738304492512478,1
20.png,carbohydrate,45,0,1761.0,233.5,1.2365,mahalanobis,1.2738304492512478,0
20.png,carbohydrate,756,0,1905.5,254.0,0.6527,mahalanobis,1.2738304492512478,0
20.png,carbohydrate,120,0,1759.0,297.5,1.1722,mahalanobis,1.2738304492512478,0
20.png,carbohydrate,120,0,1758.0,361.0,1.1279,mahalanobis,1.2738304492512478,0
20.png,carbohydrate,360,0,1904.5,376.0,0.3882,mahalanobis,1.2738304492512478,0
20.png,carbohydrate,33,0,1770.0,424.0,0.9868,mahalanobis,1.2738304492512478,0
20.png,carbohydrate,37.5,0,1749.5,549.5,1.2354,mahalanobis,1.2738304492512478,0
20.png,carbohydrate,37.5,0,1750.0,610.0,1.2923,mahalanobis,1.2738304492512478,1
20.png,carbohydrate,16,0,1715.0,671.5,1.6833,mahalanobis,1.2738304492512478,1
20.png,carbohydrate,22576,0,1906.5,685.5,0.8287,mahalanobis,1.2738304492512478,0
20.png,carbohydrate,10,0,1679.0,741.0,2.0938,mahalanobis,1.2738304492512478,1
20.png,carbohydrate,6,0,1758.5,793.5,1.5341,mahalanobis,1.2738304492512478,1
20.png,carbohydrate,1,0,1760.5,853.0,1.6506,mahalanobis,1.2738304492512478,1
20.png,carbohydrate,1256,0,1904.5,862.0,1.3204,mahalanobis,1.2738304492512478,1
20.png,carbohydrate,1.6,0,1753.0,915.5,1.8421,mahalanobis,1.2738304492512478,1
20.png,carbohydrate,66706,0,1902.0,925.0,1.4984,mahalanobis,1.2738304492512478,1
20.png,carbohydrate,200,0,1759.5,975.5,1.9491,mahalanobis,1.2738304492512478,1
20.png,carbohydrate,1606,0,1902.0,981.0,1.6631,mahalanobis,1.2738304492512478,1
20.png,carbohydrate,200,0,1759.5,1034.5,2.0982,mahalanobis,1.2738304492512478,1
20.png,carbohydrate,66706,0,1902.0,1044.5,1.8505,mahalanobis,1.2738304492512478,1
20.png,carbohydrate,1,0,1769.0,1096.5,2.2156,mahalanobis,1.2738304492512478,1
20.png,carbohydrate,153,0,1759.0,1154.0,2.4142,mahalanobis,1.2738304492512478,1
20.png,fatt/fat,100,0,1923.5,-12.0,1.4484,mahalanobis,1.2738304492512478,1
20.png,fatt/fat,58,0,2068.5,14.0,2.3369,mahalanobis,1.2738304492512478,1
20.png,fatt/fat,100,0,1920.5,51.5,1.2609,mahalanobis,1.2738304492512478,0
20.png,fatt/fat,120,0,1919.0,116.5,1.0778,mahalanobis,1.2738304492512478,0
20.png,fatt/fat,45,0,1921.0,179.0,0.9249,mahalanobis,1.2738304492512478,0
20.png,fatt/fat,756,0,2065.5,199.5,2.0595,mahalanobis,1.2738304492512478,1
20.png,fatt/fat,120,0,1919.0,243.0,0.7583,mahalanobis,1.2738304492512478,0
20.png,fatt/fat,120,0,1918.0,306.5,0.6163,mahalanobis,1.2738304492512478,0
20.png,fatt/fat,360,0,2064.5,321.5,1.9533,mahalanobis,1.2738304492512478,1
20.png,fatt/fat,33,0,1930.0,369.5,0.6277,mahalanobis,1.2738304492512478,0
20.png,fatt/fat,37.5,0,1909.5,495.0,0.4283,mahalanobis,1.2738304492512478,0
20.png,fatt/fat,37.5,0,1910.0,555.5,0.5324,mahalanobis,1.2738304492512478,0
20.png,fatt/fat,16,0,1875.0,617.0,0.5423,mahalanobis,1.2738304492512478,0
20.png,fatt/fat,22576,0,2066.5,631.0,2.0272,mahalanobis,1.2738304492512478,1
20.png,fatt/fat,10,0,1839.0,686.5,0.8081,mahalanobis,1.2738304492512478,0
20.png,fatt/fat,6,0,1918.5,739.0,1.0256,mahalanobis,1.2738304492512478,0
20.png,fatt/fat,1,0,1920.5,798.5,1.1944,mahalanobis,1.2738304492512478,0
20.png,fatt/fat,1256,0,2064.5,807.5,2.2205,mahalanobis,1.2738304492512478,1
20.png,fatt/fat,1.6,0,1913.0,861.0,1.3417,mahalanobis,1.2738304492512478,1
20.png,fatt/fat,66706,0,2062.0,870.5,2.3006,mahalanobis,1.2738304492512478,1
20.png,fatt/fat,200,0,1919.5,921.0,1.5329,mahalanobis,1.2738304492512478,1
20.png,fatt/fat,1606,0,2062.0,926.5,2.3996,mahalanobis,1.2738304492512478,1
20.png,fatt/fat,200,0,1919.5,980.0,1.7016,mahalanobis,1.2738304492512478,1
20.png,fatt/fat,66706,0,2062.0,990.0,2.5208,mahalanobis,1.2738304492512478,1
20.png,fatt/fat,1,0,1929.0,1042.0,1.9072,mahalanobis,1.2738304492512478,1
20.png,fatt/fat,153,0,1919.0,1099.5,2.0465,mahalanobis,1.2738304492512478,1
20.png,sodium,100,0,1852.0,-21.5,1.3878,mahalanobis,1.2738304492512478,1
20.png,sodium,120,0,1850.5,43.5,1.1968,mahalanobis,1.2738304492512478,0
20.png,sodium,45,0,1852.5,106.0,1.0085,mahalanobis,1.2738304492512478,0
20.png,sodium,756,0,1997.0,126.5,1.5639,mahalanobis,1.2738304492512478,1
20.png,sodium,120,0,1850.5,170.0,0.8242,mahalanobis,1.2738304492512478,0
20.png,sodium,120,0,1849.5,233.5,0.6434,mahalanobis,1.2738304492512478,0
20.png,sodium,360,0,1996.0,248.5,1.3683,mahalanobis,1.2738304492512478,1
20.png,sodium,33,0,1861.5,296.5,0.4301,mahalanobis,1.2738304492512478,0
20.png,sodium,37.5,0,1841.0,422.0,0.2885,mahalanobis,1.2738304492512478,0
20.png,sodium,37.5,0,1841.5,482.5,0.3114,mahalanobis,1.2738304492512478,0
20.png,sodium,16,0,1806.5,544.0,0.7031,mahalanobis,1.2738304492512478,0
20.png,sodium,22576,0,1998.0,558.0,1.3165,mahalanobis,1.2738304492512478,1
20.png,sodium,10,0,1770.5,613.5,1.1148,mahalanobis,1.2738304492512478,0
20.png,sodium,6,0,1850.0,666.0,0.7144,mahalanobis,1.2738304492512478,0
20.png,sodium,1,0,1852.0,725.5,0.8833,mahalanobis,1.2738304492512478,0
20.png,sodium,1256,0,1996.0,734.5,1.5325,mahalanobis,1.2738304492512478,1
20.png,sodium,1.6,0,1844.5,788.0,1.0825,mahalanobis,1.2738304492512478,0
20.png,sodium,66706,0,1993.5,797.5,1.6313,mahalanobis,1.2738304492512478,1
20.png,sodium,200,0,1851.0,848.0,1.2472,mahalanobis,1.2738304492512478,0
20.png,sodium,1606,0,1993.5,853.5,1.7472,mahalanobis,1.2738304492512478,1
20.png,sodium,200,0,1851.0,907.0,1.4226,mahalanobis,1.2738304492512478,1
20.png,sodium,66706,0,1993.5,917.0,1.8883,mahalanobis,1.2738304492512478,1
20.png,sodium,1,0,1860.5,969.0,1.5991,mahalanobis,1.2738304492512478,1
20.png,sodium,153,0,1850.5,1026.5,1.7793,mahalanobis,1.2738304492512478,1
20.png,potassium,120,0,1835.0,-26.0,1.4321,mahalanobis,1.2738304492512478,1
20.png,potassium,45,0,1837.0,36.5,1.2455,mahalanobis,1.2738304492512478,0
20.png,potassium,756,0,1981.5,57.0,1.5866,mahalanobis,1.2738304492512478,1
20.png,potassium,120,0,1835.0,100.5,1.0674,mahalanobis,1.2738304492512478,0
20.png,potassium,120,0,1834.0,164.0,0.893,mahalanobis,1.2738304492512478,0
20.png,potassium,360,0,1980.5,179.0,1.3395,mahalanobis,1.2738304492512478,1
20.png,potassium,33,0,1846.0,227.0,0.6732,mahalanobis,1.2738304492512478,0
20.png,potassium,37.5,0,1825.5,352.5,0.5063,mahalanobis,1.2738304492512478,0
20.png,potassium,37.5,0,1826.0,413.0,0.4391,mahalanobis,1.2738304492512478,0
20.png,potassium,16,0,1791.0,474.5,0.7867,mahalanobis,1.2738304492512478,0
20.png,potassium,22576,0,1982.5,488.5,1.1231,mahalanobis,1.2738304492512478,0
20.png,potassium,10,0,1755.0,544.0,1.1787,mahalanobis,1.2738304492512478,0
20.png,potassium,6,0,1834.5,596.5,0.5922,mahalanobis,1.2738304492512478,0
20.png,potassium,1,0,1836.5,656.0,0.7349,mahalanobis,1.2738304492512478,0
20.png,potassium,1256,0,1980.5,665.0,1.2891,mahalanobis,1.2738304492512478,1
20.png,potassium,1.6,0,1829.0,718.5,0.936,mahalanobis,1.2738304492512478,0
20.png,potassium,66706,0,1978.0,728.0,1.3794,mahalanobis,1.2738304492512478,1
20.png,potassium,200,0,1835.5,778.5,1.0794,mahalanobis,1.2738304492512478,0
20.png,potassium,1606,0,1978.0,784.0,1.4915,mahalanobis,1.2738304492512478,1
20.png,potassium,200,0,1835.5,837.5,1.2487,mahalanobis,1.2738304492512478,0
20.png,potassium,66706,0,1978.0,847.5,1.6303,mahalanobis,1.2738304492512478,1
20.png,potassium,1,0,1845.0,899.5,1.4094,mahalanobis,1.2738304492512478,1
20.png,potassium,153,0,1835.0,957.0,1.5979,mahalanobis,1.2738304492512478,1
20.png,calcium,45,0,1910.5,-20.0,1.4296,mahalanobis,1.2738304492512478,1
20.png,calcium,756,0,2055.0,0.5,2.2495,mahalanobis,1.2738304492512478,1
20.png,calcium,120,0,1908.5,44.0,1.2402,mahalanobis,1.2738304492512478,0
20.png,calcium,120,0,1907.5,107.5,1.0569,mahalanobis,1.2738304492512478,0
20.png,calcium,360,0,2054.0,122.5,2.0491,mahalanobis,1.2738304492512478,1
20.png,calcium,33,0,1919.5,170.5,0.9385,mahalanobis,1.2738304492512478,0
20.png,calcium,37.5,0,1899.0,296.0,0.5121,mahalanobis,1.2738304492512478,0
20.png,calcium,37.5,0,1899.5,356.5,0.3798,mahalanobis,1.2738304492512478,0
20.png,calcium,16,0,1864.5,418.0,0.078,mahalanobis,1.2738304492512478,0
20.png,calcium,22576,0,2056.0,432.0,1.8383,mahalanobis,1.2738304492512478,1
20.png,calcium,10,0,1828.5,487.5,0.4355,mahalanobis,1.2738304492512478,0
20.png,calcium,6,0,1908.0,540.0,0.4871,mahalanobis,1.2738304492512478,0
20.png,calcium,1,0,1910.0,599.5,0.6283,mahalanobis,1.2738304492512478,0
20.png,calcium,1256,0,2054.0,608.5,1.8898,mahalanobis,1.2738304492512478,1
20.png,calcium,1.6,0,1902.5,662.0,0.748,mahalanobis,1.2738304492512478,0
20.png,calcium,66706,0,2051.5,671.5,1.9268,mahalanobis,1.2738304492512478,1
20.png,calcium,200,0,1909.0,722.0,0.9384,mahalanobis,1.2738304492512478,0
20.png,calcium,1606,0,2051.5,727.5,1.9943,mahalanobis,1.2738304492512478,1
20.png,calcium,200,0,1909.0,781.0,1.1022,mahalanobis,1.2738304492512478,0
20.png,calcium,66706,0,2051.5,791.0,2.0847,mahalanobis,1.2738304492512478,1
20.png,calcium,1,0,1918.5,843.0,1.3096,mahalanobis,1.2738304492512478,1
20.png,calcium,153,0,1908.5,900.5,1.4423,mahalanobis,1.2738304492512478,1
20.png,magnesium,120,0,1878.5,-25.5,1.3912,mahalanobis,1.2738304492512478,1
20.png,magnesium,120,0,1877.5,38.0,1.2004,mahalanobis,1.2738304492512478,0
20.png,magnesium,360,0,2024.0,53.0,1.9096,mahalanobis,1.2738304492512478,1
20.png,magnesium,33,0,1889.5,101.0,1.0274,mahalanobis,1.2738304492512478,0
20.png,magnesium,37.5,0,1869.0,226.5,0.6322,mahalanobis,1.2738304492512478,0
20.png,magnesium,37.5,0,1869.5,287.0,0.4506,mahalanobis,1.2738304492512478,0
20.png,magnesium,16,0,1834.5,348.5,0.4389,mahalanobis,1.2738304492512478,0
20.png,magnesium,22576,0,2026.0,362.5,1.5582,mahalanobis,1.2738304492512478,1
20.png,magnesium,10,0,1798.5,418.0,0.707,mahalanobis,1.2738304492512478,0
20.png,magnesium,6,0,1878.0,470.5,0.1285,mahalanobis,1.2738304492512478,0
20.png,magnesium,1,0,1880.0,530.0,0.2962,mahalanobis,1.2738304492512478,0
20.png,magnesium,1256,0,2024.0,539.0,1.5526,mahalanobis,1.2738304492512478,1
20.png,magnesium,1.6,0,1872.5,592.5,0.4671,mahalanobis,1.2738304492512478,0
20.png,magnesium,66706,0,2021.5,602.0,1.5772,mahalanobis,1.2738304492512478,1
20.png,magnesium,200,0,1879.0,652.5,0.6527,mahalanobis,1.2738304492512478,0
20.png,magnesium,1606,0,2021.5,658.0,1.6377,mahalanobis,1.2738304492512478,1
20.png,magnesium,200,0,1879.0,711.5,0.8285,mahalanobis,1.2738304492512478,0
20.png,magnesium,66706,0,2021.5,721.5,1.7237,mahalanobis,1.2738304492512478,1
20.png,magnesium,1,0,1888.5,773.5,1.0263,mahalanobis,1.2738304492512478,0
20.png,magnesium,153,0,1878.5,831.0,1.1853,mahalanobis,1.2738304492512478,0
20.png,chloride,120,0,1838.5,-29.5,1.4344,mahalanobis,1.2738304492512478,1
20.png,chloride,360,0,1985.0,-14.5,1.7693,mahalanobis,1.2738304492512478,1
20.png,chloride,33,0,1850.5,33.5,1.2265,mahalanobis,1.2738304492512478,0
20.png,chloride,37.5,0,1830.0,159.0,0.9229,mahalanobis,1.2738304492512478,0
20.png,chloride,37.5,0,1830.5,219.5,0.7601,mahalanobis,1.2738304492512478,0
20.png,chloride,16,0,1795.5,281.0,0.871,mahalanobis,1.2738304492512478,0
20.png,chloride,22576,0,1987.0,295.0,1.233,mahalanobis,1.2738304492512478,0
20.png,chloride,10,0,1759.5,350.5,1.1203,mahalanobis,1.2738304492512478,0
20.png,chloride,6,0,1839.0,403.0,0.3214,mahalanobis,1.2738304492512478,0
20.png,chloride,1,0,1841.0,462.5,0.2949,mahalanobis,1.2738304492512478,0
20.png,chloride,1256,0,1985.0,471.5,1.1418,mahalanobis,1.2738304492512478,0
20.png,chloride,1.6,0,1833.5,525.0,0.4455,mahalanobis,1.2738304492512478,0
20.png,chloride,66706,0,1982.5,534.5,1.1502,mahalanobis,1.2738304492512478,0
20.png,chloride,200,0,1840.0,585.0,0.5328,mahalanobis,1.2738304492512478,0
20.png,chloride,1606,0,1982.5,590.5,1.2039,mahalanobis,1.2738304492512478,0
20.png,chloride,200,0,1840.0,644.0,0.6874,mahalanobis,1.2738304492512478,0
20.png,chloride,66706,0,1982.5,654.0,1.2889,mahalanobis,1.2738304492512478,1
20.png,chloride,1,0,1849.5,706.0,0.8317,mahalanobis,1.2738304492512478,0
20.png,chloride,153,0,1839.5,763.5,1.0245,mahalanobis,1.2738304492512478,0
20.png,phosphorus,33,0,1806.5,-37.0,1.5545,mahalanobis,1.2738304492512478,1
20.png,phosphorus,37.5,0,1786.0,88.5,1.3344,mahalanobis,1.2738304492512478,1
20.png,phosphorus,37.5,0,1786.5,149.0,1.1939,mahalanobis,1.2738304492512478,0
20.png,phosphorus,16,0,1751.5,210.5,1.3523,mahalanobis,1.2738304492512478,1
20.png,phosphorus,22576,0,1943.0,224.5,0.9639,mahalanobis,1.2738304492512478,0
20.png,phosphorus,10,0,1715.5,280.0,1.5956,mahalanobis,1.2738304492512478,1
20.png,phosphorus,6,0,1795.0,332.5,0.8031,mahalanobis,1.2738304492512478,0
20.png,phosphorus,1,0,1797.0,392.0,0.7321,mahalanobis,1.2738304492512478,0
20.png,phosphorus,1256,0,1941.0,401.0,0.7109,mahalanobis,1.2738304492512478,0
20.png,phosphorus,1.6,0,1789.5,454.5,0.7952,mahalanobis,1.2738304492512478,0
20.png,phosphorus,66706,0,1938.5,464.0,0.6827,mahalanobis,1.2738304492512478,0
20.png,phosphorus,200,0,1796.0,514.5,0.7654,mahalanobis,1.2738304492512478,0
20.png,phosphorus,1606,0,1938.5,520.0,0.7221,mahalanobis,1.2738304492512478,0
20.png,phosphorus,200,0,1796.0,573.5,0.8363,mahalanobis,1.2738304492512478,0
20.png,phosphorus,66706,0,1938.5,583.5,0.8078,mahalanobis,1.2738304492512478,0
20.png,phosphorus,1,0,1805.5,635.5,0.8709,mahalanobis,1.2738304492512478,0
20.png,phosphorus,153,0,1795.5,693.0,1.0625,mahalanobis,1.2738304492512478,0
20.png,selenium,37.5,0,1829.0,28.0,1.2926,mahalanobis,1.2738304492512478,1
20.png,selenium,37.5,0,1829.5,88.5,1.1197,mahalanobis,1.2738304492512478,0
20.png,selenium,16,0,1794.5,150.0,1.1386,mahalanobis,1.2738304492512478,0
20.png,selenium,22576,0,1986.0,164.0,1.4098,mahalanobis,1.2738304492512478,1
20.png,selenium,10,0,1758.5,219.5,1.279,mahalanobis,1.2738304492512478,1
20.png,selenium,6,0,1838.0,272.0,0.587,mahalanobis,1.2738304492512478,0
20.png,selenium,1,0,1840.0,331.5,0.4329,mahalanobis,1.2738304492512478,0
20.png,selenium,1256,0,1984.0,340.5,1.1639,mahalanobis,1.2738304492512478,0
20.png,selenium,1.6,0,1832.5,394.0,0.3909,mahalanobis,1.2738304492512478,0
20.png,selenium,66706,0,1981.5,403.5,1.1071,mahalanobis,1.2738304492512478,0
20.png,selenium,200,0,1839.0,454.0,0.3089,mahalanobis,1.2738304492512478,0
20.png,selenium,1606,0,1981.5,459.5,1.1046,mahalanobis,1.2738304492512478,0
20.png,selenium,200,0,1839.0,513.0,0.3804,mahalanobis,1.2738304492512478,0
20.png,selenium,66706,0,1981.5,523.0,1.1323,mahalanobis,1.2738304492512478,0
20.png,selenium,1,0,1848.5,575.0,0.4645,mahalanobis,1.2738304492512478,0
20.png,selenium,153,0,1838.5,632.5,0.6631,mahalanobis,1.2738304492512478,0
20.png,caffeine,37.5,0,1672.5,12.0,2.3295,mahalanobis,1.2738304492512478,1
20.png,caffeine,16,0,1637.5,73.5,2.5409,mahalanobis,1.2738304492512478,1
20.png,caffeine,22576,0,1829.0,87.5,1.1243,mahalanobis,1.2738304492512478,0
20.png,caffeine,10,0,1601.5,143.0,2.7932,mahalanobis,1.2738304492512478,1
20.png,caffeine,6,0,1681.0,195.5,2.001,mahalanobis,1.2738304492512478,1
20.png,caffeine,1,0,1683.0,255.0,1.9245,mahalanobis,1.2738304492512478,1
20.png,caffeine,1256,0,1827.0,264.0,0.6701,mahalanobis,1.2738304492512478,0
20.png,caffeine,1.6,0,1675.5,317.5,1.9526,mahalanobis,1.2738304492512478,1
20.png,caffeine,66706,0,1824.5,327.0,0.5566,mahalanobis,1.2738304492512478,0
20.png,caffeine,200,0,1682.0,377.5,1.8637,mahalanobis,1.2738304492512478,1
20.png,caffeine,1606,0,1824.5,383.0,0.4764,mahalanobis,1.2738304492512478,0
20.png,caffeine,200,0,1682.0,436.5,1.8551,mahalanobis,1.2738304492512478,1
20.png,caffeine,66706,0,1824.5,446.5,0.4487,mahalanobis,1.2738304492512478,0
20.png,caffeine,1,0,1691.5,498.5,1.7709,mahalanobis,1.2738304492512478,1
20.png,caffeine,153,0,1681.5,556.0,1.8939,mahalanobis,1.2738304492512478,1
20.png,caffeine (from guarana extract powder,16,0,1603.0,6.0,2.9358,mahalanobis,1.2738304492512478,1
20.png,caffeine (from guarana extract powder,22576,0,1794.5,20.0,1.4564,mahalanobis,1.2738304492512478,1
20.png,caffeine (from guarana extract powder,10,0,1567.0,75.5,3.1816,mahalanobis,1.2738304492512478,1
20.png,caffeine (from guarana extract powder,6,0,1646.5,128.0,2.3929,mahalanobis,1.2738304492512478,1
20.png,caffeine (from guarana extract powder,1,0,1648.5,187.5,2.3107,mahalanobis,1.2738304492512478,1
20.png,caffeine (from guarana extract powder,1256,0,1792.5,196.5,1.0512,mahalanobis,1.2738304492512478,0
20.png,caffeine (from guarana extract powder,1.6,0,1641.0,250.0,2.3287,mahalanobis,1.2738304492512478,1
20.png,caffeine (from guarana extract powder,66706,0,1790.0,259.5,0.9519,mahalanobis,1.2738304492512478,0
20.png,caffeine (from guarana extract powder,200,0,1647.5,310.0,2.2287,mahalanobis,1.2738304492512478,1
20.png,caffeine (from guarana extract powder,1606,0,1790.0,315.5,0.869,mahalanobis,1.2738304492512478,0
20.png,caffeine (from guarana extract powder,200,0,1647.5,369.0,2.2053,mahalanobis,1.2738304492512478,1
20.png,caffeine (from guarana extract powder,66706,0,1790.0,379.0,0.8076,mahalanobis,1.2738304492512478,0
20.png,caffeine (from guarana extract powder,1,0,1657.0,431.0,2.102,mahalanobis,1.2738304492512478,1
20.png,caffeine (from guarana extract powder,153,0,1647.0,488.5,2.2061,mahalanobis,1.2738304492512478,1
20.png,vitamin c,16,0,1829.5,-36.5,1.4764,mahalanobis,1.2738304492512478,1
20.png,vitamin c,22576,0,2021.0,-22.5,2.0325,mahalanobis,1.2738304492512478,1
20.png,vitamin c,10,0,1793.5,33.0,1.4282,mahalanobis,1.2738304492512478,1
20.png,vitamin c,6,0,1873.0,85.5,1.0559,mahalanobis,1.2738304492512478,0
20.png,vitamin c,1,0,1875.0,145.0,0.8783,mahalanobis,1.2738304492512478,0
20.png,vitamin c,1256,0,2019.0,154.0,1.7004,mahalanobis,1.2738304492512478,1
20.png,vitamin c,1.6,0,1867.5,207.5,0.6896,mahalanobis,1.2738304492512478,0
20.png,vitamin c,66706,0,2016.5,217.0,1.5918,mahalanobis,1.2738304492512478,1
20.png,vitamin c,200,0,1874.0,267.5,0.5108,mahalanobis,1.2738304492512478,0
20.png,vitamin c,1606,0,2016.5,273.0,1.5297,mahalanobis,1.2738304492512478,1
20.png,vitamin c,200,0,1874.0,326.5,0.3346,mahalanobis,1.2738304492512478,0
20.png,vitamin c,66706,0,2016.5,336.5,1.4793,mahalanobis,1.2738304492512478,1
20.png,vitamin c,1,0,1883.5,388.5,0.1987,mahalanobis,1.2738304492512478,0
20.png,vitamin c,153,0,1873.5,446.0,0.0448,mahalanobis,1.2738304492512478,0
20.png,niacin,10,0,1815.5,-28.5,1.4971,mahalanobis,1.2738304492512478,1
20.png,niacin,6,0,1895.0,24.0,1.2646,mahalanobis,1.2738304492512478,0
20.png,niacin,1,0,1897.0,83.5,1.0947,mahalanobis,1.2738304492512478,0
20.png,niacin,1256,0,2041.0,92.5,1.9815,mahalanobis,1.2738304492512478,1
20.png,niacin,1.6,0,1889.5,146.0,0.8951,mahalanobis,1.2738304492512478,0
20.png,niacin,66706,0,2038.5,155.5,1.8677,mahalanobis,1.2738304492512478,1
20.png,niacin,200,0,1896.0,206.0,0.7402,mahalanobis,1.2738304492512478,0
20.png,niacin,1606,0,2038.5,211.5,1.7978,mahalanobis,1.2738304492512478,1
20.png,niacin,200,0,1896.0,265.0,0.5776,mahalanobis,1.2738304492512478,0
20.png,niacin,66706,0,2038.5,275.0,1.7351,mahalanobis,1.2738304492512478,1
20.png,niacin,1,0,1905.5,327.0,0.4829,mahalanobis,1.2738304492512478,0
20.png,niacin,153,0,1895.5,384.5,0.2985,mahalanobis,1.2738304492512478,0
20.png,vitamin e,6,0,1867.0,-40.5,1.4339,mahalanobis,1.2738304492512478,1
20.png,vitamin e,1,0,1869.0,19.0,1.255,mahalanobis,1.2738304492512478,0
20.png,vitamin e,1256,0,2013.0,28.0,1.8725,mahalanobis,1.2738304492512478,1
20.png,vitamin e,1.6,0,1861.5,81.5,1.0706,mahalanobis,1.2738304492512478,0
20.png,vitamin e,66706,0,2010.5,91.0,1.7345,mahalanobis,1.2738304492512478,1
20.png,vitamin e,200,0,1868.0,141.5,0.8875,mahalanobis,1.2738304492512478,0
20.png,vitamin e,1606,0,2010.5,147.0,1.6393,mahalanobis,1.2738304492512478,1
20.png,vitamin e,200,0,1868.0,200.5,0.7105,mahalanobis,1.2738304492512478,0
20.png,vitamin e,66706,0,2010.5,210.5,1.5465,mahalanobis,1.2738304492512478,1
20.png,vitamin e,1,0,1877.5,262.5,0.5295,mahalanobis,1.2738304492512478,0
20.png,vitamin e,153,0,1867.5,320.0,0.3523,mahalanobis,1.2738304492512478,0
20.png,pantothenic acid,1.6,0,1678.5,-0.5,2.3013,mahalanobis,1.2738304492512478,1
20.png,pantothenic acid,66706,0,1827.5,9.0,1.3514,mahalanobis,1.2738304492512478,1
20.png,pantothenic acid,200,0,1685.0,59.5,2.1487,mahalanobis,1.2738304492512478,1
20.png,pantothenic acid,1606,0,1827.5,65.0,1.1927,mahalanobis,1.2738304492512478,0
20.png,pantothenic acid,200,0,1685.0,118.5,2.0608,mahalanobis,1.2738304492512478,1
20.png,pantothenic acid,66706,0,1827.5,128.5,1.0164,mahalanobis,1.2738304492512478,0
20.png,pantothenic acid,1,0,1694.5,180.5,1.8952,mahalanobis,1.2738304492512478,1
20.png,pantothenic acid,153,0,1684.5,238.0,1.9255,mahalanobis,1.2738304492512478,1
20.png,vitamin b6,66706,0,1995.5,-36.5,1.8869,mahalanobis,1.2738304492512478,1
20.png,vitamin b6,200,0,1853.0,14.0,1.2809,mahalanobis,1.2738304492512478,1
20.png,vitamin b6,1606,0,1995.5,19.5,1.7638,mahalanobis,1.2738304492512478,1
20.png,vitamin b6,200,0,1853.0,73.0,1.1055,mahalanobis,1.2738304492512478,0
20.png,vitamin b6,66706,0,1995.5,83.0,1.6338,mahalanobis,1.2738304492512478,1
20.png,vitamin b6,1,0,1862.5,135.0,0.9097,mahalanobis,1.2738304492512478,0
20.png,vitamin b6,153,0,1852.5,192.5,0.754,mahalanobis,1.2738304492512478,0
20.png,vitamin b1,200,0,1852.5,10.5,1.2919,mahalanobis,1.2738304492512478,1
20.png,vitamin b1,66706,0,1995.0,20.5,1.7582,mahalanobis,1.2738304492512478,1
20.png,vitamin b1,1,0,1862.0,72.5,1.0972,mahalanobis,1.2738304492512478,0
20.png,vitamin b1,153,0,1852.0,130.0,0.9385,mahalanobis,1.2738304492512478,0
20.png,vitamin b1,1,0,1860.5,11.0,1.2824,mahalanobis,1.2738304492512478,1
20.png,vitamin b1,153,0,1850.5,68.5,1.1228,mahalanobis,1.2738304492512478,0
20.png,folic acid,153,0,1789.5,-1.5,1.5372,mahalanobis,1.2738304492512478,1
20.png,energy,<0.1,1,796.5,85.0,1.1027,mahalanobis,1.2738304492512478,0
20.png,energy,78.1,1,803.5,151.0,0.9069,mahalanobis,1.2738304492512478,0
20.png,energy,<0.5,1,799.5,219.5,0.7526,mahalanobis,1.2738304492512478,0
20.png,energy,667,1,775.0,288.0,0.8149,mahalanobis,1.2738304492512478,0
20.png,energy,667,1,777.5,355.0,0.6859,mahalanobis,1.2738304492512478,0
20.png,energy,800,1,777.5,420.0,0.6205,mahalanobis,1.2738304492512478,0
20.png,energy,300,1,780.5,487.0,0.5574,mahalanobis,1.2738304492512478,0
20.png,energy,667,1,779.5,553.5,0.6029,mahalanobis,1.2738304492512478,0
20.png,energy,800,1,783.5,621.0,0.6357,mahalanobis,1.2738304492512478,0
20.png,energy,200,1,801.0,686.0,0.6084,mahalanobis,1.2738304492512478,0
20.png,energy,250,1,787.0,812.5,0.9967,mahalanobis,1.2738304492512478,0
20.png,energy,800,1,790.0,880.0,1.1419,mahalanobis,1.2738304492512478,0
20.png,energy,240,1,734.0,945.0,1.7254,mahalanobis,1.2738304492512478,1
20.png,energy,40,1,802.5,1072.5,1.591,mahalanobis,1.2738304492512478,1
20.png,energy,13.3,1,791.5,1137.0,1.7887,mahalanobis,1.2738304492512478,1
20.png,energy,10.7,1,792.5,1199.0,1.9466,mahalanobis,1.2738304492512478,1
20.png,energy,9.3,1,800.5,1263.5,2.097,mahalanobis,1.2738304492512478,1
20.png,energy,1333,1,806.5,1326.0,2.2528,mahalanobis,1.2738304492512478,1
20.png,energy,6.7,1,820.0,1389.0,2.4118,mahalanobis,1.2738304492512478,1
20.png,energy,1000,1,810.0,1451.0,2.5805,mahalanobis,1.2738304492512478,1
20.png,ewebb/protein,<0.1,1,866.5,23.5,1.3751,mahalanobis,1.2738304492512478,1
20.png,ewebb/protein,78.1,1,873.5,89.5,1.2775,mahalanobis,1.2738304492512478,1
20.png,ewebb/protein,<0.5,1,869.5,158.0,1.0986,mahalanobis,1.2738304492512478,0
20.png,ewebb/protein,667,1,845.0,226.5,0.7582,mahalanobis,1.2738304492512478,0
20.png,ewebb/protein,667,1,847.5,293.5,0.6257,mahalanobis,1.2738304492512478,0
20.png,ewebb/protein,800,1,847.5,358.5,0.4995,mahalanobis,1.2738304492512478,0
20.png,ewebb/protein,300,1,850.5,425.5,0.4463,mahalanobis,1.2738304492512478,0
20.png,ewebb/protein,667,1,849.5,492.0,0.4086,mahalanobis,1.2738304492512478,0
20.png,ewebb/protein,800,1,853.5,559.5,0.5084,mahalanobis,1.2738304492512478,0
20.png,ewebb/protein,200,1,871.0,624.5,0.8044,mahalanobis,1.2738304492512478,0
20.png,ewebb/protein,250,1,857.0,751.0,0.8817,mahalanobis,1.2738304492512478,0
20.png,ewebb/protein,800,1,860.0,818.5,1.0543,mahalanobis,1.2738304492512478,0
20.png,ewebb/protein,240,1,804.0,883.5,1.0936,mahalanobis,1.2738304492512478,0
20.png,ewebb/protein,40,1,872.5,1011.0,1.5856,mahalanobis,1.2738304492512478,1
20.png,ewebb/protein,13.3,1,861.5,1075.5,1.6808,mahalanobis,1.2738304492512478,1
20.png,ewebb/protein,10.7,1,862.5,1137.5,1.8408,mahalanobis,1.2738304492512478,1
20.png,ewebb/protein,9.3,1,870.5,1202.0,2.0395,mahalanobis,1.2738304492512478,1
20.png,ewebb/protein,1333,1,876.5,1264.5,2.2243,mahalanobis,1.2738304492512478,1
20.png,ewebb/protein,6.7,1,890.0,1327.5,2.4503,mahalanobis,1.2738304492512478,1
20.png,ewebb/protein,1000,1,880.0,1389.5,2.5532,mahalanobis,1.2738304492512478,1
20.png,carbohydrate,78.1,1,759.5,16.5,1.498,mahalanobis,1.2738304492512478,1
20.png,carbohydrate,<0.5,1,755.5,85.0,1.3881,mahalanobis,1.2738304492512478,1
20.png,carbohydrate,667,1,731.0,153.5,1.5218,mahalanobis,1.2738304492512478,1
20.png,carbohydrate,667,1,733.5,220.5,1.3972,mahalanobis,1.2738304492512478,1
20.png,carbohydrate,800,1,733.5,285.5,1.3204,mahalanobis,1.2738304492512478,1
20.png,carbohydrate,300,1,736.5,352.5,1.2208,mahalanobis,1.2738304492512478,0
20.png,carbohydrate,667,1,735.5,419.0,1.1976,mahalanobis,1.2738304492512478,0
20.png,carbohydrate,800,1,739.5,486.5,1.1304,mahalanobis,1.2738304492512478,0
20.png,carbohydrate,200,1,757.0,551.5,0.9054,mahalanobis,1.2738304492512478,0
20.png,carbohydrate,250,1,743.0,678.0,1.2015,mahalanobis,1.2738304492512478,0
20.png,carbohydrate,800,1,746.0,745.5,1.2548,mahalanobis,1.2738304492512478,0
20.png,carbohydrate,240,1,690.0,810.5,2.0218,mahalanobis,1.2738304492512478,1
20.png,carbohydrate,40,1,758.5,938.0,1.4906,mahalanobis,1.2738304492512478,1
20.png,carbohydrate,13.3,1,747.5,1002.5,1.7195,mahalanobis,1.2738304492512478,1
20.png,carbohydrate,10.7,1,748.5,1064.5,1.8471,mahalanobis,1.2738304492512478,1
20.png,carbohydrate,9.3,1,756.5,1129.0,1.9391,mahalanobis,1.2738304492512478,1
20.png,carbohydrate,1333,1,762.5,1191.5,2.0533,mahalanobis,1.2738304492512478,1
20.png,carbohydrate,6.7,1,776.0,1254.5,2.1462,mahalanobis,1.2738304492512478,1
20.png,carbohydrate,1000,1,766.0,1316.5,2.3458,mahalanobis,1.2738304492512478,1
20.png,fatt/fat,78.1,1,919.5,-38.0,1.9544,mahalanobis,1.2738304492512478,1
20.png,fatt/fat,<0.5,1,915.5,30.5,1.7887,mahalanobis,1.2738304492512478,1
20.png,fatt/fat,667,1,891.0,99.0,1.4155,mahalanobis,1.2738304492512478,1
20.png,fatt/fat,667,1,893.5,166.0,1.3209,mahalanobis,1.2738304492512478,1
20.png,fatt/fat,800,1,893.5,231.0,1.219,mahalanobis,1.2738304492512478,0
20.png,fatt/fat,300,1,896.5,298.0,1.1701,mahalanobis,1.2738304492512478,0
20.png,fatt/fat,667,1,895.5,364.5,1.0951,mahalanobis,1.2738304492512478,0
20.png,fatt/fat,800,1,899.5,432.0,1.1141,mahalanobis,1.2738304492512478,0
20.png,fatt/fat,200,1,917.0,497.0,1.3519,mahalanobis,1.2738304492512478,1
20.png,fatt/fat,250,1,903.0,623.5,1.216,mahalanobis,1.2738304492512478,0
20.png,fatt/fat,800,1,906.0,691.0,1.3211,mahalanobis,1.2738304492512478,1
20.png,fatt/fat,240,1,850.0,756.0,0.8402,mahalanobis,1.2738304492512478,0
20.png,fatt/fat,40,1,918.5,883.5,1.7397,mahalanobis,1.2738304492512478,1
20.png,fatt/fat,13.3,1,907.5,948.0,1.7389,mahalanobis,1.2738304492512478,1
20.png,fatt/fat,10.7,1,908.5,1010.0,1.8692,mahalanobis,1.2738304492512478,1
20.png,fatt/fat,9.3,1,916.5,1074.5,2.0719,mahalanobis,1.2738304492512478,1
20.png,fatt/fat,1333,1,922.5,1137.0,2.253,mahalanobis,1.2738304492512478,1
20.png,fatt/fat,6.7,1,936.0,1200.0,2.5024,mahalanobis,1.2738304492512478,1
20.png,fatt/fat,1000,1,926.0,1262.0,2.5466,mahalanobis,1.2738304492512478,1
20.png,sodium,667,1,822.5,26.0,1.2081,mahalanobis,1.2738304492512478,0
20.png,sodium,667,1,825.0,93.0,1.0319,mahalanobis,1.2738304492512478,0
20.png,sodium,800,1,825.0,158.0,0.8597,mahalanobis,1.2738304492512478,0
20.png,sodium,300,1,828.0,225.0,0.6877,mahalanobis,1.2738304492512478,0
20.png,sodium,667,1,827.0,291.5,0.5112,mahalanobis,1.2738304492512478,0
20.png,sodium,800,1,831.0,359.0,0.3561,mahalanobis,1.2738304492512478,0
20.png,sodium,200,1,848.5,424.0,0.4215,mahalanobis,1.2738304492512478,0
20.png,sodium,250,1,834.5,550.5,0.2709,mahalanobis,1.2738304492512478,0
20.png,sodium,800,1,837.5,618.0,0.4362,mahalanobis,1.2738304492512478,0
20.png,sodium,240,1,781.5,683.0,0.7638,mahalanobis,1.2738304492512478,0
20.png,sodium,40,1,850.0,810.5,0.9687,mahalanobis,1.2738304492512478,0
20.png,sodium,13.3,1,839.0,875.0,1.0788,mahalanobis,1.2738304492512478,0
20.png,sodium,10.7,1,840.0,937.0,1.2422,mahalanobis,1.2738304492512478,0
20.png,sodium,9.3,1,848.0,1001.5,1.4358,mahalanobis,1.2738304492512478,1
20.png,sodium,1333,1,854.0,1064.0,1.6186,mahalanobis,1.2738304492512478,1
20.png,sodium,6.7,1,867.5,1127.0,1.8383,mahalanobis,1.2738304492512478,1
20.png,sodium,1000,1,857.5,1189.0,1.9511,mahalanobis,1.2738304492512478,1
20.png,potassium,667,1,809.5,23.5,1.2238,mahalanobis,1.2738304492512478,0
20.png,potassium,800,1,809.5,88.5,1.0528,mahalanobis,1.2738304492512478,0
20.png,potassium,300,1,812.5,155.5,0.8708,mahalanobis,1.2738304492512478,0
20.png,potassium,667,1,811.5,222.0,0.6983,mahalanobis,1.2738304492512478,0
20.png,potassium,800,1,815.5,289.5,0.5125,mahalanobis,1.2738304492512478,0
20.png,potassium,200,1,833.0,354.5,0.3792,mahalanobis,1.2738304492512478,0
20.png,potassium,250,1,819.0,481.0,0.0189,mahalanobis,1.2738304492512478,0
20.png,potassium,800,1,822.0,548.5,0.1813,mahalanobis,1.2738304492512478,0
20.png,potassium,240,1,766.0,613.5,0.8376,mahalanobis,1.2738304492512478,0
20.png,potassium,40,1,834.5,741.0,0.7187,mahalanobis,1.2738304492512478,0
20.png,potassium,13.3,1,823.5,805.5,0.8634,mahalanobis,1.2738304492512478,0
20.png,potassium,10.7,1,824.5,867.5,1.0286,mahalanobis,1.2738304492512478,0
20.png,potassium,9.3,1,832.5,932.0,1.2102,mahalanobis,1.2738304492512478,0
20.png,potassium,1333,1,838.5,994.5,1.3876,mahalanobis,1.2738304492512478,1
20.png,potassium,6.7,1,852.0,1057.5,1.5941,mahalanobis,1.2738304492512478,1
20.png,potassium,1000,1,842.0,1119.5,1.7229,mahalanobis,1.2738304492512478,1
20.png,calcium,667,1,883.0,-33.0,1.6214,mahalanobis,1.2738304492512478,1
20.png,calcium,800,1,883.0,32.0,1.479,mahalanobis,1.2738304492512478,1
20.png,calcium,300,1,886.0,99.0,1.3676,mahalanobis,1.2738304492512478,1
20.png,calcium,667,1,885.0,165.5,1.2321,mahalanobis,1.2738304492512478,0
20.png,calcium,800,1,889.0,233.0,1.1637,mahalanobis,1.2738304492512478,0
20.png,calcium,200,1,906.5,298.0,1.2986,mahalanobis,1.2738304492512478,1
20.png,calcium,250,1,892.5,424.5,1.0197,mahalanobis,1.2738304492512478,0
20.png,calcium,800,1,895.5,492.0,1.051,mahalanobis,1.2738304492512478,0
20.png,calcium,240,1,839.5,557.0,0.3356,mahalanobis,1.2738304492512478,0
20.png,calcium,40,1,908.0,684.5,1.3395,mahalanobis,1.2738304492512478,1
20.png,calcium,13.3,1,897.0,749.0,1.2867,mahalanobis,1.2738304492512478,1
20.png,calcium,10.7,1,898.0,811.0,1.3955,mahalanobis,1.2738304492512478,1
20.png,calcium,9.3,1,906.0,875.5,1.5914,mahalanobis,1.2738304492512478,1
20.png,calcium,1333,1,912.0,938.0,1.7652,mahalanobis,1.2738304492512478,1
20.png,calcium,6.7,1,925.5,1001.0,2.0173,mahalanobis,1.2738304492512478,1
20.png,calcium,1000,1,915.5,1063.0,2.0396,mahalanobis,1.2738304492512478,1
20.png,magnesium,800,1,853.0,-37.5,1.4501,mahalanobis,1.2738304492512478,1
20.png,magnesium,300,1,856.0,29.5,1.298,mahalanobis,1.2738304492512478,1
20.png,magnesium,667,1,855.0,96.0,1.1309,mahalanobis,1.2738304492512478,0
20.png,magnesium,800,1,859.0,163.5,1.001,mahalanobis,1.2738304492512478,0
20.png,magnesium,200,1,876.5,228.5,1.032,mahalanobis,1.2738304492512478,0
20.png,magnesium,250,1,862.5,355.0,0.6774,mahalanobis,1.2738304492512478,0
20.png,magnesium,800,1,865.5,422.5,0.6499,mahalanobis,1.2738304492512478,0
20.png,magnesium,240,1,809.5,487.5,0.1527,mahalanobis,1.2738304492512478,0
20.png,magnesium,40,1,878.0,615.0,0.8812,mahalanobis,1.2738304492512478,0
20.png,magnesium,13.3,1,867.0,679.5,0.8389,mahalanobis,1.2738304492512478,0
20.png,magnesium,10.7,1,868.0,741.5,0.9608,mahalanobis,1.2738304492512478,0
20.png,magnesium,9.3,1,876.0,806.0,1.1624,mahalanobis,1.2738304492512478,0
20.png,magnesium,1333,1,882.0,868.5,1.3427,mahalanobis,1.2738304492512478,1
20.png,magnesium,6.7,1,895.5,931.5,1.5926,mahalanobis,1.2738304492512478,1
20.png,magnesium,1000,1,885.5,993.5,1.6381,mahalanobis,1.2738304492512478,1
20.png,chloride,300,1,817.0,-38.0,1.3785,mahalanobis,1.2738304492512478,1
20.png,chloride,667,1,816.0,28.5,1.2027,mahalanobis,1.2738304492512478,0
20.png,chloride,800,1,820.0,96.0,1.0219,mahalanobis,1.2738304492512478,0
20.png,chloride,200,1,837.5,161.0,0.8824,mahalanobis,1.2738304492512478,0
20.png,chloride,250,1,823.5,287.5,0.5152,mahalanobis,1.2738304492512478,0
20.png,chloride,800,1,826.5,355.0,0.3449,mahalanobis,1.2738304492512478,0
20.png,chloride,240,1,770.5,420.0,0.7154,mahalanobis,1.2738304492512478,0
20.png,chloride,40,1,839.0,547.5,0.3152,mahalanobis,1.2738304492512478,0
20.png,chloride,13.3,1,828.0,612.0,0.3645,mahalanobis,1.2738304492512478,0
20.png,chloride,10.7,1,829.0,674.0,0.5271,mahalanobis,1.2738304492512478,0
20.png,chloride,9.3,1,837.0,738.5,0.7229,mahalanobis,1.2738304492512478,0
20.png,chloride,1333,1,843.0,801.0,0.9074,mahalanobis,1.2738304492512478,0
20.png,chloride,6.7,1,856.5,864.0,1.1362,mahalanobis,1.2738304492512478,0
20.png,chloride,1000,1,846.5,926.0,1.2375,mahalanobis,1.2738304492512478,0
20.png,phosphorus,800,1,776.0,25.5,1.3588,mahalanobis,1.2738304492512478,1
20.png,phosphorus,200,1,793.5,90.5,1.1024,mahalanobis,1.2738304492512478,0
20.png,phosphorus,250,1,779.5,217.0,0.9038,mahalanobis,1.2738304492512478,0
20.png,phosphorus,800,1,782.5,284.5,0.7428,mahalanobis,1.2738304492512478,0
20.png,phosphorus,240,1,726.5,349.5,1.3576,mahalanobis,1.2738304492512478,1
20.png,phosphorus,40,1,795.0,477.0,0.3546,mahalanobis,1.2738304492512478,0
20.png,phosphorus,13.3,1,784.0,541.5,0.5332,mahalanobis,1.2738304492512478,0
20.png,phosphorus,10.7,1,785.0,603.5,0.592,mahalanobis,1.2738304492512478,0
20.png,phosphorus,9.3,1,793.0,668.0,0.6272,mahalanobis,1.2738304492512478,0
20.png,phosphorus,1333,1,799.0,730.5,0.7272,mahalanobis,1.2738304492512478,0
20.png,phosphorus,6.7,1,812.5,793.5,0.8376,mahalanobis,1.2738304492512478,0
20.png,phosphorus,1000,1,802.5,855.5,1.0259,mahalanobis,1.2738304492512478,0
20.png,selenium,800,1,819.0,-35.0,1.3699,mahalanobis,1.2738304492512478,1
20.png,selenium,200,1,836.5,30.0,1.2182,mahalanobis,1.2738304492512478,0
20.png,selenium,250,1,822.5,156.5,0.8617,mahalanobis,1.2738304492512478,0
20.png,selenium,800,1,825.5,224.0,0.6857,mahalanobis,1.2738304492512478,0
20.png,selenium,240,1,769.5,289.0,0.8746,mahalanobis,1.2738304492512478,0
20.png,selenium,40,1,838.0,416.5,0.3001,mahalanobis,1.2738304492512478,0
20.png,selenium,13.3,1,827.0,481.0,0.093,mahalanobis,1.2738304492512478,0
20.png,selenium,10.7,1,828.0,543.0,0.1968,mahalanobis,1.2738304492512478,0
20.png,selenium,9.3,1,836.0,607.5,0.4013,mahalanobis,1.2738304492512478,0
20.png,selenium,1333,1,842.0,670.0,0.5866,mahalanobis,1.2738304492512478,0
20.png,selenium,6.7,1,855.5,733.0,0.8307,mahalanobis,1.2738304492512478,0
20.png,selenium,1000,1,845.5,795.0,0.9054,mahalanobis,1.2738304492512478,0
20.png,caffeine,250,1,665.5,80.0,2.4124,mahalanobis,1.2738304492512478,1
20.png,caffeine,800,1,668.5,147.5,2.3001,mahalanobis,1.2738304492512478,1
20.png,caffeine,240,1,612.5,212.5,2.992,mahalanobis,1.2738304492512478,1
20.png,caffeine,40,1,681.0,340.0,1.9838,mahalanobis,1.2738304492512478,1
20.png,caffeine,13.3,1,670.0,404.5,2.1117,mahalanobis,1.2738304492512478,1
20.png,caffeine,10.7,1,671.0,466.5,2.0884,mahalanobis,1.2738304492512478,1
20.png,caffeine,9.3,1,679.0,531.0,1.9807,mahalanobis,1.2738304492512478,1
20.png,caffeine,1333,1,685.0,593.5,1.9158,mahalanobis,1.2738304492512478,1
20.png,caffeine,6.7,1,698.5,656.5,1.7663,mahalanobis,1.2738304492512478,1
20.png,caffeine,1000,1,688.5,718.5,1.9484,mahalanobis,1.2738304492512478,1
20.png,caffeine (from guarana extract powder,250,1,631.0,12.5,2.9248,mahalanobis,1.2738304492512478,1
20.png,caffeine (from guarana extract powder,800,1,634.0,80.0,2.8143,mahalanobis,1.2738304492512478,1
20.png,caffeine (from guarana extract powder,240,1,578.0,145.0,3.5036,mahalanobis,1.2738304492512478,1
20.png,caffeine (from guarana extract powder,40,1,646.5,272.5,2.4927,mahalanobis,1.2738304492512478,1
20.png,caffeine (from guarana extract powder,13.3,1,635.5,337.0,2.6124,mahalanobis,1.2738304492512478,1
20.png,caffeine (from guarana extract powder,10.7,1,636.5,399.0,2.5795,mahalanobis,1.2738304492512478,1
20.png,caffeine (from guarana extract powder,9.3,1,644.5,463.5,2.4589,mahalanobis,1.2738304492512478,1
20.png,caffeine (from guarana extract powder,1333,1,650.5,526.0,2.3777,mahalanobis,1.2738304492512478,1
20.png,caffeine (from guarana extract powder,6.7,1,664.0,589.0,2.2047,mahalanobis,1.2738304492512478,1
20.png,caffeine (from guarana extract powder,1000,1,654.0,651.0,2.3692,mahalanobis,1.2738304492512478,1
20.png,vitamin c,250,1,857.5,-30.0,1.4525,mahalanobis,1.2738304492512478,1
20.png,vitamin c,800,1,860.5,37.5,1.3042,mahalanobis,1.2738304492512478,1
20.png,vitamin c,240,1,804.5,102.5,1.0288,mahalanobis,1.2738304492512478,0
20.png,vitamin c,40,1,873.0,230.0,0.9927,mahalanobis,1.2738304492512478,0
20.png,vitamin c,13.3,1,862.0,294.5,0.7641,mahalanobis,1.2738304492512478,0
20.png,vitamin c,10.7,1,863.0,356.5,0.6815,mahalanobis,1.2738304492512478,0
20.png,vitamin c,9.3,1,871.0,421.0,0.7257,mahalanobis,1.2738304492512478,0
20.png,vitamin c,1333,1,877.0,483.5,0.792,mahalanobis,1.2738304492512478,0
20.png,vitamin c,6.7,1,890.5,546.5,0.9961,mahalanobis,1.2738304492512478,0
20.png,vitamin c,1000,1,880.5,608.5,0.9067,mahalanobis,1.2738304492512478,0
20.png,niacin,800,1,882.5,-24.0,1.5975,mahalanobis,1.2738304492512478,1
20.png,niacin,240,1,826.5,41.0,1.1711,mahalanobis,1.2738304492512478,0
20.png,niacin,40,1,895.0,168.5,1.333,mahalanobis,1.2738304492512478,1
20.png,niacin,13.3,1,884.0,233.0,1.1067,mahalanobis,1.2738304492512478,0
20.png,niacin,10.7,1,885.0,295.0,1.0297,mahalanobis,1.2738304492512478,0
20.png,niacin,9.3,1,893.0,359.5,1.0655,mahalanobis,1.2738304492512478,0
20.png,niacin,1333,1,899.0,422.0,1.1106,mahalanobis,1.2738304492512478,0
20.png,niacin,6.7,1,912.5,485.0,1.2883,mahalanobis,1.2738304492512478,1
20.png,niacin,1000,1,902.5,547.0,1.1619,mahalanobis,1.2738304492512478,0
20.png,vitamin e,240,1,798.5,-23.5,1.3736,mahalanobis,1.2738304492512478,1
20.png,vitamin e,40,1,867.0,104.0,1.1944,mahalanobis,1.2738304492512478,0
20.png,vitamin e,13.3,1,856.0,168.5,0.9676,mahalanobis,1.2738304492512478,0
20.png,vitamin e,10.7,1,857.0,230.5,0.8392,mahalanobis,1.2738304492512478,0
20.png,vitamin e,9.3,1,865.0,295.0,0.7957,mahalanobis,1.2738304492512478,0
20.png,vitamin e,1333,1,871.0,357.5,0.7801,mahalanobis,1.2738304492512478,0
20.png,vitamin e,6.7,1,884.5,420.5,0.911,mahalanobis,1.2738304492512478,0
20.png,vitamin e,1000,1,874.5,482.5,0.757,mahalanobis,1.2738304492512478,0
20.png,pantothenic acid,40,1,684.0,22.0,2.2624,mahalanobis,1.2738304492512478,1
20.png,pantothenic acid,13.3,1,673.0,86.5,2.3109,mahalanobis,1.2738304492512478,1
20.png,pantothenic acid,10.7,1,674.0,148.5,2.2283,mahalanobis,1.2738304492512478,1
20.png,pantothenic acid,9.3,1,682.0,213.0,2.0608,mahalanobis,1.2738304492512478,1
20.png,pantothenic acid,1333,1,688.0,275.5,1.929,mahalanobis,1.2738304492512478,1
20.png,pantothenic acid,6.7,1,701.5,338.5,1.704,mahalanobis,1.2738304492512478,1
20.png,pantothenic acid,1000,1,691.5,400.5,1.814,mahalanobis,1.2738304492512478,1
20.png,vitamin b6,40,1,852.0,-23.5,1.4104,mahalanobis,1.2738304492512478,1
20.png,vitamin b6,13.3,1,841.0,41.0,1.2031,mahalanobis,1.2738304492512478,0
20.png,vitamin b6,10.7,1,842.0,103.0,1.0479,mahalanobis,1.2738304492512478,0
20.png,vitamin b6,9.3,1,850.0,167.5,0.9295,mahalanobis,1.2738304492512478,0
20.png,vitamin b6,1333,1,856.0,230.0,0.8318,mahalanobis,1.2738304492512478,0
20.png,vitamin b6,6.7,1,869.5,293.0,0.849,mahalanobis,1.2738304492512478,0
20.png,vitamin b6,1000,1,859.5,355.0,0.6412,mahalanobis,1.2738304492512478,0
20.png,vitamin b1,13.3,1,840.5,-21.5,1.3633,mahalanobis,1.2738304492512478,1
20.png,vitamin b1,10.7,1,841.5,40.5,1.2061,mahalanobis,1.2738304492512478,0
20.png,vitamin b1,9.3,1,849.5,105.0,1.078,mahalanobis,1.2738304492512478,0
20.png,vitamin b1,1333,1,855.5,167.5,0.9663,mahalanobis,1.2738304492512478,0
20.png,vitamin b1,6.7,1,869.0,230.5,0.951,mahalanobis,1.2738304492512478,0
20.png,vitamin b1,1000,1,859.0,292.5,0.7362,mahalanobis,1.2738304492512478,0
20.png,vitamin b1,10.7,1,840.0,-21.0,1.3606,mahalanobis,1.2738304492512478,1
20.png,vitamin b1,9.3,1,848.0,43.5,1.2239,mahalanobis,1.2738304492512478,0
20.png,vitamin b1,1333,1,854.0,106.0,1.1009,mahalanobis,1.2738304492512478,0
20.png,vitamin b1,6.7,1,867.5,169.0,1.0583,mahalanobis,1.2738304492512478,0
20.png,vitamin b1,1000,1,857.5,231.0,0.8425,mahalanobis,1.2738304492512478,0
20.png,folic acid,9.3,1,787.0,-26.5,1.4256,mahalanobis,1.2738304492512478,1
20.png,folic acid,1333,1,793.0,36.0,1.2415,mahalanobis,1.2738304492512478,0
20.png,folic acid,6.7,1,806.5,99.0,1.0322,mahalanobis,1.2738304492512478,0
20.png,folic acid,1000,1,796.5,161.0,0.9124,mahalanobis,1.2738304492512478,0
20.png,vitamin b12,1333,1,835.5,-20.5,1.348,mahalanobis,1.2738304492512478,1
20.png,vitamin b12,6.7,1,849.0,42.5,1.2309,mahalanobis,1.2738304492512478,0
20.png,vitamin b12,1000,1,839.0,104.5,1.0327,mahalanobis,1.2738304492512478,0
20.png,biotin,6.7,1,895.0,-12.0,1.6739,mahalanobis,1.2738304492512478,1
20.png,biotin,1000,1,885.0,50.0,1.458,mahalanobis,1.2738304492512478,1
20.png,vitamin a,1000,1,666.0,-33.0,2.5531,mahalanobis,1.2738304492512478,1
26.png,energy,2,0,1316.0,28.5,2.5197,mahalanobis,1.2500565217391304,1
26.png,energy,0,0,1099.5,59.0,0.9035,mahalanobis,1.2500565217391304,0
26.png,energy,0,0,1131.0,190.0,0.1168,mahalanobis,1.2500565217391304,0
26.png,energy,56,0,1133.5,272.5,0.5096,mahalanobis,1.2500565217391304,0
26.png,energy,7,0,1162.0,356.0,1.1254,mahalanobis,1.2500565217391304,0
26.png,energy,3.5,0,1163.0,446.5,1.6672,mahalanobis,1.2500565217391304,1
26.png,energy,0.11,0,1162.0,536.5,2.2173,mahalanobis,1.2500565217391304,1
26.png,fat,0,0,1151.5,-21.5,1.4212,mahalanobis,1.2500565217391304,1
26.png,fat,0,0,1183.0,109.5,0.9054,mahalanobis,1.2500565217391304,0
26.png,fat,56,0,1185.5,192.0,0.7526,mahalanobis,1.2500565217391304,0
26.png,fat,7,0,1214.0,275.5,1.2004,mahalanobis,1.2500565217391304,0
26.png,fat,3.5,0,1215.0,366.0,1.5431,mahalanobis,1.2500565217391304,1
26.png,fat,0.11,0,1214.0,456.0,1.9798,mahalanobis,1.2500565217391304,1
26.png,saturated fats,56,0,1059.0,37.5,1.2426,mahalanobis,1.2500565217391304,0
26.png,saturated fats,7,0,1087.5,121.0,0.6186,mahalanobis,1.2500565217391304,0
26.png,saturated fats,3.5,0,1088.5,211.5,0.4012,mahalanobis,1.2500565217391304,0
26.png,saturated fats,0.11,0,1087.5,301.5,0.7834,mahalanobis,1.2500565217391304,0
26.png,carbohydrate,7,0,1019.5,26.5,1.6083,mahalanobis,1.2500565217391304,1
26.png,carbohydrate,3.5,0,1020.5,117.0,1.2872,mahalanobis,1.2500565217391304,1
26.png,carbohydrate,0.11,0,1019.5,207.0,1.2012,mahalanobis,1.2500565217391304,0
26.png,ofwhichsugars,3.5,0,976.0,37.0,1.9839,mahalanobis,1.2500565217391304,1
26.png,ofwhichsugars,0.11,0,975.0,127.0,1.7759,mahalanobis,1.2500565217391304,1
26.png,protein,0.11,0,1131.5,41.0,0.987,mahalanobis,1.2500565217391304,0
27.png,brewswert/energyvalue,1254 kj,0,734.0,51.5,2.847,mahalanobis,1.2823,1
27.png,brewswert/energyvalue,<0.1,0,886.5,190.5,1.1624,mahalanobis,1.2823,0
27.png,brewswert/energyvalue,49,0,922.5,321.5,0.6339,mahalanobis,1.2823,0
27.png,brewswert/energyvalue,<0.5,0,897.5,451.0,0.7616,mahalanobis,1.2823,0
27.png,brewswert/energyvalue,4000,0,851.5,580.0,1.3013,mahalanobis,1.2823,1
27.png,brewswert/energyvalue,2000,0,856.0,708.5,1.3504,mahalanobis,1.2823,1
27.png,brewswert/energyvalue,75,0,893.0,836.5,1.1977,mahalanobis,1.2823,0
27.png,brewswert/energyvalue,10000,0,885.5,962.5,1.5,mahalanobis,1.2823,1
27.png,brewswert/energyvalue,15,0,910.0,1089.0,1.6458,mahalanobis,1.2823,1
27.png,brewswert/energyvalue,896,0,915.5,1213.0,1.9232,mahalanobis,1.2823,1
27.png,brewswert/energyvalue,251,0,938.0,1337.0,2.1781,mahalanobis,1.2823,1
27.png,brewswert/energyvalue,37,0,958.0,1461.5,2.4758,mahalanobis,1.2823,1
27.png,esemb/protein,1254 kj,0,841.5,-56.5,1.9665,mahalanobis,1.2823,1
27.png,esemb/protein,<0.1,0,994.0,82.5,1.0892,mahalanobis,1.2823,0
27.png,esemb/protein,49,0,1030.0,213.5,1.0302,mahalanobis,1.2823,0
27.png,esemb/protein,<0.5,0,1005.0,343.0,0.5991,mahalanobis,1.2823,0
27.png,esemb/protein,4000,0,959.0,472.0,0.0684,mahalanobis,1.2823,0
27.png,esemb/protein,2000,0,963.5,600.5,0.2848,mahalanobis,1.2823,0
27.png,esemb/protein,75,0,1000.5,728.5,0.7407,mahalanobis,1.2823,0
27.png,esemb/protein,10000,0,993.0,854.5,0.989,mahalanobis,1.2823,0
27.png,esemb/protein,15,0,1017.5,981.0,1.3949,mahalanobis,1.2823,1
27.png,esemb/protein,896,0,1023.0,1105.0,1.7077,mahalanobis,1.2823,1
27.png,esemb/protein,251,0,1045.5,1229.0,2.102,mahalanobis,1.2823,1
27.png,esemb/protein,37,0,1065.5,1353.5,2.4879,mahalanobis,1.2823,1
27.png,kublephydrate/carbohydrate,49,0,844.0,58.5,1.75,mahalanobis,1.2823,1
27.png,kublephydrate/carbohydrate,<0.5,0,819.0,188.0,1.8196,mahalanobis,1.2823,1
27.png,kublephydrate/carbohydrate,4000,0,773.0,317.0,2.2194,mahalanobis,1.2823,1
27.png,kublephydrate/carbohydrate,2000,0,777.5,445.5,2.1275,mahalanobis,1.2823,1
27.png,kublephydrate/carbohydrate,75,0,814.5,573.5,1.7162,mahalanobis,1.2823,1
27.png,kublephydrate/carbohydrate,10000,0,807.0,699.5,1.8669,mahalanobis,1.2823,1
27.png,kublephydrate/carbohydrate,15,0,831.5,826.0,1.7357,mahalanobis,1.2823,1
27.png,kublephydrate/carbohydrate,896,0,837.0,950.0,1.8623,mahalanobis,1.2823,1
27.png,kublephydrate/carbohydrate,251,0,859.5,1074.0,1.9057,mahalanobis,1.2823,1
27.png,kublephydrate/carbohydrate,37,0,879.5,1198.5,2.0457,mahalanobis,1.2823,1
27.png,fert/fat,49,0,1085.0,-27.5,1.9073,mahalanobis,1.2823,1
27.png,fert/fat,<0.5,0,1060.0,102.0,1.4743,mahalanobis,1.2823,1
27.png,fert/fat,4000,0,1014.0,231.0,0.8708,mahalanobis,1.2823,0
27.png,fert/fat,2000,0,1018.5,359.5,0.706,mahalanobis,1.2823,0
27.png,fert/fat,75,0,1055.5,487.5,1.0471,mahalanobis,1.2823,0
27.png,fert/fat,10000,0,1048.0,613.5,1.0127,mahalanobis,1.2823,0
27.png,fert/fat,15,0,1072.5,740.0,1.3962,mahalanobis,1.2823,1
27.png,fert/fat,896,0,1078.0,864.0,1.6162,mahalanobis,1.2823,1
27.png,fert/fat,251,0,1100.5,988.0,2.0123,mahalanobis,1.2823,1
27.png,fert/fat,37,0,1120.5,1112.5,2.3914,mahalanobis,1.2823,1
27.png,calcium,<0.5,0,1051.0,-22.0,1.6366,mahalanobis,1.2823,1
27.png,calcium,4000,0,1005.0,107.0,1.0788,mahalanobis,1.2823,0
27.png,calcium,2000,0,1009.5,235.5,0.829,mahalanobis,1.2823,0
27.png,calcium,75,0,1046.5,363.5,0.9966,mahalanobis,1.2823,0
27.png,calcium,10000,0,1039.0,489.5,0.8589,mahalanobis,1.2823,0
27.png,calcium,15,0,1063.5,616.0,1.1837,mahalanobis,1.2823,0
27.png,calcium,896,0,1069.0,740.0,1.3608,mahalanobis,1.2823,1
27.png,calcium,251,0,1091.5,864.0,1.7428,mahalanobis,1.2823,1
27.png,calcium,37,0,1111.5,988.5,2.1119,mahalanobis,1.2823,1
27.png,magnesium,4000,0,952.0,-31.0,1.3284,mahalanobis,1.2823,1
27.png,magnesium,2000,0,956.5,97.5,0.9982,mahalanobis,1.2823,0
27.png,magnesium,75,0,993.5,225.5,0.7505,mahalanobis,1.2823,0
27.png,magnesium,10000,0,986.0,351.5,0.4315,mahalanobis,1.2823,0
27.png,magnesium,15,0,1010.5,478.0,0.5344,mahalanobis,1.2823,0
27.png,magnesium,896,0,1016.0,602.0,0.6626,mahalanobis,1.2823,0
27.png,magnesium,251,0,1038.5,726.0,1.0453,mahalanobis,1.2823,0
27.png,magnesium,37,0,1058.5,850.5,1.4202,mahalanobis,1.2823,1
27.png,zinc,2000,0,972.0,-17.5,1.2908,mahalanobis,1.2823,1
27.png,zinc,75,0,1009.0,110.5,1.0917,mahalanobis,1.2823,0
27.png,zinc,10000,0,1001.5,236.5,0.7726,mahalanobis,1.2823,0
27.png,zinc,15,0,1026.0,363.0,0.779,mahalanobis,1.2823,0
27.png,zinc,896,0,1031.5,487.0,0.7733,mahalanobis,1.2823,0
27.png,zinc,251,0,1054.0,611.0,1.0761,mahalanobis,1.2823,0
27.png,zinc,37,0,1074.0,735.5,1.4063,mahalanobis,1.2823,1
27.png,kuples/copper,75,0,941.0,-29.5,1.3431,mahalanobis,1.2823,1
27.png,kuples/copper,10000,0,933.5,96.5,1.0552,mahalanobis,1.2823,0
27.png,kuples/copper,15,0,958.0,223.0,0.6787,mahalanobis,1.2823,0
27.png,kuples/copper,896,0,963.5,347.0,0.3601,mahalanobis,1.2823,0
27.png,kuples/copper,251,0,986.0,471.0,0.2581,mahalanobis,1.2823,0
27.png,kuples/copper,37,0,1006.0,595.5,0.5538,mahalanobis,1.2823,0
27.png,mangen/manganese,10000,0,845.0,-39.0,1.9068,mahalanobis,1.2823,1
27.png,mangen/manganese,15,0,869.5,87.5,1.482,mahalanobis,1.2823,1
27.png,mangen/manganese,896,0,875.0,211.5,1.2334,mahalanobis,1.2823,0
27.png,mangen/manganese,251,0,897.5,335.5,0.85,mahalanobis,1.2823,0
27.png,mangen/manganese,37,0,917.5,460.0,0.5323,mahalanobis,1.2823,0
27.png,chromium,15,0,891.0,-24.0,1.5454,mahalanobis,1.2823,1
27.png,chromium,896,0,896.5,100.0,1.2511,mahalanobis,1.2823,0
27.png,chromium,251,0,919.0,224.0,0.8445,mahalanobis,1.2823,0
27.png,chromium,37,0,939.0,348.5,0.4544,mahalanobis,1.2823,0
27.png,sefee/selenium,896,0,915.5,-14.5,1.3929,mahalanobis,1.2823,1
27.png,sefee/selenium,251,0,938.0,109.5,1.0079,mahalanobis,1.2823,0
27.png,sefee/selenium,37,0,958.0,234.0,0.6508,mahalanobis,1.2823,0
27.png,vitamin d,251,0,995.5,7.0,1.2775,mahalanobis,1.2823,0
27.png,vitamin d,37,0,1015.5,131.5,1.0835,mahalanobis,1.2823,0
30.png,energy,1649,0,1075.4,3.5,1.2816,mahalanobis,1.3103445945945946,0
30.png,energy,391,0,1234.4,3.5,1.3968,mahalanobis,1.3103445945945946,1
30.png,energy,4.8,0,1257.5,131.0,1.2132,mahalanobis,1.3103445945945946,0
30.png,energy,9.1,0,1255.0,259.5,1.0277,mahalanobis,1.3103445945945946,0
30.png,energy,4.9,0,1259.5,387.0,1.1349,mahalanobis,1.3103445945945946,0
30.png,energy,71,0,1266.0,510.0,1.4288,mahalanobis,1.3103445945945946,1
30.png,energy,35,0,1268.5,632.5,1.7848,mahalanobis,1.3103445945945946,1
30.png,energy,3.6,0,1261.0,760.0,2.1608,mahalanobis,1.3103445945945946,1
30.png,energy,130,0,1256.0,883.0,2.5757,mahalanobis,1.3103445945945946,1
30.png,protein,4.8,0,1189.0,1.5,1.2041,mahalanobis,1.3103445945945946,0
30.png,protein,9.1,0,1186.5,130.0,0.7358,mahalanobis,1.3103445945945946,0
30.png,protein,4.9,0,1191.0,257.5,0.4518,mahalanobis,1.3103445945945946,0
30.png,protein,71,0,1197.5,380.5,0.6196,mahalanobis,1.3103445945945946,0
30.png,protein,35,0,1200.0,503.0,1.0011,mahalanobis,1.3103445945945946,0
30.png,protein,3.6,0,1192.5,630.5,1.4334,mahalanobis,1.3103445945945946,1
30.png,protein,130,0,1187.5,753.5,1.8914,mahalanobis,1.3103445945945946,1
30.png,fat,9.1,0,1226.5,6.5,1.3454,mahalanobis,1.3103445945945946,1
30.png,fat,4.9,0,1231.0,134.0,1.0048,mahalanobis,1.3103445945945946,0
30.png,fat,71,0,1237.5,257.0,0.87,mahalanobis,1.3103445945945946,0
30.png,fat,35,0,1240.0,379.5,0.958,mahalanobis,1.3103445945945946,0
30.png,fat,3.6,0,1232.5,507.0,1.1944,mahalanobis,1.3103445945945946,0
30.png,fat,130,0,1227.5,630.0,1.562,mahalanobis,1.3103445945945946,1
30.png,saturated fat (g,4.9,0,971.0,-2.0,1.9462,mahalanobis,1.3103445945945946,1
30.png,saturated fat (g,71,0,977.5,121.0,1.6517,mahalanobis,1.3103445945945946,1
30.png,saturated fat (g,35,0,980.0,243.5,1.5028,mahalanobis,1.3103445945945946,1
30.png,saturated fat (g,3.6,0,972.5,371.0,1.5968,mahalanobis,1.3103445945945946,1
30.png,saturated fat (g,130,0,967.5,494.0,1.8046,mahalanobis,1.3103445945945946,1
30.png,carbohydrate,71,0,1007.5,-5.0,1.6955,mahalanobis,1.3103445945945946,1
30.png,carbohydrate,35,0,1010.0,117.5,1.3906,mahalanobis,1.3103445945945946,1
30.png,carbohydrate,3.6,0,1002.5,245.0,1.2978,mahalanobis,1.3103445945945946,0
30.png,carbohydrate,130,0,997.5,368.0,1.3712,mahalanobis,1.3103445945945946,1
30.png,sugars,35,0,1131.5,-0.5,1.142,mahalanobis,1.3103445945945946,0
30.png,sugars,3.6,0,1124.0,127.0,0.6563,mahalanobis,1.3103445945945946,0
30.png,sugars,130,0,1119.0,250.0,0.2652,mahalanobis,1.3103445945945946,0
30.png,fibre,3.6,0,1015.0,3.0,1.6239,mahalanobis,1.3103445945945946,1
30.png,fibre,130,0,1010.0,126.0,1.3747,mahalanobis,1.3103445945945946,1
30.png,sodium,130,0,1142.5,10.0,1.0954,mahalanobis,1.3103445945945946,0
30.png,energy,907,1,668.8,17.5,1.3159,mahalanobis,1.3103445945945946,1
30.png,energy,215,1,821.2,17.5,1.354,mahalanobis,1.3103445945945946,1
30.png,energy,2.7,1,837.5,150.5,1.0782,mahalanobis,1.3103445945945946,0
30.png,energy,5.0,1,842.0,281.5,0.9452,mahalanobis,1.3103445945945946,0
30.png,energy,2.7,1,843.5,408.5,1.0563,mahalanobis,1.3103445945945946,0
30.png,energy,39,1,858.5,532.5,1.4492,mahalanobis,1.3103445945945946,1
30.png,energy,19,1,865.0,649.5,1.8308,mahalanobis,1.3103445945945946,1
30.png,energy,2.0,1,860.0,762.0,2.1762,mahalanobis,1.3103445945945946,1
30.png,energy,70,1,875.0,877.0,2.6487,mahalanobis,1.3103445945945946,1
30.png,protein,2.7,1,769.0,21.0,1.1439,mahalanobis,1.3103445945945946,0
30.png,protein,5.0,1,773.5,152.0,0.6596,mahalanobis,1.3103445945945946,0
30.png,protein,2.7,1,775.0,279.0,0.325,mahalanobis,1.3103445945945946,0
30.png,protein,39,1,790.0,403.0,0.6237,mahalanobis,1.3103445945945946,0
30.png,protein,19,1,796.5,520.0,1.0348,mahalanobis,1.3103445945945946,0
30.png,protein,2.0,1,791.5,632.5,1.4291,mahalanobis,1.3103445945945946,1
30.png,protein,70,1,806.5,747.5,1.9128,mahalanobis,1.3103445945945946,1
30.png,fat,5.0,1,813.5,28.5,1.2775,mahalanobis,1.3103445945945946,0
30.png,fat,2.7,1,815.0,155.5,0.8967,mahalanobis,1.3103445945945946,0
30.png,fat,39,1,830.0,279.5,0.8339,mahalanobis,1.3103445945945946,0
30.png,fat,19,1,836.5,396.5,0.9767,mahalanobis,1.3103445945945946,0
30.png,fat,2.0,1,831.5,509.0,1.1997,mahalanobis,1.3103445945945946,0
30.png,fat,70,1,846.5,624.0,1.6432,mahalanobis,1.3103445945945946,1
30.png,saturated fat (g,2.7,1,555.0,19.5,2.0707,mahalanobis,1.3103445945945946,1
30.png,saturated fat (g,39,1,570.0,143.5,1.7174,mahalanobis,1.3103445945945946,1
30.png,saturated fat (g,19,1,576.5,260.5,1.5478,mahalanobis,1.3103445945945946,1
30.png,saturated fat (g,2.0,1,571.5,373.0,1.6162,mahalanobis,1.3103445945945946,1
30.png,saturated fat (g,70,1,586.5,488.0,1.6379,mahalanobis,1.3103445945945946,1
30.png,carbohydrate,39,1,600.0,17.5,1.7369,mahalanobis,1.3103445945945946,1
30.png,carbohydrate,19,1,606.5,134.5,1.4208,mahalanobis,1.3103445945945946,1
30.png,carbohydrate,2.0,1,601.5,247.0,1.3225,mahalanobis,1.3103445945945946,1
30.png,carbohydrate,70,1,616.5,362.0,1.1949,mahalanobis,1.3103445945945946,0
30.png,sugars,19,1,728.0,16.5,1.1388,mahalanobis,1.3103445945945946,0
30.png,sugars,2.0,1,723.0,129.0,0.6999,mahalanobis,1.3103445945945946,0
30.png,sugars,70,1,738.0,244.0,0.2177,mahalanobis,1.3103445945945946,0
30.png,fibre,2.0,1,614.0,5.0,1.6746,mahalanobis,1.3103445945945946,1
30.png,fibre,70,1,629.0,120.0,1.2699,mahalanobis,1.3103445945945946,0
30.png,sodium,70,1,761.5,4.0,1.1976,mahalanobis,1.3103445945945946,0
33.png,energy,1660,0,787.0,6.5,1.5247,mahalanobis,1.3232133720930233,1
33.png,energy,1245,0,1281.0,7.5,1.59,mahalanobis,1.3232133720930233,1
33.png,energy,0,0,855.5,116.0,1.1588,mahalanobis,1.3232133720930233,0
33.png,energy,0,0,1345.0,123.5,1.546,mahalanobis,1.3232133720930233,1
33.png,energy,0,0,848.5,196.5,1.0079,mahalanobis,1.3232133720930233,0
33.png,energy,0,0,1338.5,203.0,1.4093,mahalanobis,1.3232133720930233,1
33.png,energy,97,0,834.5,375.0,0.759,mahalanobis,1.3232133720930233,0
33.png,energy,73,0,1315.5,380.5,1.1418,mahalanobis,1.3232133720930233,0
33.png,energy,56,0,834.0,458.0,0.6916,mahalanobis,1.3232133720930233,0
33.png,energy,42,0,1310.0,462.5,1.0798,mahalanobis,1.3232133720930233,0
33.png,energy,0,0,851.5,637.0,0.6864,mahalanobis,1.3232133720930233,0
33.png,energy,0,0,1311.5,645.5,1.1271,mahalanobis,1.3232133720930233,0
33.png,energy,0.53,0,818.5,738.0,0.924,mahalanobis,1.3232133720930233,0
33.png,energy,0.40,0,1280.0,747.0,1.1249,mahalanobis,1.3232133720930233,0
33.png,energy,158,0,1082.5,1001.0,1.2398,mahalanobis,1.3232133720930233,0
33.png,energy,210,0,610.5,1001.5,1.9319,mahalanobis,1.3232133720930233,1
33.png,energy,35,0,629.0,1105.5,2.0574,mahalanobis,1.3232133720930233,1
33.png,energy,26,0,1097.5,1107.0,1.5101,mahalanobis,1.3232133720930233,1
33.png,energy,25,0,633.0,1209.5,2.2419,mahalanobis,1.3232133720930233,1
33.png,energy,19,0,1098.0,1211.5,1.7671,mahalanobis,1.3232133720930233,1
33.png,energy,55,0,636.0,1315.0,2.4453,mahalanobis,1.3232133720930233,1
33.png,energy,41,0,1126.0,1316.0,2.0423,mahalanobis,1.3232133720930233,1
33.png,energy,105,0,1108.0,1421.0,2.2895,mahalanobis,1.3232133720930233,1
33.png,energy,140,0,665.0,1422.0,2.6137,mahalanobis,1.3232133720930233,1
33.png,fat,0,0,1089.0,9.0,1.2859,mahalanobis,1.3232133720930233,0
33.png,fat,0,0,1578.5,16.5,2.4042,mahalanobis,1.3232133720930233,1
33.png,fat,0,0,1082.0,89.5,1.084,mahalanobis,1.3232133720930233,0
33.png,fat,0,0,1572.0,96.0,2.2868,mahalanobis,1.3232133720930233,1
33.png,fat,97,0,1068.0,268.0,0.6394,mahalanobis,1.3232133720930233,0
33.png,fat,73,0,1549.0,273.5,2.0408,mahalanobis,1.3232133720930233,1
33.png,fat,56,0,1067.5,351.0,0.444,mahalanobis,1.3232133720930233,0
33.png,fat,42,0,1543.5,355.5,1.9706,mahalanobis,1.3232133720930233,1
33.png,fat,0,0,1085.0,530.0,0.2486,mahalanobis,1.3232133720930233,0
33.png,fat,0,0,1545.0,538.5,1.9372,mahalanobis,1.3232133720930233,1
33.png,fat,0.53,0,1052.0,631.0,0.3185,mahalanobis,1.3232133720930233,0
33.png,fat,0.40,0,1513.5,640.0,1.8476,mahalanobis,1.3232133720930233,1
33.png,fat,158,0,1316.0,894.0,1.4492,mahalanobis,1.3232133720930233,1
33.png,fat,210,0,844.0,894.5,1.147,mahalanobis,1.3232133720930233,0
33.png,fat,35,0,862.5,998.5,1.3395,mahalanobis,1.3232133720930233,1
33.png,fat,26,0,1331.0,1000.0,1.6723,mahalanobis,1.3232133720930233,1
33.png,fat,25,0,866.5,1102.5,1.5729,mahalanobis,1.3232133720930233,1
33.png,fat,19,0,1331.5,1104.5,1.8716,mahalanobis,1.3232133720930233,1
33.png,fat,55,0,869.5,1208.0,1.8182,mahalanobis,1.3232133720930233,1
33.png,fat,41,0,1359.5,1209.0,2.142,mahalanobis,1.3232133720930233,1
33.png,fat,105,0,1341.5,1314.0,2.325,mahalanobis,1.3232133720930233,1
33.png,fat,140,0,898.5,1315.0,2.0489,mahalanobis,1.3232133720930233,1
33.png,saturated fats,0,0,748.5,5.0,1.6109,mahalanobis,1.3232133720930233,1
33.png,saturated fats,0,0,1238.5,11.5,1.4918,mahalanobis,1.3232133720930233,1
33.png,saturated fats,97,0,734.5,183.5,1.3293,mahalanobis,1.3232133720930233,1
33.png,saturated fats,73,0,1215.5,189.0,1.087,mahalanobis,1.3232133720930233,0
33.png,saturated fats,56,0,734.0,266.5,1.2135,mahalanobis,1.3232133720930233,0
33.png,saturated fats,42,0,1210.0,271.0,0.9289,mahalanobis,1.3232133720930233,0
33.png,saturated fats,0,0,751.5,445.5,0.9954,mahalanobis,1.3232133720930233,0
33.png,saturated fats,0,0,1211.5,454.0,0.7255,mahalanobis,1.3232133720930233,0
33.png,saturated fats,0.53,0,718.5,546.5,1.1053,mahalanobis,1.3232133720930233,0
33.png,saturated fats,0.40,0,1180.0,555.5,0.6036,mahalanobis,1.3232133720930233,0
33.png,saturated fats,158,0,982.5,809.5,0.7507,mahalanobis,1.3232133720930233,0
33.png,saturated fats,210,0,510.5,810.0,2.0083,mahalanobis,1.3232133720930233,1
33.png,saturated fats,35,0,529.0,914.0,2.0581,mahalanobis,1.3232133720930233,1
33.png,saturated fats,26,0,997.5,915.5,1.0066,mahalanobis,1.3232133720930233,0
33.png,saturated fats,25,0,533.0,1018.0,2.184,mahalanobis,1.3232133720930233,1
33.png,saturated fats,19,0,998.0,1020.0,1.2668,mahalanobis,1.3232133720930233,0
33.png,saturated fats,55,0,536.0,1123.5,2.3374,mahalanobis,1.3232133720930233,1
33.png,saturated fats,41,0,1026.0,1124.5,1.5257,mahalanobis,1.3232133720930233,1
33.png,saturated fats,105,0,1008.0,1229.5,1.788,mahalanobis,1.3232133720930233,1
33.png,saturated fats,140,0,565.0,1230.5,2.4457,mahalanobis,1.3232133720930233,1
33.png,saturated fats,97,0,881.0,102.5,1.1434,mahalanobis,1.3232133720930233,0
33.png,saturated fats,73,0,1362.0,108.0,1.6189,mahalanobis,1.3232133720930233,1
33.png,saturated fats,56,0,880.5,185.5,0.9628,mahalanobis,1.3232133720930233,0
33.png,saturated fats,42,0,1356.5,190.0,1.4825,mahalanobis,1.3232133720930233,1
33.png,saturated fats,0,0,898.0,364.5,0.5778,mahalanobis,1.3232133720930233,0
33.png,saturated fats,0,0,1358.0,373.0,1.2971,mahalanobis,1.3232133720930233,0
33.png,saturated fats,0.53,0,865.0,465.5,0.5762,mahalanobis,1.3232133720930233,0
33.png,saturated fats,0.40,0,1326.5,474.5,1.1371,mahalanobis,1.3232133720930233,0
33.png,saturated fats,158,0,1129.0,728.5,0.6736,mahalanobis,1.3232133720930233,0
33.png,saturated fats,210,0,657.0,729.0,1.4331,mahalanobis,1.3232133720930233,1
33.png,saturated fats,35,0,675.5,833.0,1.4915,mahalanobis,1.3232133720930233,1
33.png,saturated fats,26,0,1144.0,834.5,0.9251,mahalanobis,1.3232133720930233,0
33.png,saturated fats,25,0,679.5,937.0,1.6338,mahalanobis,1.3232133720930233,1
33.png,saturated fats,19,0,1144.5,939.0,1.1592,mahalanobis,1.3232133720930233,0
33.png,saturated fats,55,0,682.5,1042.5,1.8079,mahalanobis,1.3232133720930233,1
33.png,saturated fats,41,0,1172.5,1043.5,1.4395,mahalanobis,1.3232133720930233,1
33.png,saturated fats,105,0,1154.5,1148.5,1.6625,mahalanobis,1.3232133720930233,1
33.png,saturated fats,140,0,711.5,1149.5,1.9477,mahalanobis,1.3232133720930233,1
33.png,carbohydrate,97,0,772.5,-2.5,1.5734,mahalanobis,1.3232133720930233,1
33.png,carbohydrate,73,0,1253.5,3.0,1.5399,mahalanobis,1.3232133720930233,1
33.png,carbohydrate,56,0,772.0,80.5,1.41,mahalanobis,1.3232133720930233,1
33.png,carbohydrate,42,0,1248.0,85.0,1.3627,mahalanobis,1.3232133720930233,1
33.png,carbohydrate,0,0,789.5,259.5,1.0533,mahalanobis,1.3232133720930233,0
33.png,carbohydrate,0,0,1249.5,268.0,1.0478,mahalanobis,1.3232133720930233,0
33.png,carbohydrate,0.53,0,756.5,360.5,1.0355,mahalanobis,1.3232133720930233,0
33.png,carbohydrate,0.40,0,1218.0,369.5,0.8173,mahalanobis,1.3232133720930233,0
33.png,carbohydrate,158,0,1020.5,623.5,0.2748,mahalanobis,1.3232133720930233,0
33.png,carbohydrate,210,0,548.5,624.0,1.7491,mahalanobis,1.3232133720930233,1
33.png,carbohydrate,35,0,567.0,728.0,1.7435,mahalanobis,1.3232133720930233,1
33.png,carbohydrate,26,0,1035.5,729.5,0.543,mahalanobis,1.3232133720930233,0
33.png,carbohydrate,25,0,571.0,832.0,1.8266,mahalanobis,1.3232133720930233,1
33.png,carbohydrate,19,0,1036.0,834.0,0.8029,mahalanobis,1.3232133720930233,0
33.png,carbohydrate,55,0,574.0,937.5,1.9465,mahalanobis,1.3232133720930233,1
33.png,carbohydrate,41,0,1064.0,938.5,1.0743,mahalanobis,1.3232133720930233,0
33.png,carbohydrate,105,0,1046.0,1043.5,1.3271,mahalanobis,1.3232133720930233,1
33.png,carbohydrate,140,0,603.0,1044.5,2.0221,mahalanobis,1.3232133720930233,1
33.png,sugars,0,0,937.0,97.5,1.0806,mahalanobis,1.3232133720930233,0
33.png,sugars,0,0,1397.0,106.0,1.7242,mahalanobis,1.3232133720930233,1
33.png,sugars,0.53,0,904.0,198.5,0.8915,mahalanobis,1.3232133720930233,0
33.png,sugars,0.40,0,1365.5,207.5,1.4874,mahalanobis,1.3232133720930233,1
33.png,sugars,158,0,1168.0,461.5,0.5654,mahalanobis,1.3232133720930233,0
33.png,sugars,210,0,696.0,462.0,1.1919,mahalanobis,1.3232133720930233,0
33.png,sugars,35,0,714.5,566.0,1.1246,mahalanobis,1.3232133720930233,0
33.png,sugars,26,0,1183.0,567.5,0.6203,mahalanobis,1.3232133720930233,0
33.png,sugars,25,0,718.5,670.0,1.1694,mahalanobis,1.3232133720930233,0
33.png,sugars,19,0,1183.5,672.0,0.7249,mahalanobis,1.3232133720930233,0
33.png,sugars,55,0,721.5,775.5,1.2722,mahalanobis,1.3232133720930233,0
33.png,sugars,41,0,1211.5,776.5,0.9673,mahalanobis,1.3232133720930233,0
33.png,sugars,105,0,1193.5,881.5,1.122,mahalanobis,1.3232133720930233,0
33.png,sugars,140,0,750.5,882.5,1.3484,mahalanobis,1.3232133720930233,1
33.png,protein,0,0,969.0,-6.0,1.3094,mahalanobis,1.3232133720930233,0
33.png,protein,0,0,1429.0,2.5,1.9765,mahalanobis,1.3232133720930233,1
33.png,protein,0.53,0,936.0,95.0,1.0876,mahalanobis,1.3232133720930233,0
33.png,protein,0.40,0,1397.5,104.0,1.7286,mahalanobis,1.3232133720930233,1
33.png,protein,158,0,1200.0,358.0,0.7725,mahalanobis,1.3232133720930233,0
33.png,protein,210,0,728.0,358.5,1.1352,mahalanobis,1.3232133720930233,0
33.png,protein,35,0,746.5,462.5,1.0073,mahalanobis,1.3232133720930233,0
33.png,protein,26,0,1215.0,464.0,0.7335,mahalanobis,1.3232133720930233,0
33.png,protein,25,0,750.5,566.5,0.9934,mahalanobis,1.3232133720930233,0
33.png,protein,19,0,1215.5,568.5,0.7378,mahalanobis,1.3232133720930233,0
33.png,protein,55,0,753.5,672.0,1.0509,mahalanobis,1.3232133720930233,0
33.png,protein,41,0,1243.5,673.0,0.9187,mahalanobis,1.3232133720930233,0
33.png,protein,105,0,1225.5,778.0,1.0081,mahalanobis,1.3232133720930233,0
33.png,protein,140,0,782.5,779.0,1.0913,mahalanobis,1.3232133720930233,0
33.png,salt,0.53,0,1035.5,-10.0,1.3083,mahalanobis,1.3232133720930233,0
33.png,salt,0.40,0,1497.0,-1.0,2.1786,mahalanobis,1.3232133720930233,1
33.png,salt,158,0,1299.5,253.0,1.2212,mahalanobis,1.3232133720930233,0
33.png,salt,210,0,827.5,253.5,0.9556,mahalanobis,1.3232133720930233,0
33.png,salt,35,0,846.0,357.5,0.7435,mahalanobis,1.3232133720930233,0
33.png,salt,26,0,1314.5,359.0,1.1551,mahalanobis,1.3232133720930233,0
33.png,salt,25,0,850.0,461.5,0.6322,mahalanobis,1.3232133720930233,0
33.png,salt,19,0,1315.0,463.5,1.0978,mahalanobis,1.3232133720930233,0
33.png,salt,55,0,853.0,567.0,0.6223,mahalanobis,1.3232133720930233,0
33.png,salt,41,0,1343.0,568.0,1.2014,mahalanobis,1.3232133720930233,0
33.png,salt,105,0,1325.0,673.0,1.1957,mahalanobis,1.3232133720930233,0
33.png,salt,140,0,882.0,674.0,0.6417,mahalanobis,1.3232133720930233,0
33.png,sodium,158,0,1193.5,-9.5,1.4557,mahalanobis,1.3232133720930233,1
33.png,sodium,210,0,721.5,-9.0,1.7005,mahalanobis,1.3232133720930233,1
33.png,sodium,35,0,740.0,95.0,1.4622,mahalanobis,1.3232133720930233,1
33.png,sodium,26,0,1208.5,96.5,1.2539,mahalanobis,1.3232133720930233,0
33.png,sodium,25,0,744.0,199.0,1.278,mahalanobis,1.3232133720930233,0
33.png,sodium,19,0,1209.0,201.0,1.0487,mahalanobis,1.3232133720930233,0
33.png,sodium,55,0,747.0,304.5,1.1256,mahalanobis,1.3232133720930233,0
33.png,sodium,41,0,1237.0,305.5,0.957,mahalanobis,1.3232133720930233,0
33.png,sodium,105,0,1219.0,410.5,0.7813,mahalanobis,1.3232133720930233,0
33.png,sodium,140,0,776.0,411.5,0.9265,mahalanobis,1.3232133720930233,0
33.png,calcium,35,0,866.5,-9.0,1.4187,mahalanobis,1.3232133720930233,1
33.png,calcium,26,0,1335.0,-7.5,1.7455,mahalanobis,1.3232133720930233,1
33.png,calcium,25,0,870.5,95.0,1.1775,mahalanobis,1.3232133720930233,0
33.png,calcium,19,0,1335.5,97.0,1.5622,mahalanobis,1.3232133720930233,1
33.png,calcium,55,0,873.5,200.5,0.9454,mahalanobis,1.3232133720930233,0
33.png,calcium,41,0,1363.5,201.5,1.4889,mahalanobis,1.3232133720930233,1
33.png,calcium,105,0,1345.5,306.5,1.3091,mahalanobis,1.3232133720930233,0
33.png,calcium,140,0,902.5,307.5,0.6675,mahalanobis,1.3232133720930233,0
33.png,magnesium,25,0,818.5,-11.0,1.5013,mahalanobis,1.3232133720930233,1
33.png,magnesium,19,0,1283.5,-9.0,1.6284,mahalanobis,1.3232133720930233,1
33.png,magnesium,55,0,821.5,94.5,1.2718,mahalanobis,1.3232133720930233,0
33.png,magnesium,41,0,1311.5,95.5,1.5001,mahalanobis,1.3232133720930233,1
33.png,magnesium,105,0,1293.5,200.5,1.2782,mahalanobis,1.3232133720930233,0
33.png,magnesium,140,0,850.5,201.5,0.9935,mahalanobis,1.3232133720930233,0
33.png,potassium,55,0,720.0,-11.0,1.7079,mahalanobis,1.3232133720930233,1
33.png,potassium,41,0,1210.0,-10.0,1.4847,mahalanobis,1.3232133720930233,1
33.png,potassium,105,0,1192.0,95.0,1.2243,mahalanobis,1.3232133720930233,0
33.png,potassium,140,0,749.0,96.0,1.4375,mahalanobis,1.3232133720930233,1
33.png,chloride,105,0,1219.0,-10.0,1.5006,mahalanobis,1.3232133720930233,1
33.png,chloride,140,0,776.0,-9.0,1.5794,mahalanobis,1.3232133720930233,1
34.png,energy,339,0,777.8,-19.0,1.5078,mahalanobis,1.290812669683258,1
34.png,energy,1356,0,497.2,-16.5,1.5346,mahalanobis,1.290812669683258,1
34.png,energy,80,0,758.7,58.0,1.3099,mahalanobis,1.290812669683258,1
34.png,energy,319,0,475.9,61.0,1.4402,mahalanobis,1.290812669683258,1
34.png,energy,0,0,746.0,144.0,1.1076,mahalanobis,1.290812669683258,0
34.png,energy,0,0,452.5,151.0,1.3566,mahalanobis,1.290812669683258,1
34.png,energy,20,0,769.5,223.5,1.0158,mahalanobis,1.290812669683258,0
34.png,energy,80,0,469.5,229.5,1.1726,mahalanobis,1.290812669683258,0
34.png,energy,19,0,772.5,307.5,0.8825,mahalanobis,1.290812669683258,0
34.png,energy,77,0,475.5,313.0,1.0295,mahalanobis,1.290812669683258,0
34.png,energy,1.2,0,787.5,391.5,0.8234,mahalanobis,1.290812669683258,0
34.png,energy,5,0,458.5,399.5,1.0035,mahalanobis,1.290812669683258,0
34.png,energy,0,0,767.0,478.0,0.6457,mahalanobis,1.290812669683258,0
34.png,energy,0,0,465.5,482.5,0.909,mahalanobis,1.290812669683258,0
34.png,energy,0.9,0,793.5,555.5,0.735,mahalanobis,1.290812669683258,0
34.png,energy,3.5,0,494.0,560.0,0.7426,mahalanobis,1.290812669683258,0
34.png,energy,400,0,515.0,721.5,0.7131,mahalanobis,1.290812669683258,0
34.png,energy,100,0,815.5,721.5,0.8994,mahalanobis,1.290812669683258,0
34.png,energy,100,0,819.0,803.0,0.995,mahalanobis,1.290812669683258,0
34.png,energy,400,0,518.5,804.5,0.8012,mahalanobis,1.290812669683258,0
34.png,energy,100,0,521.0,887.5,0.9234,mahalanobis,1.290812669683258,0
34.png,energy,25,0,805.0,887.5,1.0515,mahalanobis,1.290812669683258,0
34.png,energy,0.7,0,819.5,973.0,1.2369,mahalanobis,1.290812669683258,0
34.png,energy,2.6,0,520.0,973.5,1.0803,mahalanobis,1.290812669683258,0
34.png,energy,72,0,512.5,1143.0,1.4296,mahalanobis,1.290812669683258,1
34.png,energy,18,0,818.5,1146.0,1.5398,mahalanobis,1.290812669683258,1
34.png,energy,12,0,516.0,1231.5,1.6038,mahalanobis,1.290812669683258,1
34.png,energy,3.0,0,833.5,1234.5,1.7481,mahalanobis,1.290812669683258,1
34.png,energy,3.2,0,533.0,1320.0,1.7618,mahalanobis,1.290812669683258,1
34.png,energy,0.8,0,839.5,1323.0,1.9352,mahalanobis,1.290812669683258,1
34.png,energy,2.9,0,536.5,1410.0,1.9517,mahalanobis,1.290812669683258,1
34.png,energy,0.7,0,845.5,1414.0,2.1302,mahalanobis,1.290812669683258,1
34.png,energy,0.8,0,539.5,1501.0,2.1471,mahalanobis,1.290812669683258,1
34.png,energy,0.2,0,847.0,1504.5,2.3168,mahalanobis,1.290812669683258,1
34.png,energy,0.8,0,544.0,1591.0,2.3406,mahalanobis,1.290812669683258,1
34.png,energy,0.2,0,852.5,1595.5,2.5153,mahalanobis,1.290812669683258,1
34.png,energy,34,0,526.0,1681.0,2.5589,mahalanobis,1.290812669683258,1
34.png,energy,8.4,0,848.0,1685.0,2.6934,mahalanobis,1.290812669683258,1
34.png,energy,3.5,0,542.0,1772.0,2.7444,mahalanobis,1.290812669683258,1
34.png,energy,0.9,0,854.5,1776.5,2.898,mahalanobis,1.290812669683258,1
34.png,fat,0,0,788.5,-12.5,1.5184,mahalanobis,1.290812669683258,1
34.png,fat,0,0,495.0,-5.5,1.5178,mahalanobis,1.290812669683258,1
34.png,fat,20,0,812.0,67.0,1.4253,mahalanobis,1.290812669683258,1
34.png,fat,80,0,512.0,73.0,1.3219,mahalanobis,1.290812669683258,1
34.png,fat,19,0,815.0,151.0,1.2844,mahalanobis,1.290812669683258,0
34.png,fat,77,0,518.0,156.5,1.1449,mahalanobis,1.290812669683258,0
34.png,fat,1.2,0,830.0,235.0,1.2021,mahalanobis,1.290812669683258,0
34.png,fat,5,0,501.0,243.0,1.0412,mahalanobis,1.290812669683258,0
34.png,fat,0,0,809.5,321.5,1.0015,mahalanobis,1.290812669683258,0
34.png,fat,0,0,508.0,326.0,0.8857,mahalanobis,1.290812669683258,0
34.png,fat,0.9,0,836.0,399.0,1.0278,mahalanobis,1.290812669683258,0
34.png,fat,3.5,0,536.5,403.5,0.6663,mahalanobis,1.290812669683258,0
34.png,fat,400,0,557.5,565.0,0.4301,mahalanobis,1.290812669683258,0
34.png,fat,100,0,858.0,565.0,1.0508,mahalanobis,1.290812669683258,0
34.png,fat,100,0,861.5,646.5,1.0778,mahalanobis,1.290812669683258,0
34.png,fat,400,0,561.0,648.0,0.4388,mahalanobis,1.290812669683258,0
34.png,fat,100,0,563.5,731.0,0.5245,mahalanobis,1.290812669683258,0
34.png,fat,25,0,847.5,731.0,1.0549,mahalanobis,1.290812669683258,0
34.png,fat,0.7,0,862.0,816.5,1.1957,mahalanobis,1.290812669683258,0
34.png,fat,2.6,0,562.5,817.0,0.6705,mahalanobis,1.290812669683258,0
34.png,fat,72,0,555.0,986.5,1.0192,mahalanobis,1.290812669683258,0
34.png,fat,18,0,861.0,989.5,1.411,mahalanobis,1.290812669683258,1
34.png,fat,12,0,558.5,1075.0,1.1968,mahalanobis,1.290812669683258,0
34.png,fat,3.0,0,876.0,1078.0,1.6015,mahalanobis,1.290812669683258,1
34.png,fat,3.2,0,575.5,1163.5,1.3628,mahalanobis,1.290812669683258,1
34.png,fat,0.8,0,882.0,1166.5,1.7676,mahalanobis,1.290812669683258,1
34.png,fat,2.9,0,579.0,1253.5,1.5573,mahalanobis,1.290812669683258,1
34.png,fat,0.7,0,888.0,1257.5,1.9451,mahalanobis,1.290812669683258,1
34.png,fat,0.8,0,582.0,1344.5,1.7567,mahalanobis,1.290812669683258,1
34.png,fat,0.2,0,889.5,1348.0,2.1145,mahalanobis,1.290812669683258,1
34.png,fat,0.8,0,586.5,1434.5,1.9543,mahalanobis,1.290812669683258,1
34.png,fat,0.2,0,895.0,1439.0,2.3012,mahalanobis,1.290812669683258,1
34.png,fat,34,0,568.5,1524.5,2.1697,mahalanobis,1.290812669683258,1
34.png,fat,8.4,0,890.5,1528.5,2.4638,mahalanobis,1.290812669683258,1
34.png,fat,3.5,0,584.5,1615.5,2.3617,mahalanobis,1.290812669683258,1
34.png,fat,0.9,0,897.0,1620.0,2.661,mahalanobis,1.290812669683258,1
34.png,carbohydrate,20,0,674.0,-8.5,1.3419,mahalanobis,1.290812669683258,1
34.png,carbohydrate,80,0,374.0,-2.5,1.8754,mahalanobis,1.290812669683258,1
34.png,carbohydrate,19,0,677.0,75.5,1.1549,mahalanobis,1.290812669683258,0
34.png,carbohydrate,77,0,380.0,81.0,1.725,mahalanobis,1.290812669683258,1
34.png,carbohydrate,1.2,0,692.0,159.5,0.9818,mahalanobis,1.290812669683258,0
34.png,carbohydrate,5,0,363.0,167.5,1.6721,mahalanobis,1.290812669683258,1
34.png,carbohydrate,0,0,671.5,246.0,0.7693,mahalanobis,1.290812669683258,0
34.png,carbohydrate,0,0,370.0,250.5,1.5444,mahalanobis,1.290812669683258,1
34.png,carbohydrate,0.9,0,698.0,323.5,0.6389,mahalanobis,1.290812669683258,0
34.png,carbohydrate,3.5,0,398.5,328.0,1.3395,mahalanobis,1.290812669683258,1
34.png,carbohydrate,400,0,419.5,489.5,1.1269,mahalanobis,1.290812669683258,0
34.png,carbohydrate,100,0,720.0,489.5,0.4246,mahalanobis,1.290812669683258,0
34.png,carbohydrate,100,0,723.5,571.0,0.3889,mahalanobis,1.290812669683258,0
34.png,carbohydrate,400,0,423.0,572.5,1.0907,mahalanobis,1.290812669683258,0
34.png,carbohydrate,100,0,425.5,655.5,1.0915,mahalanobis,1.290812669683258,0
34.png,carbohydrate,25,0,709.5,655.5,0.3615,mahalanobis,1.290812669683258,0
34.png,carbohydrate,0.7,0,724.0,741.0,0.5333,mahalanobis,1.290812669683258,0
34.png,carbohydrate,2.6,0,424.5,741.5,1.1427,mahalanobis,1.290812669683258,0
34.png,carbohydrate,72,0,417.0,911.0,1.3468,mahalanobis,1.290812669683258,1
34.png,carbohydrate,18,0,723.0,914.0,0.8476,mahalanobis,1.290812669683258,0
34.png,carbohydrate,12,0,420.5,999.5,1.4545,mahalanobis,1.290812669683258,1
34.png,carbohydrate,3.0,0,738.0,1002.5,1.06,mahalanobis,1.290812669683258,0
34.png,carbohydrate,3.2,0,437.5,1088.0,1.5357,mahalanobis,1.290812669683258,1
34.png,carbohydrate,0.8,0,744.0,1091.0,1.2548,mahalanobis,1.290812669683258,0
34.png,carbohydrate,2.9,0,441.0,1178.0,1.6832,mahalanobis,1.290812669683258,1
34.png,carbohydrate,0.7,0,750.0,1182.0,1.457,mahalanobis,1.290812669683258,1
34.png,carbohydrate,0.8,0,444.0,1269.0,1.8449,mahalanobis,1.290812669683258,1
34.png,carbohydrate,0.2,0,751.5,1272.5,1.6525,mahalanobis,1.290812669683258,1
34.png,carbohydrate,0.8,0,448.5,1359.0,2.0093,mahalanobis,1.290812669683258,1
34.png,carbohydrate,0.2,0,757.0,1363.5,1.8568,mahalanobis,1.290812669683258,1
34.png,carbohydrate,34,0,430.5,1449.0,2.2307,mahalanobis,1.290812669683258,1
34.png,carbohydrate,8.4,0,752.5,1453.0,2.0453,mahalanobis,1.290812669683258,1
34.png,carbohydrate,3.5,0,446.5,1540.0,2.3809,mahalanobis,1.290812669683258,1
34.png,carbohydrate,0.9,0,759.0,1544.5,2.2538,mahalanobis,1.290812669683258,1
34.png,sugars,19,0,625.5,-6.0,1.3317,mahalanobis,1.290812669683258,1
34.png,sugars,77,0,328.5,-0.5,2.0376,mahalanobis,1.290812669683258,1
34.png,sugars,1.2,0,640.5,78.0,1.1384,mahalanobis,1.290812669683258,0
34.png,sugars,5,0,311.5,86.0,1.9854,mahalanobis,1.290812669683258,1
34.png,sugars,0,0,620.0,164.5,0.9501,mahalanobis,1.290812669683258,0
34.png,sugars,0,0,318.5,169.0,1.8559,mahalanobis,1.290812669683258,1
34.png,sugars,0.9,0,646.5,242.0,0.7669,mahalanobis,1.290812669683258,0
34.png,sugars,3.5,0,347.0,246.5,1.6485,mahalanobis,1.290812669683258,1
34.png,sugars,400,0,368.0,408.0,1.4163,mahalanobis,1.290812669683258,1
34.png,sugars,100,0,668.5,408.0,0.4083,mahalanobis,1.290812669683258,0
34.png,sugars,100,0,672.0,489.5,0.2466,mahalanobis,1.290812669683258,0
34.png,sugars,400,0,371.5,491.0,1.3593,mahalanobis,1.290812669683258,1
34.png,sugars,100,0,374.0,574.0,1.3318,mahalanobis,1.290812669683258,1
34.png,sugars,25,0,658.0,574.0,0.0676,mahalanobis,1.290812669683258,0
34.png,sugars,0.7,0,672.5,659.5,0.2252,mahalanobis,1.290812669683258,0
34.png,sugars,2.6,0,373.0,660.0,1.3486,mahalanobis,1.290812669683258,1
34.png,sugars,72,0,365.5,829.5,1.4846,mahalanobis,1.290812669683258,1
34.png,sugars,18,0,671.5,832.5,0.5854,mahalanobis,1.290812669683258,0
34.png,sugars,12,0,369.0,918.0,1.5566,mahalanobis,1.290812669683258,1
34.png,sugars,3.0,0,686.5,921.0,0.7977,mahalanobis,1.290812669683258,0
34.png,sugars,3.2,0,386.0,1006.5,1.5966,mahalanobis,1.290812669683258,1
34.png,sugars,0.8,0,692.5,1009.5,0.9992,mahalanobis,1.290812669683258,0
34.png,sugars,2.9,0,389.5,1096.5,1.7147,mahalanobis,1.290812669683258,1
34.png,sugars,0.7,0,698.5,1100.5,1.2065,mahalanobis,1.290812669683258,0
34.png,sugars,0.8,0,392.5,1187.5,1.8513,mahalanobis,1.290812669683258,1
34.png,sugars,0.2,0,700.0,1191.0,1.4086,mahalanobis,1.290812669683258,1
34.png,sugars,0.8,0,397.0,1277.5,1.9935,mahalanobis,1.290812669683258,1
34.png,sugars,0.2,0,705.5,1282.0,1.616,mahalanobis,1.290812669683258,1
34.png,sugars,34,0,379.0,1367.5,2.2096,mahalanobis,1.290812669683258,1
34.png,sugars,8.4,0,701.0,1371.5,1.812,mahalanobis,1.290812669683258,1
34.png,sugars,3.5,0,395.0,1458.5,2.3366,mahalanobis,1.290812669683258,1
34.png,sugars,0.9,0,707.5,1463.0,2.0217,mahalanobis,1.290812669683258,1
34.png,fibre,1.2,0,800.0,-8.0,1.5367,mahalanobis,1.290812669683258,1
34.png,fibre,5,0,471.0,0.0,1.568,mahalanobis,1.290812669683258,1
34.png,fibre,0,0,779.5,78.5,1.3167,mahalanobis,1.290812669683258,1
34.png,fibre,0,0,478.0,83.0,1.3936,mahalanobis,1.290812669683258,1
34.png,fibre,0.9,0,806.0,156.0,1.2472,mahalanobis,1.290812669683258,0
34.png,fibre,3.5,0,506.5,160.5,1.1692,mahalanobis,1.290812669683258,0
34.png,fibre,400,0,527.5,322.0,0.8217,mahalanobis,1.290812669683258,0
34.png,fibre,100,0,828.0,322.0,1.0759,mahalanobis,1.290812669683258,0
34.png,fibre,100,0,831.5,403.5,1.0035,mahalanobis,1.290812669683258,0
34.png,fibre,400,0,531.0,405.0,0.6861,mahalanobis,1.290812669683258,0
34.png,fibre,100,0,533.5,488.0,0.5857,mahalanobis,1.290812669683258,0
34.png,fibre,25,0,817.5,488.0,0.8764,mahalanobis,1.290812669683258,0
34.png,fibre,0.7,0,832.0,573.5,0.9224,mahalanobis,1.290812669683258,0
34.png,fibre,2.6,0,532.5,574.0,0.5519,mahalanobis,1.290812669683258,0
34.png,fibre,72,0,525.0,743.5,0.6945,mahalanobis,1.290812669683258,0
34.png,fibre,18,0,831.0,746.5,0.9912,mahalanobis,1.290812669683258,0
34.png,fibre,12,0,528.5,832.0,0.8064,mahalanobis,1.290812669683258,0
34.png,fibre,3.0,0,846.0,835.0,1.1463,mahalanobis,1.290812669683258,0
34.png,fibre,3.2,0,545.5,920.5,0.911,mahalanobis,1.290812669683258,0
34.png,fibre,0.8,0,852.0,923.5,1.2823,mahalanobis,1.290812669683258,0
34.png,fibre,2.9,0,549.0,1010.5,1.081,mahalanobis,1.290812669683258,0
34.png,fibre,0.7,0,858.0,1014.5,1.438,mahalanobis,1.290812669683258,1
34.png,fibre,0.8,0,552.0,1101.5,1.2643,mahalanobis,1.290812669683258,0
34.png,fibre,0.2,0,859.5,1105.0,1.5899,mahalanobis,1.290812669683258,1
34.png,fibre,0.8,0,556.5,1191.5,1.4494,mahalanobis,1.290812669683258,1
34.png,fibre,0.2,0,865.0,1196.0,1.7657,mahalanobis,1.290812669683258,1
34.png,fibre,34,0,538.5,1281.5,1.6706,mahalanobis,1.290812669683258,1
34.png,fibre,8.4,0,860.5,1285.5,1.9172,mahalanobis,1.290812669683258,1
34.png,fibre,3.5,0,554.5,1372.5,1.8469,mahalanobis,1.290812669683258,1
34.png,fibre,0.9,0,867.0,1377.0,2.1093,mahalanobis,1.290812669683258,1
34.png,vitamin c,0,0,964.0,-0.5,2.05,mahalanobis,1.290812669683258,1
34.png,vitamin c,0,0,662.5,4.0,1.3087,mahalanobis,1.290812669683258,1
34.png,vitamin c,0.9,0,990.5,77.0,2.049,mahalanobis,1.290812669683258,1
34.png,vitamin c,3.5,0,691.0,81.5,1.1531,mahalanobis,1.290812669683258,0
34.png,vitamin c,400,0,712.0,243.0,0.8335,mahalanobis,1.290812669683258,0
34.png,vitamin c,100,0,1012.5,243.0,1.9653,mahalanobis,1.290812669683258,1
34.png,vitamin c,100,0,1016.0,324.5,1.9176,mahalanobis,1.290812669683258,1
34.png,vitamin c,400,0,715.5,326.0,0.674,mahalanobis,1.290812669683258,0
34.png,vitamin c,100,0,718.0,409.0,0.5306,mahalanobis,1.290812669683258,0
34.png,vitamin c,25,0,1002.0,409.0,1.8013,mahalanobis,1.290812669683258,1
34.png,vitamin c,0.7,0,1016.5,494.5,1.8406,mahalanobis,1.290812669683258,1
34.png,vitamin c,2.6,0,717.0,495.0,0.4057,mahalanobis,1.290812669683258,0
34.png,vitamin c,72,0,709.5,664.5,0.3715,mahalanobis,1.290812669683258,0
34.png,vitamin c,18,0,1015.5,667.5,1.8358,mahalanobis,1.290812669683258,1
34.png,vitamin c,12,0,713.0,753.0,0.5153,mahalanobis,1.290812669683258,0
34.png,vitamin c,3.0,0,1030.5,756.0,1.9401,mahalanobis,1.290812669683258,1
34.png,vitamin c,3.2,0,730.0,841.5,0.7248,mahalanobis,1.290812669683258,0
34.png,vitamin c,0.8,0,1036.5,844.5,2.019,mahalanobis,1.290812669683258,1
34.png,vitamin c,2.9,0,733.5,931.5,0.9069,mahalanobis,1.290812669683258,0
34.png,vitamin c,0.7,0,1042.5,935.5,2.1165,mahalanobis,1.290812669683258,1
34.png,vitamin c,0.8,0,736.5,1022.5,1.0979,mahalanobis,1.290812669683258,0
34.png,vitamin c,0.2,0,1044.0,1026.0,2.2091,mahalanobis,1.290812669683258,1
34.png,vitamin c,0.8,0,741.0,1112.5,1.2943,mahalanobis,1.290812669683258,1
34.png,vitamin c,0.2,0,1049.5,1117.0,2.3335,mahalanobis,1.290812669683258,1
34.png,vitamin c,34,0,723.0,1202.5,1.4599,mahalanobis,1.290812669683258,1
34.png,vitamin c,8.4,0,1045.0,1206.5,2.4271,mahalanobis,1.290812669683258,1
34.png,vitamin c,3.5,0,739.0,1293.5,1.6796,mahalanobis,1.290812669683258,1
34.png,vitamin c,0.9,0,1051.5,1298.0,2.5783,mahalanobis,1.290812669683258,1
34.png,protein,0,0,747.5,-4.5,1.4185,mahalanobis,1.290812669683258,1
34.png,protein,0,0,446.0,0.0,1.6383,mahalanobis,1.290812669683258,1
34.png,protein,0.9,0,774.0,73.0,1.3141,mahalanobis,1.290812669683258,1
34.png,protein,3.5,0,474.5,77.5,1.4138,mahalanobis,1.290812669683258,1
34.png,protein,400,0,495.5,239.0,1.0663,mahalanobis,1.290812669683258,0
34.png,protein,100,0,796.0,239.0,1.0741,mahalanobis,1.290812669683258,0
34.png,protein,100,0,799.5,320.5,0.9634,mahalanobis,1.290812669683258,0
34.png,protein,400,0,499.0,322.0,0.9255,mahalanobis,1.290812669683258,0
34.png,protein,100,0,501.5,405.0,0.8088,mahalanobis,1.290812669683258,0
34.png,protein,25,0,785.5,405.0,0.7994,mahalanobis,1.290812669683258,0
34.png,protein,0.7,0,800.0,490.5,0.7915,mahalanobis,1.290812669683258,0
34.png,protein,2.6,0,500.5,491.0,0.7377,mahalanobis,1.290812669683258,0
34.png,protein,72,0,493.0,660.5,0.7676,mahalanobis,1.290812669683258,0
34.png,protein,18,0,799.0,663.5,0.7826,mahalanobis,1.290812669683258,0
34.png,protein,12,0,496.5,749.0,0.8225,mahalanobis,1.290812669683258,0
34.png,protein,3.0,0,814.0,752.0,0.9195,mahalanobis,1.290812669683258,0
34.png,protein,3.2,0,513.5,837.5,0.8686,mahalanobis,1.290812669683258,0
34.png,protein,0.8,0,820.0,840.5,1.0446,mahalanobis,1.290812669683258,0
34.png,protein,2.9,0,517.0,927.5,1.0055,mahalanobis,1.290812669683258,0
34.png,protein,0.7,0,826.0,931.5,1.1949,mahalanobis,1.290812669683258,0
34.png,protein,0.8,0,520.0,1018.5,1.1657,mahalanobis,1.290812669683258,0
34.png,protein,0.2,0,827.5,1022.0,1.3449,mahalanobis,1.290812669683258,1
34.png,protein,0.8,0,524.5,1108.5,1.3333,mahalanobis,1.290812669683258,1
34.png,protein,0.2,0,833.0,1113.0,1.5207,mahalanobis,1.290812669683258,1
34.png,protein,34,0,506.5,1198.5,1.5553,mahalanobis,1.290812669683258,1
34.png,protein,8.4,0,828.5,1202.5,1.6737,mahalanobis,1.290812669683258,1
34.png,protein,3.5,0,522.5,1289.5,1.7138,mahalanobis,1.290812669683258,1
34.png,protein,0.9,0,835.0,1294.0,1.8673,mahalanobis,1.290812669683258,1
34.png,salt,0.9,0,817.0,-10.0,1.5839,mahalanobis,1.290812669683258,1
34.png,salt,3.5,0,517.5,-5.5,1.4673,mahalanobis,1.290812669683258,1
34.png,salt,400,0,538.5,156.0,1.0942,mahalanobis,1.290812669683258,0
34.png,salt,100,0,839.0,156.0,1.3564,mahalanobis,1.290812669683258,1
34.png,salt,100,0,842.5,237.5,1.2459,mahalanobis,1.290812669683258,0
34.png,salt,400,0,542.0,239.0,0.9239,mahalanobis,1.290812669683258,0
34.png,salt,100,0,544.5,322.0,0.7654,mahalanobis,1.290812669683258,0
34.png,salt,25,0,828.5,322.0,1.078,mahalanobis,1.290812669683258,0
34.png,salt,0.7,0,843.0,407.5,1.0522,mahalanobis,1.290812669683258,0
34.png,salt,2.6,0,543.5,408.0,0.6328,mahalanobis,1.290812669683258,0
34.png,salt,72,0,536.0,577.5,0.5345,mahalanobis,1.290812669683258,0
34.png,salt,18,0,842.0,580.5,0.9714,mahalanobis,1.290812669683258,0
34.png,salt,12,0,539.5,666.0,0.5521,mahalanobis,1.290812669683258,0
34.png,salt,3.0,0,857.0,669.0,1.0642,mahalanobis,1.290812669683258,0
34.png,salt,3.2,0,556.5,754.5,0.5856,mahalanobis,1.290812669683258,0
34.png,salt,0.8,0,863.0,757.5,1.1469,mahalanobis,1.290812669683258,0
34.png,salt,2.9,0,560.0,844.5,0.7281,mahalanobis,1.290812669683258,0
34.png,salt,0.7,0,869.0,848.5,1.2599,mahalanobis,1.290812669683258,0
34.png,salt,0.8,0,563.0,935.5,0.8982,mahalanobis,1.290812669683258,0
34.png,salt,0.2,0,870.5,939.0,1.3763,mahalanobis,1.290812669683258,1
34.png,salt,0.8,0,567.5,1025.5,1.0763,mahalanobis,1.290812669683258,0
34.png,salt,0.2,0,876.0,1030.0,1.527,mahalanobis,1.290812669683258,1
34.png,salt,34,0,549.5,1115.5,1.2983,mahalanobis,1.290812669683258,1
34.png,salt,8.4,0,871.5,1119.5,1.6539,mahalanobis,1.290812669683258,1
34.png,salt,3.5,0,565.5,1206.5,1.4695,mahalanobis,1.290812669683258,1
34.png,salt,0.9,0,878.0,1211.0,1.832,mahalanobis,1.290812669683258,1
34.png,calcium,400,0,478.5,-4.0,1.5559,mahalanobis,1.290812669683258,1
34.png,calcium,100,0,779.0,-4.0,1.4799,mahalanobis,1.290812669683258,1
34.png,calcium,100,0,782.5,77.5,1.3261,mahalanobis,1.290812669683258,1
34.png,calcium,400,0,482.0,79.0,1.3895,mahalanobis,1.290812669683258,1
34.png,calcium,100,0,484.5,162.0,1.2327,mahalanobis,1.290812669683258,0
34.png,calcium,25,0,768.5,162.0,1.1272,mahalanobis,1.290812669683258,0
34.png,calcium,0.7,0,783.0,247.5,1.0164,mahalanobis,1.290812669683258,0
34.png,calcium,2.6,0,483.5,248.0,1.0936,mahalanobis,1.290812669683258,0
34.png,calcium,72,0,476.0,417.5,0.9083,mahalanobis,1.290812669683258,0
34.png,calcium,18,0,782.0,420.5,0.7673,mahalanobis,1.290812669683258,0
34.png,calcium,12,0,479.5,506.0,0.8299,mahalanobis,1.290812669683258,0
34.png,calcium,3.0,0,797.0,509.0,0.7673,mahalanobis,1.290812669683258,0
34.png,calcium,3.2,0,496.5,594.5,0.7295,mahalanobis,1.290812669683258,0
34.png,calcium,0.8,0,803.0,597.5,0.7804,mahalanobis,1.290812669683258,0
34.png,calcium,2.9,0,500.0,684.5,0.7494,mahalanobis,1.290812669683258,0
34.png,calcium,0.7,0,809.0,688.5,0.8451,mahalanobis,1.290812669683258,0
34.png,calcium,0.8,0,503.0,775.5,0.8247,mahalanobis,1.290812669683258,0
34.png,calcium,0.2,0,810.5,779.0,0.9318,mahalanobis,1.290812669683258,0
34.png,calcium,0.8,0,507.5,865.5,0.9334,mahalanobis,1.290812669683258,0
34.png,calcium,0.2,0,816.0,870.0,1.068,mahalanobis,1.290812669683258,0
34.png,calcium,34,0,489.5,955.5,1.1415,mahalanobis,1.290812669683258,0
34.png,calcium,8.4,0,811.5,959.5,1.1876,mahalanobis,1.290812669683258,0
34.png,calcium,3.5,0,505.5,1046.5,1.2574,mahalanobis,1.290812669683258,0
34.png,calcium,0.9,0,818.0,1051.0,1.3646,mahalanobis,1.290812669683258,1
34.png,potassium,100,0,750.5,-5.5,1.4259,mahalanobis,1.290812669683258,1
34.png,potassium,400,0,450.0,-4.0,1.634,mahalanobis,1.290812669683258,1
34.png,potassium,100,0,452.5,79.0,1.4779,mahalanobis,1.290812669683258,1
34.png,potassium,25,0,736.5,79.0,1.2227,mahalanobis,1.290812669683258,0
34.png,potassium,0.7,0,751.0,164.5,1.0781,mahalanobis,1.290812669683258,0
34.png,potassium,2.6,0,451.5,165.0,1.3375,mahalanobis,1.290812669683258,1
34.png,potassium,72,0,444.0,334.5,1.1337,mahalanobis,1.290812669683258,0
34.png,potassium,18,0,750.0,337.5,0.7565,mahalanobis,1.290812669683258,0
34.png,potassium,12,0,447.5,423.0,1.0336,mahalanobis,1.290812669683258,0
34.png,potassium,3.0,0,765.0,426.0,0.6883,mahalanobis,1.290812669683258,0
34.png,potassium,3.2,0,464.5,511.5,0.9001,mahalanobis,1.290812669683258,0
34.png,potassium,0.8,0,771.0,514.5,0.6398,mahalanobis,1.290812669683258,0
34.png,potassium,2.9,0,468.0,601.5,0.8704,mahalanobis,1.290812669683258,0
34.png,potassium,0.7,0,777.0,605.5,0.654,mahalanobis,1.290812669683258,0
34.png,potassium,0.8,0,471.0,692.5,0.8911,mahalanobis,1.290812669683258,0
34.png,potassium,0.2,0,778.5,696.0,0.7088,mahalanobis,1.290812669683258,0
34.png,potassium,0.8,0,475.5,782.5,0.9494,mahalanobis,1.290812669683258,0
34.png,potassium,0.2,0,784.0,787.0,0.83,mahalanobis,1.290812669683258,0
34.png,potassium,34,0,457.5,872.5,1.1333,mahalanobis,1.290812669683258,0
34.png,potassium,8.4,0,779.5,876.5,0.9431,mahalanobis,1.290812669683258,0
34.png,potassium,3.5,0,473.5,963.5,1.2085,mahalanobis,1.290812669683258,0
34.png,potassium,0.9,0,786.0,968.0,1.1195,mahalanobis,1.290812669683258,0
34.png,magnesium,100,0,434.5,-2.5,1.6771,mahalanobis,1.290812669683258,1
34.png,magnesium,25,0,718.5,-2.5,1.3697,mahalanobis,1.290812669683258,1
34.png,magnesium,0.7,0,733.0,83.0,1.208,mahalanobis,1.290812669683258,0
34.png,magnesium,2.6,0,433.5,83.5,1.5319,mahalanobis,1.290812669683258,1
34.png,magnesium,72,0,426.0,253.0,1.3068,mahalanobis,1.290812669683258,1
34.png,magnesium,18,0,732.0,256.0,0.8517,mahalanobis,1.290812669683258,0
34.png,magnesium,12,0,429.5,341.5,1.1891,mahalanobis,1.290812669683258,0
34.png,magnesium,3.0,0,747.0,344.5,0.7348,mahalanobis,1.290812669683258,0
34.png,magnesium,3.2,0,446.5,430.0,1.0329,mahalanobis,1.290812669683258,0
34.png,magnesium,0.8,0,753.0,433.0,0.6296,mahalanobis,1.290812669683258,0
34.png,magnesium,2.9,0,450.0,520.0,0.9675,mahalanobis,1.290812669683258,0
34.png,magnesium,0.7,0,759.0,524.0,0.5774,mahalanobis,1.290812669683258,0
34.png,magnesium,0.8,0,453.0,611.0,0.9454,mahalanobis,1.290812669683258,0
34.png,magnesium,0.2,0,760.5,614.5,0.5755,mahalanobis,1.290812669683258,0
34.png,magnesium,0.8,0,457.5,701.0,0.9602,mahalanobis,1.290812669683258,0
34.png,magnesium,0.2,0,766.0,705.5,0.6609,mahalanobis,1.290812669683258,0
34.png,magnesium,34,0,439.5,791.0,1.1161,mahalanobis,1.290812669683258,0
34.png,magnesium,8.4,0,761.5,795.0,0.7526,mahalanobis,1.290812669683258,0
34.png,magnesium,3.5,0,455.5,882.0,1.1539,mahalanobis,1.290812669683258,0
34.png,magnesium,0.9,0,768.0,886.5,0.921,mahalanobis,1.290812669683258,0
34.png,zinc,0.7,0,826.0,-1.5,1.5921,mahalanobis,1.290812669683258,1
34.png,zinc,2.6,0,526.5,-1.0,1.4396,mahalanobis,1.290812669683258,1
34.png,zinc,72,0,519.0,168.5,1.1194,mahalanobis,1.290812669683258,0
34.png,zinc,18,0,825.0,171.5,1.2832,mahalanobis,1.290812669683258,0
34.png,zinc,12,0,522.5,257.0,0.9478,mahalanobis,1.290812669683258,0
34.png,zinc,3.0,0,840.0,260.0,1.205,mahalanobis,1.290812669683258,0
34.png,zinc,3.2,0,539.5,345.5,0.7424,mahalanobis,1.290812669683258,0
34.png,zinc,0.8,0,846.0,348.5,1.1219,mahalanobis,1.290812669683258,0
34.png,zinc,2.9,0,543.0,435.5,0.5984,mahalanobis,1.290812669683258,0
34.png,zinc,0.7,0,852.0,439.5,1.0695,mahalanobis,1.290812669683258,0
34.png,zinc,0.8,0,546.0,526.5,0.5005,mahalanobis,1.290812669683258,0
34.png,zinc,0.2,0,853.5,530.0,1.0344,mahalanobis,1.290812669683258,0
34.png,zinc,0.8,0,550.5,616.5,0.4701,mahalanobis,1.290812669683258,0
34.png,zinc,0.2,0,859.0,621.0,1.059,mahalanobis,1.290812669683258,0
34.png,zinc,34,0,532.5,706.5,0.6209,mahalanobis,1.290812669683258,0
34.png,zinc,8.4,0,854.5,710.5,1.074,mahalanobis,1.290812669683258,0
34.png,zinc,3.5,0,548.5,797.5,0.6817,mahalanobis,1.290812669683258,0
34.png,zinc,0.9,0,861.0,802.0,1.177,mahalanobis,1.290812669683258,0
34.png,vitamins,72,0,-75.0,87.0,3.7136,mahalanobis,1.290812669683258,1
34.png,vitamins,18,0,231.0,90.0,2.3189,mahalanobis,1.290812669683258,1
34.png,vitamins,12,0,-71.5,175.5,3.6416,mahalanobis,1.290812669683258,1
34.png,vitamins,3.0,0,246.0,178.5,2.1627,mahalanobis,1.290812669683258,1
34.png,vitamins,3.2,0,-54.5,264.0,3.5144,mahalanobis,1.290812669683258,1
34.png,vitamins,0.8,0,252.0,267.0,2.0585,mahalanobis,1.290812669683258,1
34.png,vitamins,2.9,0,-51.0,354.0,3.4615,mahalanobis,1.290812669683258,1
34.png,vitamins,0.7,0,258.0,358.0,1.9682,mahalanobis,1.290812669683258,1
34.png,vitamins,0.8,0,-48.0,445.0,3.4223,mahalanobis,1.290812669683258,1
34.png,vitamins,0.2,0,259.5,448.5,1.9187,mahalanobis,1.290812669683258,1
34.png,vitamins,0.8,0,-43.5,535.0,3.3879,mahalanobis,1.290812669683258,1
34.png,vitamins,0.2,0,265.0,539.5,1.8704,mahalanobis,1.290812669683258,1
34.png,vitamins,34,0,-61.5,625.0,3.4763,mahalanobis,1.290812669683258,1
34.png,vitamins,8.4,0,260.5,629.0,1.8934,mahalanobis,1.290812669683258,1
34.png,vitamins,3.5,0,-45.5,716.0,3.4099,mahalanobis,1.290812669683258,1
34.png,vitamins,0.9,0,267.0,720.5,1.885,mahalanobis,1.290812669683258,1
34.png,vitamins,72,0,459.5,85.5,1.4446,mahalanobis,1.290812669683258,1
34.png,vitamins,18,0,765.5,88.5,1.2633,mahalanobis,1.290812669683258,0
34.png,vitamins,12,0,463.0,174.0,1.2832,mahalanobis,1.290812669683258,0
34.png,vitamins,3.0,0,780.5,177.0,1.1326,mahalanobis,1.290812669683258,0
34.png,vitamins,3.2,0,480.0,262.5,1.0841,mahalanobis,1.290812669683258,0
34.png,vitamins,0.8,0,786.5,265.5,0.9985,mahalanobis,1.290812669683258,0
34.png,vitamins,2.9,0,483.5,352.5,0.9463,mahalanobis,1.290812669683258,0
34.png,vitamins,0.7,0,792.5,356.5,0.8874,mahalanobis,1.290812669683258,0
34.png,vitamins,0.8,0,486.5,443.5,0.8378,mahalanobis,1.290812669683258,0
34.png,vitamins,0.2,0,794.0,447.0,0.7951,mahalanobis,1.290812669683258,0
34.png,vitamins,0.8,0,491.0,533.5,0.7634,mahalanobis,1.290812669683258,0
34.png,vitamins,0.2,0,799.5,538.0,0.7684,mahalanobis,1.290812669683258,0
34.png,vitamins,34,0,473.0,623.5,0.85,mahalanobis,1.290812669683258,0
34.png,vitamins,8.4,0,795.0,627.5,0.7477,mahalanobis,1.290812669683258,0
34.png,vitamins,3.5,0,489.0,714.5,0.8235,mahalanobis,1.290812669683258,0
34.png,vitamins,0.9,0,801.5,719.0,0.8332,mahalanobis,1.290812669683258,0
34.png,vitamin c,72,0,551.5,1.0,1.3902,mahalanobis,1.290812669683258,1
34.png,vitamin c,18,0,857.5,4.0,1.6741,mahalanobis,1.290812669683258,1
34.png,vitamin c,12,0,555.0,89.5,1.1964,mahalanobis,1.290812669683258,0
34.png,vitamin c,3.0,0,872.5,92.5,1.5747,mahalanobis,1.290812669683258,1
34.png,vitamin c,3.2,0,572.0,178.0,0.9793,mahalanobis,1.290812669683258,0
34.png,vitamin c,0.8,0,878.5,181.0,1.4642,mahalanobis,1.290812669683258,1
34.png,vitamin c,2.9,0,575.5,268.0,0.7854,mahalanobis,1.290812669683258,0
34.png,vitamin c,0.7,0,884.5,272.0,1.372,mahalanobis,1.290812669683258,1
34.png,vitamin c,0.8,0,578.5,359.0,0.5981,mahalanobis,1.290812669683258,0
34.png,vitamin c,0.2,0,886.0,362.5,1.2866,mahalanobis,1.290812669683258,0
34.png,vitamin c,0.8,0,583.0,449.0,0.4252,mahalanobis,1.290812669683258,0
34.png,vitamin c,0.2,0,891.5,453.5,1.2487,mahalanobis,1.290812669683258,0
34.png,vitamin c,34,0,565.0,539.0,0.403,mahalanobis,1.290812669683258,0
34.png,vitamin c,8.4,0,887.0,543.0,1.1959,mahalanobis,1.290812669683258,0
34.png,vitamin c,3.5,0,581.0,630.0,0.3323,mahalanobis,1.290812669683258,0
34.png,vitamin c,0.9,0,893.5,634.5,1.2309,mahalanobis,1.290812669683258,0
34.png,niacin,12,0,538.0,1.5,1.4125,mahalanobis,1.290812669683258,1
34.png,niacin,3.0,0,855.5,4.5,1.6671,mahalanobis,1.290812669683258,1
34.png,niacin,3.2,0,555.0,90.0,1.1954,mahalanobis,1.290812669683258,0
34.png,niacin,0.8,0,861.5,93.0,1.5358,mahalanobis,1.290812669683258,1
34.png,niacin,2.9,0,558.5,180.0,1.0013,mahalanobis,1.290812669683258,0
34.png,niacin,0.7,0,867.5,184.0,1.4178,mahalanobis,1.290812669683258,1
34.png,niacin,0.8,0,561.5,271.0,0.8118,mahalanobis,1.290812669683258,0
34.png,niacin,0.2,0,869.0,274.5,1.3039,mahalanobis,1.290812669683258,1
34.png,niacin,0.8,0,566.0,361.0,0.6301,mahalanobis,1.290812669683258,0
34.png,niacin,0.2,0,874.5,365.5,1.2318,mahalanobis,1.290812669683258,0
34.png,niacin,34,0,548.0,451.0,0.5588,mahalanobis,1.290812669683258,0
34.png,niacin,8.4,0,870.0,455.0,1.1452,mahalanobis,1.290812669683258,0
34.png,niacin,3.5,0,564.0,542.0,0.4062,mahalanobis,1.290812669683258,0
34.png,niacin,0.9,0,876.5,546.5,1.1438,mahalanobis,1.290812669683258,0
34.png,vitamin b6,3.2,0,552.0,4.0,1.383,mahalanobis,1.290812669683258,1
34.png,vitamin b6,0.8,0,858.5,7.0,1.6719,mahalanobis,1.290812669683258,1
34.png,vitamin b6,2.9,0,555.5,94.0,1.186,mahalanobis,1.290812669683258,0
34.png,vitamin b6,0.7,0,864.5,98.0,1.538,mahalanobis,1.290812669683258,1
34.png,vitamin b6,0.8,0,558.5,185.0,0.9911,mahalanobis,1.290812669683258,0
34.png,vitamin b6,0.2,0,866.0,188.5,1.4056,mahalanobis,1.290812669683258,1
34.png,vitamin b6,0.8,0,563.0,275.0,0.8002,mahalanobis,1.290812669683258,0
34.png,vitamin b6,0.2,0,871.5,279.5,1.3084,mahalanobis,1.290812669683258,1
34.png,vitamin b6,34,0,545.0,365.0,0.6919,mahalanobis,1.290812669683258,0
34.png,vitamin b6,8.4,0,867.0,369.0,1.1948,mahalanobis,1.290812669683258,0
34.png,vitamin b6,3.5,0,561.0,456.0,0.499,mahalanobis,1.290812669683258,0
34.png,vitamin b6,0.9,0,873.5,460.5,1.1589,mahalanobis,1.290812669683258,0
34.png,pantothenic acid,2.9,0,554.5,5.5,1.3758,mahalanobis,1.290812669683258,1
34.png,pantothenic acid,0.7,0,863.5,9.5,1.6832,mahalanobis,1.290812669683258,1
34.png,pantothenic acid,0.8,0,557.5,96.5,1.1772,mahalanobis,1.290812669683258,0
34.png,pantothenic acid,0.2,0,865.0,100.0,1.5366,mahalanobis,1.290812669683258,1
34.png,pantothenic acid,0.8,0,562.0,186.5,0.9808,mahalanobis,1.290812669683258,0
34.png,pantothenic acid,0.2,0,870.5,191.0,1.4193,mahalanobis,1.290812669683258,1
34.png,pantothenic acid,34,0,544.0,276.5,0.8482,mahalanobis,1.290812669683258,0
34.png,pantothenic acid,8.4,0,866.0,280.5,1.2842,mahalanobis,1.290812669683258,0
34.png,pantothenic acid,3.5,0,560.0,367.5,0.6375,mahalanobis,1.290812669683258,0
34.png,pantothenic acid,0.9,0,872.5,372.0,1.217,mahalanobis,1.290812669683258,0
34.png,vitamin b1,0.8,0,555.0,4.0,1.3782,mahalanobis,1.290812669683258,1
34.png,vitamin b1,0.2,0,862.5,7.5,1.6835,mahalanobis,1.290812669683258,1
34.png,vitamin b1,0.8,0,559.5,94.0,1.1789,mahalanobis,1.290812669683258,0
34.png,vitamin b1,0.2,0,868.0,98.5,1.5494,mahalanobis,1.290812669683258,1
34.png,vitamin b1,34,0,541.5,184.0,1.0316,mahalanobis,1.290812669683258,0
34.png,vitamin b1,8.4,0,863.5,188.0,1.3968,mahalanobis,1.290812669683258,1
34.png,vitamin b1,3.5,0,557.5,275.0,0.8141,mahalanobis,1.290812669683258,0
34.png,vitamin b1,0.9,0,870.0,279.5,1.3021,mahalanobis,1.290812669683258,1
34.png,vitamin b2,0.8,0,558.0,5.5,1.3703,mahalanobis,1.290812669683258,1
34.png,vitamin b2,0.2,0,866.5,10.0,1.6918,mahalanobis,1.290812669683258,1
34.png,vitamin b2,34,0,540.0,95.5,1.2132,mahalanobis,1.290812669683258,0
34.png,vitamin b2,8.4,0,862.0,99.5,1.527,mahalanobis,1.290812669683258,1
34.png,vitamin b2,3.5,0,556.0,186.5,0.9934,mahalanobis,1.290812669683258,0
34.png,vitamin b2,0.9,0,868.5,191.0,1.4116,mahalanobis,1.290812669683258,1
34.png,folic acid,34,0,449.5,8.5,1.6126,mahalanobis,1.290812669683258,1
34.png,folic acid,8.4,0,771.5,12.5,1.4301,mahalanobis,1.290812669683258,1
34.png,folic acid,3.5,0,465.5,99.5,1.4014,mahalanobis,1.290812669683258,1
34.png,folic acid,0.9,0,778.0,104.0,1.2633,mahalanobis,1.290812669683258,0
34.png,vitamin b12,3.5,0,533.5,8.0,1.4073,mahalanobis,1.290812669683258,1
34.png,vitamin b12,0.9,0,846.0,12.5,1.624,mahalanobis,1.290812669683258,1
35.jpeg,magnesium,4.7,0,204.0,-8.0,0.3766,euclidean,0.5184000000000001,0
35.jpeg,magnesium,2.1,0,204.5,15.0,0.7589,euclidean,0.5184000000000001,1
35.jpeg,vitamin c,2.1,0,209.0,-8.5,0.4197,euclidean,0.5184000000000001,0
41.png,energy,0,0,1783.5,180.0,0.9449,mahalanobis,1.307559090909091,0
41.png,energy,0,0,1783.0,464.5,0.7309,mahalanobis,1.307559090909091,0
41.png,energy,16156,0,1748.0,689.0,1.0113,mahalanobis,1.307559090909091,0
41.png,energy,0,0,1753.5,929.5,1.6878,mahalanobis,1.307559090909091,1
41.png,energy,0.10,0,1705.0,1099.5,2.126,mahalanobis,1.307559090909091,1
41.png,fat,0,0,1880.5,9.0,1.7262,mahalanobis,1.307559090909091,1
41.png,fat,0,0,1880.0,293.5,1.3223,mahalanobis,1.307559090909091,1
41.png,fat,16156,0,1845.0,518.0,1.1399,mahalanobis,1.307559090909091,0
41.png,fat,0,0,1850.5,758.5,1.5589,mahalanobis,1.307559090909091,1
41.png,fat,0.10,0,1802.0,928.5,1.798,mahalanobis,1.307559090909091,1
41.png,saturated fats,0,0,1641.0,5.5,1.1671,mahalanobis,1.307559090909091,0
41.png,saturated fats,16156,0,1606.0,230.0,0.6158,mahalanobis,1.307559090909091,0
41.png,saturated fats,0,0,1611.5,470.5,0.4189,mahalanobis,1.307559090909091,0
41.png,saturated fats,0.10,0,1563.0,640.5,0.9821,mahalanobis,1.307559090909091,0
41.png,carbohydrate,16156,0,1463.0,56.5,1.604,mahalanobis,1.307559090909091,1
41.png,carbohydrate,0,0,1468.5,297.0,1.2512,mahalanobis,1.307559090909091,0
41.png,carbohydrate,0.10,0,1420.0,467.0,1.5306,mahalanobis,1.307559090909091,1
41.png,ofwhich sugars,0,0,1400.0,153.0,1.7851,mahalanobis,1.307559090909091,1
41.png,ofwhich sugars,0.10,0,1351.5,323.0,1.9425,mahalanobis,1.307559090909091,1
41.png,protein,0,0,1703.0,-22.0,1.255,mahalanobis,1.307559090909091,0
41.png,protein,0.10,0,1654.5,148.0,0.7341,mahalanobis,1.307559090909091,0
41.png,salt,0.10,0,1793.0,-15.0,1.4337,mahalanobis,1.307559090909091,1
42.png,energykj/kcal,736,0,589.0,-7.5,2.538,mahalanobis,1.2542816326530613,1
42.png,energykj/kcal,176,0,756.0,-7.5,1.9631,mahalanobis,1.2542816326530613,1
42.png,energykj/kcal,1567,0,1038.6,10.5,1.1681,mahalanobis,1.2542816326530613,0
42.png,energykj/kcal,374,0,1226.1,10.5,1.0793,mahalanobis,1.2542816326530613,0
42.png,energykj/kcal,0,0,796.5,167.5,1.5957,mahalanobis,1.2542816326530613,1
42.png,energykj/kcal,0.1,0,1219.5,193.5,0.6015,mahalanobis,1.2542816326530613,0
42.png,energykj/kcal,0,0,1246.5,370.5,0.3301,mahalanobis,1.2542816326530613,0
42.png,energykj/kcal,0,0,1233.0,542.0,0.4537,mahalanobis,1.2542816326530613,0
42.png,energykj/kcal,94,0,1194.0,707.0,0.8177,mahalanobis,1.2542816326530613,0
42.png,energykj/kcal,38,0,1173.0,861.5,1.224,mahalanobis,1.2542816326530613,0
42.png,energykj/kcal,0,0,1182.0,1040.0,1.7023,mahalanobis,1.2542816326530613,1
42.png,energykj/kcal,500,0,1130.0,1229.0,2.2115,mahalanobis,1.2542816326530613,1
42.png,energykj/kcal,240,0,650.5,1254.5,3.0578,mahalanobis,1.2542816326530613,1
42.png,protein,0,0,928.0,-10.0,1.4554,mahalanobis,1.2542816326530613,1
42.png,protein,0.1,0,1351.0,16.0,1.2701,mahalanobis,1.2542816326530613,1
42.png,protein,0,0,1378.0,193.0,1.0109,mahalanobis,1.2542816326530613,0
42.png,protein,0,0,1364.5,364.5,0.7921,mahalanobis,1.2542816326530613,0
42.png,protein,94,0,1325.5,529.5,0.7142,mahalanobis,1.2542816326530613,0
42.png,protein,38,0,1304.5,684.0,0.9275,mahalanobis,1.2542816326530613,0
42.png,protein,0,0,1313.5,862.5,1.3579,mahalanobis,1.2542816326530613,1
42.png,protein,500,0,1261.5,1051.5,1.7725,mahalanobis,1.2542816326530613,1
42.png,protein,240,0,782.0,1077.0,2.3575,mahalanobis,1.2542816326530613,1
42.png,fat,0,0,1542.5,1.5,1.8385,mahalanobis,1.2542816326530613,1
42.png,fat,0,0,1529.0,173.0,1.5639,mahalanobis,1.2542816326530613,1
42.png,fat,94,0,1490.0,338.0,1.2942,mahalanobis,1.2542816326530613,1
42.png,fat,38,0,1469.0,492.5,1.222,mahalanobis,1.2542816326530613,0
42.png,fat,0,0,1478.0,671.0,1.4262,mahalanobis,1.2542816326530613,1
42.png,fat,500,0,1426.0,860.0,1.5955,mahalanobis,1.2542816326530613,1
42.png,fat,240,0,946.5,885.5,1.5546,mahalanobis,1.2542816326530613,1
42.png,saturated fats,0,0,1230.0,17.0,1.0658,mahalanobis,1.2542816326530613,0
42.png,saturated fats,94,0,1191.0,182.0,0.6021,mahalanobis,1.2542816326530613,0
42.png,saturated fats,38,0,1170.0,336.5,0.1814,mahalanobis,1.2542816326530613,0
42.png,saturated fats,0,0,1179.0,515.0,0.3009,mahalanobis,1.2542816326530613,0
42.png,saturated fats,500,0,1127.0,704.0,0.8173,mahalanobis,1.2542816326530613,0
42.png,saturated fats,240,0,647.5,729.5,2.2317,mahalanobis,1.2542816326530613,1
42.png,carbohydrate,94,0,1233.5,3.5,1.1042,mahalanobis,1.2542816326530613,0
42.png,carbohydrate,38,0,1212.5,158.0,0.6833,mahalanobis,1.2542816326530613,0
42.png,carbohydrate,0,0,1221.5,336.5,0.2837,mahalanobis,1.2542816326530613,0
42.png,carbohydrate,500,0,1169.5,525.5,0.325,mahalanobis,1.2542816326530613,0
42.png,carbohydrate,240,0,690.0,551.0,1.9271,mahalanobis,1.2542816326530613,1
42.png,sugars,38,0,1386.5,-19.0,1.4289,mahalanobis,1.2542816326530613,1
42.png,sugars,0,0,1395.5,159.5,1.119,mahalanobis,1.2542816326530613,0
42.png,sugars,500,0,1343.5,348.5,0.7174,mahalanobis,1.2542816326530613,0
42.png,sugars,240,0,864.0,374.0,1.2001,mahalanobis,1.2542816326530613,0
42.png,fibre,0,0,1302.0,-17.0,1.2482,mahalanobis,1.2542816326530613,0
42.png,fibre,500,0,1250.0,172.0,0.7038,mahalanobis,1.2542816326530613,0
42.png,fibre,240,0,770.5,197.5,1.6623,mahalanobis,1.2542816326530613,1
42.png,sodium,500,0,1460.5,-30.0,1.6451,mahalanobis,1.2542816326530613,1
42.png,sodium,240,0,981.0,-4.5,1.3167,mahalanobis,1.2542816326530613,1
51.png,energyenergie kj,925,0,2412.0,27.5,1.6671,mahalanobis,1.30082875,1
51.png,energyenergie kj,<0.5,0,2423.0,152.0,1.4464,mahalanobis,1.30082875,1
51.png,energyenergie kj,<0.5,0,2420.0,340.0,1.353,mahalanobis,1.30082875,1
51.png,energyenergie kj,50,0,2448.0,466.5,1.6677,mahalanobis,1.30082875,1
51.png,energyenergie kj,37,0,2448.0,569.0,1.909,mahalanobis,1.30082875,1
51.png,energyenergie kj,4.0,0,2437.0,693.5,2.2431,mahalanobis,1.30082875,1
51.png,energyenergie kj,0.08,0,2415.5,819.5,2.619,mahalanobis,1.30082875,1
51.png,fat fett matieres grassesvetten,<0.5,0,2274.0,36.0,1.1802,mahalanobis,1.30082875,0
51.png,fat fett matieres grassesvetten,<0.5,0,2271.0,224.0,0.6196,mahalanobis,1.30082875,0
51.png,fat fett matieres grassesvetten,50,0,2299.0,350.5,0.7761,mahalanobis,1.30082875,0
51.png,fat fett matieres grassesvetten,37,0,2299.0,453.0,1.0226,mahalanobis,1.30082875,0
51.png,fat fett matieres grassesvetten,4.0,0,2288.0,577.5,1.4165,mahalanobis,1.30082875,1
51.png,fat fett matieres grassesvetten,0.08,0,2266.5,703.5,1.866,mahalanobis,1.30082875,1
51.png,of which saturatesdavon gesättigte feltsauren,<0.5,0,2049.5,-60.0,1.5272,mahalanobis,1.30082875,1
51.png,of which saturatesdavon gesättigte feltsauren,<0.5,0,2046.5,128.0,0.8487,mahalanobis,1.30082875,0
51.png,of which saturatesdavon gesättigte feltsauren,50,0,2074.5,254.5,0.4332,mahalanobis,1.30082875,0
51.png,of which saturatesdavon gesättigte feltsauren,37,0,2074.5,357.0,0.5324,mahalanobis,1.30082875,0
51.png,of which saturatesdavon gesättigte feltsauren,4.0,0,2063.5,481.5,0.9741,mahalanobis,1.30082875,0
51.png,of which saturatesdavon gesättigte feltsauren,0.08,0,2042.0,607.5,1.4982,mahalanobis,1.30082875,1
51.png,dont acides gras saturéswaarvan verzadigde vetzuren,<0.5,0,1941.0,32.5,1.5092,mahalanobis,1.30082875,1
51.png,dont acides gras saturéswaarvan verzadigde vetzuren,50,0,1969.0,159.0,1.0802,mahalanobis,1.30082875,0
51.png,dont acides gras saturéswaarvan verzadigde vetzuren,37,0,1969.0,261.5,0.9576,mahalanobis,1.30082875,0
51.png,dont acides gras saturéswaarvan verzadigde vetzuren,4.0,0,1958.0,386.0,1.1054,mahalanobis,1.30082875,0
51.png,dont acides gras saturéswaarvan verzadigde vetzuren,0.08,0,1936.5,512.0,1.4862,mahalanobis,1.30082875,1
51.png,carbohydratekohlenhydrateglucideskoolhydraten,50,0,2023.0,44.5,1.199,mahalanobis,1.30082875,0
51.png,carbohydratekohlenhydrateglucideskoolhydraten,37,0,2023.0,147.0,0.8793,mahalanobis,1.30082875,0
51.png,carbohydratekohlenhydrateglucideskoolhydraten,4.0,0,2012.0,271.5,0.7377,mahalanobis,1.30082875,0
51.png,carbohydratekohlenhydrateglucideskoolhydraten,0.08,0,1990.5,397.5,0.9809,mahalanobis,1.30082875,0
51.png,of which sugarsdavon zuckerdont sucreswaarvan suikers,50,0,1899.5,-51.0,1.9062,mahalanobis,1.30082875,1
51.png,of which sugarsdavon zuckerdont sucreswaarvan suikers,37,0,1899.5,51.5,1.6196,mahalanobis,1.30082875,1
51.png,of which sugarsdavon zuckerdont sucreswaarvan suikers,4.0,0,1888.5,176.0,1.4297,mahalanobis,1.30082875,1
51.png,of which sugarsdavon zuckerdont sucreswaarvan suikers,0.08,0,1867.0,302.0,1.4741,mahalanobis,1.30082875,1
51.png,proteineiweibprotéineselwitten,37,0,2289.0,-54.5,1.5526,mahalanobis,1.30082875,1
51.png,proteineiweibprotéineselwitten,4.0,0,2278.0,70.0,1.0702,mahalanobis,1.30082875,0
51.png,proteineiweibprotéineselwitten,0.08,0,2256.5,196.0,0.6111,mahalanobis,1.30082875,0
51.png,vitamin b1,0.08,0,2420.5,-28.0,1.8547,mahalanobis,1.30082875,1
51.png,energyenergie kj,1541,1,1860.0,18.5,1.6183,mahalanobis,1.30082875,1
51.png,energyenergie kj,<0.5,1,1883.5,140.0,1.4574,mahalanobis,1.30082875,1
51.png,energyenergie kj,<0.5,1,1880.0,330.0,1.3713,mahalanobis,1.30082875,1
51.png,energyenergie kj,84,1,1902.0,452.5,1.659,mahalanobis,1.30082875,1
51.png,energyenergie kj,62,1,1902.0,555.0,1.9066,mahalanobis,1.30082875,1
51.png,energyenergie kj,6.7,1,1892.5,675.0,2.2383,mahalanobis,1.30082875,1
51.png,energyenergie kj,0.13,1,1878.5,799.0,2.6308,mahalanobis,1.30082875,1
51.png,fat fett matieres grassesvetten,<0.5,1,1734.5,24.0,1.1822,mahalanobis,1.30082875,0
51.png,fat fett matieres grassesvetten,<0.5,1,1731.0,214.0,0.6244,mahalanobis,1.30082875,0
51.png,fat fett matieres grassesvetten,84,1,1753.0,336.5,0.7642,mahalanobis,1.30082875,0
51.png,fat fett matieres grassesvetten,62,1,1753.0,439.0,1.0198,mahalanobis,1.30082875,0
51.png,fat fett matieres grassesvetten,6.7,1,1743.5,559.0,1.41,mahalanobis,1.30082875,1
51.png,fat fett matieres grassesvetten,0.13,1,1729.5,683.0,1.8682,mahalanobis,1.30082875,1
51.png,of which saturatesdavon gesättigte feltsauren,<0.5,1,1510.0,-72.0,1.5179,mahalanobis,1.30082875,1
51.png,of which saturatesdavon gesättigte feltsauren,<0.5,1,1506.5,118.0,0.8259,mahalanobis,1.30082875,0
51.png,of which saturatesdavon gesättigte feltsauren,84,1,1528.5,240.5,0.4483,mahalanobis,1.30082875,0
51.png,of which saturatesdavon gesättigte feltsauren,62,1,1528.5,343.0,0.5514,mahalanobis,1.30082875,0
51.png,of which saturatesdavon gesättigte feltsauren,6.7,1,1519.0,463.0,0.9737,mahalanobis,1.30082875,0
51.png,of which saturatesdavon gesättigte feltsauren,0.13,1,1505.0,587.0,1.4779,mahalanobis,1.30082875,1
51.png,dont acides gras saturéswaarvan verzadigde vetzuren,<0.5,1,1401.0,22.5,1.4888,mahalanobis,1.30082875,1
51.png,dont acides gras saturéswaarvan verzadigde vetzuren,84,1,1423.0,145.0,1.0939,mahalanobis,1.30082875,0
51.png,dont acides gras saturéswaarvan verzadigde vetzuren,62,1,1423.0,247.5,0.9739,mahalanobis,1.30082875,0
51.png,dont acides gras saturéswaarvan verzadigde vetzuren,6.7,1,1413.5,367.5,1.1103,mahalanobis,1.30082875,0
51.png,dont acides gras saturéswaarvan verzadigde vetzuren,0.13,1,1399.5,491.5,1.456,mahalanobis,1.30082875,1
51.png,carbohydratekohlenhydrateglucideskoolhydraten,84,1,1477.0,30.5,1.2096,mahalanobis,1.30082875,0
51.png,carbohydratekohlenhydrateglucideskoolhydraten,62,1,1477.0,133.0,0.891,mahalanobis,1.30082875,0
51.png,carbohydratekohlenhydrateglucideskoolhydraten,6.7,1,1467.5,253.0,0.7476,mahalanobis,1.30082875,0
51.png,carbohydratekohlenhydrateglucideskoolhydraten,0.13,1,1453.5,377.0,0.9475,mahalanobis,1.30082875,0
51.png,of which sugarsdavon zuckerdont sucreswaarvan suikers,84,1,1353.5,-65.0,1.9209,mahalanobis,1.30082875,1
51.png,of which sugarsdavon zuckerdont sucreswaarvan suikers,62,1,1353.5,37.5,1.6338,mahalanobis,1.30082875,1
51.png,of which sugarsdavon zuckerdont sucreswaarvan suikers,6.7,1,1344.0,157.5,1.4434,mahalanobis,1.30082875,1
51.png,of which sugarsdavon zuckerdont sucreswaarvan suikers,0.13,1,1330.0,281.5,1.4443,mahalanobis,1.30082875,1
51.png,proteineiweibprotéineselwitten,62,1,1743.0,-68.5,1.5494,mahalanobis,1.30082875,1
51.png,proteineiweibprotéineselwitten,6.7,1,1733.5,51.5,1.081,mahalanobis,1.30082875,0
51.png,proteineiweibprotéineselwitten,0.13,1,1719.5,175.5,0.6482,mahalanobis,1.30082875,0
51.png,vitamin b1,0.13,1,1883.5,-48.5,1.8969,mahalanobis,1.30082875,1
51.png,energyenergie kj,0.21,2,2216.0,941.0,1.8315,mahalanobis,1.30082875,1
51.png,fat fett matieres grassesvetten,0.21,2,2067.0,825.0,1.0901,mahalanobis,1.30082875,0
51.png,of which saturatesdavon gesättigte feltsauren,0.21,2,1842.5,729.0,0.7801,mahalanobis,1.30082875,0
51.png,dont acides gras saturéswaarvan verzadigde vetzuren,0.21,2,1737.0,633.5,1.013,mahalanobis,1.30082875,0
51.png,carbohydratekohlenhydrateglucideskoolhydraten,0.21,2,1791.0,519.0,0.745,mahalanobis,1.30082875,0
51.png,of which sugarsdavon zuckerdont sucreswaarvan suikers,0.21,2,1667.5,423.5,1.3872,mahalanobis,1.30082875,1
51.png,proteineiweibprotéineselwitten,0.21,2,2057.0,317.5,0.9989,mahalanobis,1.30082875,0
51.png,vitamin b1,0.21,2,2221.0,93.5,2.0846,mahalanobis,1.30082875,1
53.png,energy,925,0,2389.0,-37.0,1.8758,mahalanobis,1.2917575,1
53.png,energy,<0.5,0,2401.5,86.5,1.6166,mahalanobis,1.2917575,1
53.png,energy,<0.5,0,2382.0,283.0,1.3725,mahalanobis,1.2917575,1
53.png,energy,50,0,2401.5,402.0,1.6207,mahalanobis,1.2917575,1
53.png,energy,37,0,2403.0,504.0,1.8723,mahalanobis,1.2917575,1
53.png,energy,4.0,0,2391.0,625.5,2.2138,mahalanobis,1.2917575,1
53.png,energy,0.08,0,2375.5,751.0,2.6325,mahalanobis,1.2917575,1
53.png,fat |fett |matieres grasses |vetten,<0.5,0,2242.5,-35.0,1.4165,mahalanobis,1.2917575,1
53.png,fat |fett |matieres grasses |vetten,<0.5,0,2223.0,161.5,0.6856,mahalanobis,1.2917575,0
53.png,fat |fett |matieres grasses |vetten,50,0,2242.5,280.5,0.6961,mahalanobis,1.2917575,0
53.png,fat |fett |matieres grasses |vetten,37,0,2244.0,382.5,0.9249,mahalanobis,1.2917575,0
53.png,fat |fett |matieres grasses |vetten,4.0,0,2232.0,504.0,1.3236,mahalanobis,1.2917575,1
53.png,fat |fett |matieres grasses |vetten,0.08,0,2216.5,629.5,1.8135,mahalanobis,1.2917575,1
53.png,of which saturates i davon gesättigte fettsäuren,<0.5,0,1995.5,62.0,0.9726,mahalanobis,1.2917575,0
53.png,of which saturates i davon gesättigte fettsäuren,50,0,2015.0,181.0,0.5218,mahalanobis,1.2917575,0
53.png,of which saturates i davon gesättigte fettsäuren,37,0,2016.5,283.0,0.4691,mahalanobis,1.2917575,0
53.png,of which saturates i davon gesättigte fettsäuren,4.0,0,2004.5,404.5,0.8741,mahalanobis,1.2917575,0
53.png,of which saturates i davon gesättigte fettsäuren,0.08,0,1989.0,530.0,1.4039,mahalanobis,1.2917575,1
53.png,dont acides gras saturés waarvan verzadigde vetzuren,<0.5,0,1887.0,-38.0,1.6517,mahalanobis,1.2917575,1
53.png,dont acides gras saturés waarvan verzadigde vetzuren,50,0,1906.5,81.0,1.2148,mahalanobis,1.2917575,0
53.png,dont acides gras saturés waarvan verzadigde vetzuren,37,0,1908.0,183.0,1.0036,mahalanobis,1.2917575,0
53.png,dont acides gras saturés waarvan verzadigde vetzuren,4.0,0,1896.0,304.5,1.0618,mahalanobis,1.2917575,0
53.png,dont acides gras saturés waarvan verzadigde vetzuren,0.08,0,1880.5,430.0,1.3831,mahalanobis,1.2917575,1
53.png,carbohydratekohlenhydrateglucideskoolhydraten,50,0,1959.5,-38.5,1.4486,mahalanobis,1.2917575,1
53.png,carbohydratekohlenhydrateglucideskoolhydraten,37,0,1961.0,63.5,1.0704,mahalanobis,1.2917575,0
53.png,carbohydratekohlenhydrateglucideskoolhydraten,4.0,0,1949.0,185.0,0.8085,mahalanobis,1.2917575,0
53.png,carbohydratekohlenhydrateglucideskoolhydraten,0.08,0,1933.5,310.5,0.8938,mahalanobis,1.2917575,0
53.png,of which sugars i davon zucker dont sucres i waarvan sukers,37,0,1846.5,-36.5,1.7822,mahalanobis,1.2917575,1
53.png,of which sugars i davon zucker dont sucres i waarvan sukers,4.0,0,1834.5,85.0,1.5046,mahalanobis,1.2917575,1
53.png,of which sugars i davon zucker dont sucres i waarvan sukers,0.08,0,1819.0,210.5,1.4114,mahalanobis,1.2917575,1
53.png,proteineiweibproteineseiwitten,4.0,0,2213.0,-41.0,1.3781,mahalanobis,1.2917575,1
53.png,proteineiweibproteineseiwitten,0.08,0,2197.5,84.5,0.8433,mahalanobis,1.2917575,0
53.png,energy,1541,1,1882.0,-28.0,1.8509,mahalanobis,1.2917575,1
53.png,energy,<0.5,1,1891.5,95.0,1.5715,mahalanobis,1.2917575,1
53.png,energy,<0.5,1,1883.0,293.5,1.3647,mahalanobis,1.2917575,1
53.png,energy,84,1,1902.5,415.0,1.6127,mahalanobis,1.2917575,1
53.png,energy,62,1,1902.0,516.0,1.8509,mahalanobis,1.2917575,1
53.png,energy,6.7,1,1901.0,642.0,2.2393,mahalanobis,1.2917575,1
53.png,energy,0.13,1,1891.0,768.0,2.6652,mahalanobis,1.2917575,1
53.png,fat |fett |matieres grasses |vetten,<0.5,1,1732.5,-26.5,1.399,mahalanobis,1.2917575,1
53.png,fat |fett |matieres grasses |vetten,<0.5,1,1724.0,172.0,0.6808,mahalanobis,1.2917575,0
53.png,fat |fett |matieres grasses |vetten,84,1,1743.5,293.5,0.683,mahalanobis,1.2917575,0
53.png,fat |fett |matieres grasses |vetten,62,1,1743.0,394.5,0.9003,mahalanobis,1.2917575,0
53.png,fat |fett |matieres grasses |vetten,6.7,1,1742.0,520.5,1.3425,mahalanobis,1.2917575,1
53.png,fat |fett |matieres grasses |vetten,0.13,1,1732.0,646.5,1.8344,mahalanobis,1.2917575,1
53.png,of which saturates i davon gesättigte fettsäuren,<0.5,1,1496.5,72.5,0.9933,mahalanobis,1.2917575,0
53.png,of which saturates i davon gesättigte fettsäuren,84,1,1516.0,194.0,0.5422,mahalanobis,1.2917575,0
53.png,of which saturates i davon gesättigte fettsäuren,62,1,1515.5,295.0,0.4968,mahalanobis,1.2917575,0
53.png,of which saturates i davon gesättigte fettsäuren,6.7,1,1514.5,421.0,0.8686,mahalanobis,1.2917575,0
53.png,of which saturates i davon gesättigte fettsäuren,0.13,1,1504.5,547.0,1.3906,mahalanobis,1.2917575,1
53.png,dont acides gras saturés waarvan verzadigde vetzuren,<0.5,1,1388.0,-27.5,1.6751,mahalanobis,1.2917575,1
53.png,dont acides gras saturés waarvan verzadigde vetzuren,84,1,1407.5,94.0,1.2366,mahalanobis,1.2917575,0
53.png,dont acides gras saturés waarvan verzadigde vetzuren,62,1,1407.0,195.0,1.042,mahalanobis,1.2917575,0
53.png,dont acides gras saturés waarvan verzadigde vetzuren,6.7,1,1406.0,321.0,1.0493,mahalanobis,1.2917575,0
53.png,dont acides gras saturés waarvan verzadigde vetzuren,0.13,1,1396.0,447.0,1.355,mahalanobis,1.2917575,1
53.png,carbohydratekohlenhydrateglucideskoolhydraten,84,1,1460.5,-25.5,1.4569,mahalanobis,1.2917575,1
53.png,carbohydratekohlenhydrateglucideskoolhydraten,62,1,1460.0,75.5,1.0959,mahalanobis,1.2917575,0
53.png,carbohydratekohlenhydrateglucideskoolhydraten,6.7,1,1459.0,201.5,0.7867,mahalanobis,1.2917575,0
53.png,carbohydratekohlenhydrateglucideskoolhydraten,0.13,1,1449.0,327.5,0.8563,mahalanobis,1.2917575,0
53.png,of which sugars i davon zucker dont sucres i waarvan sukers,62,1,1345.5,-24.5,1.8111,mahalanobis,1.2917575,1
53.png,of which sugars i davon zucker dont sucres i waarvan sukers,6.7,1,1344.5,101.5,1.4852,mahalanobis,1.2917575,1
53.png,of which sugars i davon zucker dont sucres i waarvan sukers,0.13,1,1334.5,227.5,1.3707,mahalanobis,1.2917575,1
53.png,proteineiweibproteineseiwitten,6.7,1,1723.0,-24.5,1.371,mahalanobis,1.2917575,1
53.png,proteineiweibproteineseiwitten,0.13,1,1713.0,101.5,0.8599,mahalanobis,1.2917575,0
53.png,energy,0.21,2,2201.0,878.5,1.839,mahalanobis,1.2917575,1
53.png,fat |fett |matieres grasses |vetten,0.21,2,2042.0,757.0,1.0803,mahalanobis,1.2917575,0
53.png,of which saturates i davon gesättigte fettsäuren,0.21,2,1814.5,657.5,0.7823,mahalanobis,1.2917575,0
53.png,dont acides gras saturés waarvan verzadigde vetzuren,0.21,2,1706.0,557.5,1.023,mahalanobis,1.2917575,0
53.png,carbohydratekohlenhydrateglucideskoolhydraten,0.21,2,1759.0,438.0,0.7565,mahalanobis,1.2917575,0
53.png,of which sugars i davon zucker dont sucres i waarvan sukers,0.21,2,1644.5,338.0,1.3454,mahalanobis,1.2917575,1
53.png,proteineiweibproteineseiwitten,0.21,2,2023.0,212.0,0.988,mahalanobis,1.2917575,0
53.png,vitamin b6vitamine b6,0.21,2,2199.5,-32.5,2.1057,mahalanobis,1.2917575,1
53.png,energy,0.35,3,1688.5,897.0,1.839,mahalanobis,1.2917575,1
53.png,fat |fett |matieres grasses |vetten,0.35,3,1529.5,775.5,1.0803,mahalanobis,1.2917575,0
53.png,of which saturates i davon gesättigte fettsäuren,0.35,3,1302.0,676.0,0.7823,mahalanobis,1.2917575,0
53.png,dont acides gras saturés waarvan verzadigde vetzuren,0.35,3,1193.5,576.0,1.023,mahalanobis,1.2917575,0
53.png,carbohydratekohlenhydrateglucideskoolhydraten,0.35,3,1246.5,456.5,0.7565,mahalanobis,1.2917575,0
53.png,of which sugars i davon zucker dont sucres i waarvan sukers,0.35,3,1132.0,356.5,1.3454,mahalanobis,1.2917575,1
53.png,proteineiweibproteineseiwitten,0.35,3,1510.5,230.5,0.988,mahalanobis,1.2917575,0
53.png,vitamin b6vitamine b6,0.35,3,1687.0,-14.0,2.1057,mahalanobis,1.2917575,1
56.jpeg,proteines,4.998,0,236.5,-10.5,1.1857,mahalanobis,1.2339,0
56.jpeg,proteines,0.228,0,234.0,8.0,0.7925,mahalanobis,1.2339,0
56.jpeg,proteines,0.268,0,235.0,26.5,1.6111,mahalanobis,1.2339,1
56.jpeg,fat,0.228,0,318.5,-10.5,1.4457,mahalanobis,1.2339,1
56.jpeg,fat,0.268,0,319.5,8.0,1.1316,mahalanobis,1.2339,0
56.jpeg,proteines,83,1,124.0,5.5,1.2112,mahalanobis,1.2339,0
56.jpeg,proteines,3.67,1,122.5,24.5,0.7903,mahalanobis,1.2339,0
56.jpeg,proteines,4.3,1,124.0,43.0,1.6004,mahalanobis,1.2339,1
56.jpeg,fat,3.67,1,207.0,6.0,1.4326,mahalanobis,1.2339,1
56.jpeg,fat,4.3,1,208.5,24.5,1.1379,mahalanobis,1.2339,0
57.jpeg,brennwen.....energie,23,0,251.5,-6.0,1.2028,mahalanobis,1.2696,0
57.jpeg,brennwen.....energie,383kcal,0,151.0,8.0,1.0368,mahalanobis,1.2696,0
57.jpeg,brennwen.....energie,96.2,0,269.0,12.5,0.9894,mahalanobis,1.2696,0
57.jpeg,brennwen.....energie,1604,0,157.5,26.5,0.8191,mahalanobis,1.2696,0
57.jpeg,brennwen.....energie,4.99,0,271.0,30.5,1.0045,mahalanobis,1.2696,0
57.jpeg,brennwen.....energie,83,0,160.0,47.0,1.1756,mahalanobis,1.2696,0
57.jpeg,brennwen.....energie,0.228,0,269.5,49.5,1.3562,mahalanobis,1.2696,1
57.jpeg,brennwen.....energie,3.67,0,156.5,67.0,1.8065,mahalanobis,1.2696,1
57.jpeg,brennwen.....energie,0.26g,0,270.0,68.0,1.8968,mahalanobis,1.2696,1
57.jpeg,brennwen.....energie,43g,0,163.0,85.5,2.3843,mahalanobis,1.2696,1
57.jpeg,proteines,4.99,0,234.0,-13.0,1.3166,mahalanobis,1.2696,1
57.jpeg,proteines,83,0,123.0,3.5,1.4967,mahalanobis,1.2696,1
57.jpeg,proteines,0.228,0,232.5,6.0,0.6812,mahalanobis,1.2696,0
57.jpeg,proteines,3.67,0,119.5,23.5,1.3948,mahalanobis,1.2696,1
57.jpeg,proteines,0.26g,0,233.0,24.5,0.3782,mahalanobis,1.2696,0
57.jpeg,proteines,43g,0,126.0,42.0,1.4767,mahalanobis,1.2696,1
57.jpeg,fett,0.228,0,321.0,-12.5,2.1333,mahalanobis,1.2696,1
57.jpeg,fett,3.67,0,208.0,5.0,0.6141,mahalanobis,1.2696,0
57.jpeg,fett,0.26g,0,321.5,6.0,1.8359,mahalanobis,1.2696,1
57.jpeg,fett,43g,0,214.5,23.5,0.0952,mahalanobis,1.2696,0
57.jpeg,fat,0.26g,0,229.5,-14.0,1.3328,mahalanobis,1.2696,1
57.jpeg,fat,43g,0,122.5,3.5,1.5037,mahalanobis,1.2696,1
59.png,energy,1391 kj,0,506.0,2.5,1.9487,mahalanobis,1.2749854838709678,1
59.png,energy,0.7,0,643.5,121.0,0.7772,mahalanobis,1.2749854838709678,0
59.png,energy,66.6,0,631.5,232.0,0.439,mahalanobis,1.2749854838709678,0
59.png,energy,64.4,0,631.0,320.0,0.1852,mahalanobis,1.2749854838709678,0
59.png,energy,0.3,0,641.0,513.5,0.46,mahalanobis,1.2749854838709678,0
59.png,energy,<0.3,0,621.5,598.0,0.7589,mahalanobis,1.2749854838709678,0
59.png,energy,25,0,642.5,790.0,1.3311,mahalanobis,1.2749854838709678,1
59.png,energy,<0.1,0,618.5,894.0,1.6781,mahalanobis,1.2749854838709678,1
59.png,energy,150,0,601.5,995.5,2.0298,mahalanobis,1.2749854838709678,1
59.png,energy,300,0,590.0,1099.5,2.3799,mahalanobis,1.2749854838709678,1
59.png,eiweib/protein,0.7,0,742.0,19.5,1.6185,mahalanobis,1.2749854838709678,1
59.png,eiweib/protein,66.6,0,730.0,130.5,1.2886,mahalanobis,1.2749854838709678,1
59.png,eiweib/protein,64.4,0,729.5,218.5,1.1451,mahalanobis,1.2749854838709678,0
59.png,eiweib/protein,0.3,0,739.5,412.0,1.1701,mahalanobis,1.2749854838709678,0
59.png,eiweib/protein,<0.3,0,720.0,496.5,1.0179,mahalanobis,1.2749854838709678,0
59.png,eiweib/protein,25,0,741.0,688.5,1.5534,mahalanobis,1.2749854838709678,1
59.png,eiweib/protein,<0.1,0,717.0,792.5,1.6121,mahalanobis,1.2749854838709678,1
59.png,eiweib/protein,150,0,700.0,894.0,1.7997,mahalanobis,1.2749854838709678,1
59.png,eiweib/protein,300,0,688.5,998.0,2.0646,mahalanobis,1.2749854838709678,1
59.png,carbohydrate,66.6,0,578.0,18.0,1.3209,mahalanobis,1.2749854838709678,1
59.png,carbohydrate,64.4,0,577.5,106.0,1.1045,mahalanobis,1.2749854838709678,0
59.png,carbohydrate,0.3,0,587.5,299.5,0.6548,mahalanobis,1.2749854838709678,0
59.png,carbohydrate,<0.3,0,568.0,384.0,0.8489,mahalanobis,1.2749854838709678,0
59.png,carbohydrate,25,0,589.0,576.0,0.8905,mahalanobis,1.2749854838709678,0
59.png,carbohydrate,<0.1,0,565.0,680.0,1.322,mahalanobis,1.2749854838709678,1
59.png,carbohydrate,150,0,548.0,781.5,1.6942,mahalanobis,1.2749854838709678,1
59.png,carbohydrate,300,0,536.5,885.5,2.0351,mahalanobis,1.2749854838709678,1
59.png,davonzucker/of which sugars,64.4,0,502.0,20.0,1.9554,mahalanobis,1.2749854838709678,1
59.png,davonzucker/of which sugars,0.3,0,512.0,213.5,1.5795,mahalanobis,1.2749854838709678,1
59.png,davonzucker/of which sugars,<0.3,0,492.5,298.0,1.7454,mahalanobis,1.2749854838709678,1
59.png,davonzucker/of which sugars,25,0,513.5,490.0,1.535,mahalanobis,1.2749854838709678,1
59.png,davonzucker/of which sugars,<0.1,0,489.5,594.0,1.9054,mahalanobis,1.2749854838709678,1
59.png,davonzucker/of which sugars,150,0,472.5,695.5,2.2209,mahalanobis,1.2749854838709678,1
59.png,davonzucker/of which sugars,300,0,461.0,799.5,2.5029,mahalanobis,1.2749854838709678,1
59.png,fat,0.3,0,791.5,41.5,2.0469,mahalanobis,1.2749854838709678,1
59.png,fat,<0.3,0,772.0,126.0,1.7197,mahalanobis,1.2749854838709678,1
59.png,fat,25,0,793.0,318.0,1.7951,mahalanobis,1.2749854838709678,1
59.png,fat,<0.1,0,769.0,422.0,1.517,mahalanobis,1.2749854838709678,1
59.png,fat,150,0,752.0,523.5,1.3974,mahalanobis,1.2749854838709678,1
59.png,fat,300,0,740.5,627.5,1.431,mahalanobis,1.2749854838709678,1
59.png,saturated fats,<0.3,0,621.0,-48.5,1.3296,mahalanobis,1.2749854838709678,1
59.png,saturated fats,25,0,642.0,143.5,0.7057,mahalanobis,1.2749854838709678,0
59.png,saturated fats,<0.1,0,618.0,247.5,0.4596,mahalanobis,1.2749854838709678,0
59.png,saturated fats,150,0,601.0,349.0,0.4644,mahalanobis,1.2749854838709678,0
59.png,saturated fats,300,0,589.5,453.0,0.6535,mahalanobis,1.2749854838709678,0
59.png,fibre,25,0,688.5,49.5,1.1495,mahalanobis,1.2749854838709678,0
59.png,fibre,<0.1,0,664.5,153.5,0.731,mahalanobis,1.2749854838709678,0
59.png,fibre,150,0,647.5,255.0,0.3641,mahalanobis,1.2749854838709678,0
59.png,fibre,300,0,636.0,359.0,0.0573,mahalanobis,1.2749854838709678,0
59.png,sodium,25,0,699.0,-50.0,1.4837,mahalanobis,1.2749854838709678,1
59.png,sodium,<0.1,0,675.0,54.0,1.0676,mahalanobis,1.2749854838709678,0
59.png,sodium,150,0,658.0,155.5,0.699,mahalanobis,1.2749854838709678,0
59.png,sodium,300,0,646.5,259.5,0.3477,mahalanobis,1.2749854838709678,0
59.png,selenium,<0.1,0,682.5,-45.0,1.3899,mahalanobis,1.2749854838709678,1
59.png,selenium,150,0,665.5,56.5,1.0229,mahalanobis,1.2749854838709678,0
59.png,selenium,300,0,654.0,160.5,0.6713,mahalanobis,1.2749854838709678,0
59.png,vitamin c,150,0,723.5,-33.0,1.5938,mahalanobis,1.2749854838709678,1
59.png,vitamin c,300,0,712.0,71.0,1.2557,mahalanobis,1.2749854838709678,0
59.png,vitamin e,300,0,710.5,-25.5,1.4858,mahalanobis,1.2749854838709678,1
59.png,energy,278 kj,1,1682.5,36.5,1.2361,mahalanobis,1.2749854838709678,0
59.png,energy,0.14,1,1752.5,149.0,0.6466,mahalanobis,1.2749854838709678,0
59.png,energy,13.3,1,1751.0,255.5,0.3028,mahalanobis,1.2749854838709678,0
59.png,energy,12.9,1,1748.0,338.5,0.0479,mahalanobis,1.2749854838709678,0
59.png,energy,12.7,1,1745.0,420.5,0.2445,mahalanobis,1.2749854838709678,0
59.png,energy,<0.1,1,1731.5,521.0,0.5909,mahalanobis,1.2749854838709678,0
59.png,energy,<0.1,1,1730.0,602.0,0.8519,mahalanobis,1.2749854838709678,0
59.png,energy,5,1,1742.5,783.0,1.425,mahalanobis,1.2749854838709678,1
59.png,energy,<0.02,1,1705.5,883.5,1.8093,mahalanobis,1.2749854838709678,1
59.png,energy,30,1,1716.5,981.0,2.0947,mahalanobis,1.2749854838709678,1
59.png,energy,60,1,1693.0,1081.5,2.4699,mahalanobis,1.2749854838709678,1
59.png,eiweib/protein,0.14,1,1851.0,47.5,1.573,mahalanobis,1.2749854838709678,1
59.png,eiweib/protein,13.3,1,1849.5,154.0,1.3708,mahalanobis,1.2749854838709678,1
59.png,eiweib/protein,12.9,1,1846.5,237.0,1.2374,mahalanobis,1.2749854838709678,0
59.png,eiweib/protein,12.7,1,1843.5,319.0,1.1544,mahalanobis,1.2749854838709678,0
59.png,eiweib/protein,<0.1,1,1830.0,419.5,1.0232,mahalanobis,1.2749854838709678,0
59.png,eiweib/protein,<0.1,1,1828.5,500.5,1.0997,mahalanobis,1.2749854838709678,0
59.png,eiweib/protein,5,1,1841.0,681.5,1.5674,mahalanobis,1.2749854838709678,1
59.png,eiweib/protein,<0.02,1,1804.0,782.0,1.5813,mahalanobis,1.2749854838709678,1
59.png,eiweib/protein,30,1,1815.0,879.5,1.9228,mahalanobis,1.2749854838709678,1
59.png,eiweib/protein,60,1,1791.5,980.0,2.1376,mahalanobis,1.2749854838709678,1
59.png,carbohydrate,13.3,1,1697.5,41.5,1.1294,mahalanobis,1.2749854838709678,0
59.png,carbohydrate,12.9,1,1694.5,124.5,0.9235,mahalanobis,1.2749854838709678,0
59.png,carbohydrate,12.7,1,1691.5,206.5,0.7625,mahalanobis,1.2749854838709678,0
59.png,carbohydrate,<0.1,1,1678.0,307.0,0.7807,mahalanobis,1.2749854838709678,0
59.png,carbohydrate,<0.1,1,1676.5,388.0,0.8001,mahalanobis,1.2749854838709678,0
59.png,carbohydrate,5,1,1689.0,569.0,0.9712,mahalanobis,1.2749854838709678,0
59.png,carbohydrate,<0.02,1,1652.0,669.5,1.5046,mahalanobis,1.2749854838709678,1
59.png,carbohydrate,30,1,1663.0,767.0,1.6664,mahalanobis,1.2749854838709678,1
59.png,carbohydrate,60,1,1639.5,867.5,2.0911,mahalanobis,1.2749854838709678,1
59.png,davonzucker/of which sugars,13.3,1,1622.0,-44.5,1.9055,mahalanobis,1.2749854838709678,1
59.png,davonzucker/of which sugars,12.9,1,1619.0,38.5,1.7657,mahalanobis,1.2749854838709678,1
59.png,davonzucker/of which sugars,12.7,1,1616.0,120.5,1.6607,mahalanobis,1.2749854838709678,1
59.png,davonzucker/of which sugars,<0.1,1,1602.5,221.0,1.6963,mahalanobis,1.2749854838709678,1
59.png,davonzucker/of which sugars,<0.1,1,1601.0,302.0,1.6706,mahalanobis,1.2749854838709678,1
59.png,davonzucker/of which sugars,5,1,1613.5,483.0,1.5842,mahalanobis,1.2749854838709678,1
59.png,davonzucker/of which sugars,<0.02,1,1576.5,583.5,2.0976,mahalanobis,1.2749854838709678,1
59.png,davonzucker/of which sugars,30,1,1587.5,681.0,2.124,mahalanobis,1.2749854838709678,1
59.png,davonzucker/of which sugars,60,1,1564.0,781.5,2.5303,mahalanobis,1.2749854838709678,1
59.png,fat,12.7,1,1895.5,-51.5,2.1796,mahalanobis,1.2749854838709678,1
59.png,fat,<0.1,1,1882.0,49.0,1.8671,mahalanobis,1.2749854838709678,1
59.png,fat,<0.1,1,1880.5,130.0,1.7295,mahalanobis,1.2749854838709678,1
59.png,fat,5,1,1893.0,311.0,1.7296,mahalanobis,1.2749854838709678,1
59.png,fat,<0.02,1,1856.0,411.5,1.314,mahalanobis,1.2749854838709678,1
59.png,fat,30,1,1867.0,509.0,1.5204,mahalanobis,1.2749854838709678,1
59.png,fat,60,1,1843.5,609.5,1.4368,mahalanobis,1.2749854838709678,1
59.png,saturated fats,<0.1,1,1729.5,-44.5,1.2814,mahalanobis,1.2749854838709678,1
59.png,saturated fats,5,1,1742.0,136.5,0.6809,mahalanobis,1.2749854838709678,0
59.png,saturated fats,<0.02,1,1705.0,237.0,0.5776,mahalanobis,1.2749854838709678,0
59.png,saturated fats,30,1,1716.0,334.5,0.3312,mahalanobis,1.2749854838709678,0
59.png,saturated fats,60,1,1692.5,435.0,0.6691,mahalanobis,1.2749854838709678,0
59.png,fibre,5,1,1788.5,42.5,1.1117,mahalanobis,1.2749854838709678,0
59.png,fibre,<0.02,1,1751.5,143.0,0.6644,mahalanobis,1.2749854838709678,0
59.png,fibre,30,1,1762.5,240.5,0.4014,mahalanobis,1.2749854838709678,0
59.png,fibre,60,1,1739.0,341.0,0.0639,mahalanobis,1.2749854838709678,0
59.png,sodium,5,1,1799.0,-57.0,1.456,mahalanobis,1.2749854838709678,1
59.png,sodium,<0.02,1,1762.0,43.5,1.0043,mahalanobis,1.2749854838709678,0
59.png,sodium,30,1,1773.0,141.0,0.7441,mahalanobis,1.2749854838709678,0
59.png,sodium,60,1,1749.5,241.5,0.3437,mahalanobis,1.2749854838709678,0
59.png,selenium,<0.02,1,1769.5,-55.5,1.3378,mahalanobis,1.2749854838709678,1
59.png,selenium,30,1,1780.5,42.0,1.0735,mahalanobis,1.2749854838709678,0
59.png,selenium,60,1,1757.0,142.5,0.6769,mahalanobis,1.2749854838709678,0
59.png,vitamin c,30,1,1838.5,-47.5,1.6829,mahalanobis,1.2749854838709678,1
59.png,vitamin c,60,1,1815.0,53.0,1.2568,mahalanobis,1.2749854838709678,0
59.png,vitamin e,60,1,1813.5,-43.5,1.4995,mahalanobis,1.2749854838709678,1
61.png,energy,1424,0,2284.2,-12.0,1.2757,mahalanobis,1.3109160714285715,0
61.png,energy,341,0,2442.8,-12.0,1.1914,mahalanobis,1.3109160714285715,0
61.png,energy,0,0,2539.5,128.0,0.5858,mahalanobis,1.3109160714285715,0
61.png,energy,0,0,2543.5,200.0,0.446,mahalanobis,1.3109160714285715,0
61.png,energy,84.4,0,2519.5,264.0,0.5197,mahalanobis,1.3109160714285715,0
61.png,energy,48.7,0,2520.5,334.0,0.8515,mahalanobis,1.3109160714285715,0
61.png,energy,0.6,0,2530.5,402.0,1.2213,mahalanobis,1.3109160714285715,0
61.png,energy,1.73,0,2522.0,470.0,1.5824,mahalanobis,1.3109160714285715,1
61.png,energy,250,0,2483.5,532.0,1.9038,mahalanobis,1.3109160714285715,1
61.png,energy,333.3,0,2471.5,594.0,2.2482,mahalanobis,1.3109160714285715,1
61.png,energy,166.7,0,2473.0,656.0,2.5981,mahalanobis,1.3109160714285715,1
61.png,fat,0,0,2767.0,-12.0,1.7107,mahalanobis,1.3109160714285715,1
61.png,fat,0,0,2771.0,60.0,1.4696,mahalanobis,1.3109160714285715,1
61.png,fat,84.4,0,2747.0,124.0,1.234,mahalanobis,1.3109160714285715,0
61.png,fat,48.7,0,2748.0,194.0,1.1646,mahalanobis,1.3109160714285715,0
61.png,fat,0.6,0,2758.0,262.0,1.2529,mahalanobis,1.3109160714285715,0
61.png,fat,1.73,0,2749.5,330.0,1.3876,mahalanobis,1.3109160714285715,1
61.png,fat,250,0,2711.0,392.0,1.508,mahalanobis,1.3109160714285715,1
61.png,fat,333.3,0,2699.0,454.0,1.7553,mahalanobis,1.3109160714285715,1
61.png,fat,166.7,0,2700.5,516.0,2.0568,mahalanobis,1.3109160714285715,1
61.png,saturated fats,0,0,2043.5,-4.0,1.739,mahalanobis,1.3109160714285715,1
61.png,saturated fats,84.4,0,2019.5,60.0,1.5988,mahalanobis,1.3109160714285715,1
61.png,saturated fats,48.7,0,2020.5,130.0,1.444,mahalanobis,1.3109160714285715,1
61.png,saturated fats,0.6,0,2030.5,198.0,1.3567,mahalanobis,1.3109160714285715,1
61.png,saturated fats,1.73,0,2022.0,266.0,1.4389,mahalanobis,1.3109160714285715,1
61.png,saturated fats,250,0,1983.5,328.0,1.6902,mahalanobis,1.3109160714285715,1
61.png,saturated fats,333.3,0,1971.5,390.0,1.9041,mahalanobis,1.3109160714285715,1
61.png,saturated fats,166.7,0,1973.0,452.0,2.1198,mahalanobis,1.3109160714285715,1
61.png,carbohydrate,84.4,0,2258.5,-8.0,1.2909,mahalanobis,1.3109160714285715,0
61.png,carbohydrate,48.7,0,2259.5,62.0,0.9468,mahalanobis,1.3109160714285715,0
61.png,carbohydrate,0.6,0,2269.5,130.0,0.6443,mahalanobis,1.3109160714285715,0
61.png,carbohydrate,1.73,0,2261.0,198.0,0.5468,mahalanobis,1.3109160714285715,0
61.png,carbohydrate,250,0,2222.5,260.0,0.7669,mahalanobis,1.3109160714285715,0
61.png,carbohydrate,333.3,0,2210.5,322.0,1.0082,mahalanobis,1.3109160714285715,0
61.png,carbohydrate,166.7,0,2212.0,384.0,1.2743,mahalanobis,1.3109160714285715,0
61.png,sugars,48.7,0,2077.5,-6.0,1.6587,mahalanobis,1.3109160714285715,1
61.png,sugars,0.6,0,2087.5,62.0,1.3889,mahalanobis,1.3109160714285715,1
61.png,sugars,1.73,0,2079.0,130.0,1.2471,mahalanobis,1.3109160714285715,0
61.png,sugars,250,0,2040.5,192.0,1.322,mahalanobis,1.3109160714285715,1
61.png,sugars,333.3,0,2028.5,254.0,1.4,mahalanobis,1.3109160714285715,1
61.png,sugars,166.7,0,2030.0,316.0,1.5136,mahalanobis,1.3109160714285715,1
61.png,protein,0.6,0,2584.0,-12.0,1.3254,mahalanobis,1.3109160714285715,1
61.png,protein,1.73,0,2575.5,56.0,0.9781,mahalanobis,1.3109160714285715,0
61.png,protein,250,0,2537.0,118.0,0.6194,mahalanobis,1.3109160714285715,0
61.png,protein,333.3,0,2525.0,180.0,0.3942,mahalanobis,1.3109160714285715,0
61.png,protein,166.7,0,2526.5,242.0,0.4594,mahalanobis,1.3109160714285715,0
61.png,salt,1.73,0,2918.5,-12.0,2.1262,mahalanobis,1.3109160714285715,1
61.png,salt,250,0,2880.0,50.0,1.8308,mahalanobis,1.3109160714285715,1
61.png,salt,333.3,0,2868.0,112.0,1.6589,mahalanobis,1.3109160714285715,1
61.png,salt,166.7,0,2869.5,174.0,1.5971,mahalanobis,1.3109160714285715,1
61.png,magnesium,250,0,2398.0,-10.0,1.1783,mahalanobis,1.3109160714285715,0
61.png,magnesium,333.3,0,2386.0,52.0,0.8328,mahalanobis,1.3109160714285715,0
61.png,magnesium,166.7,0,2387.5,114.0,0.486,mahalanobis,1.3109160714285715,0
61.png,potassium,333.3,0,2576.0,-10.0,1.303,mahalanobis,1.3109160714285715,0
61.png,potassium,166.7,0,2577.5,52.0,1.0008,mahalanobis,1.3109160714285715,0
61.png,calcium,166.7,0,2639.5,-10.0,1.4133,mahalanobis,1.3109160714285715,1
61.png,energy,427,1,1799.1,-8.0,1.2139,mahalanobis,1.3109160714285715,0
61.png,energy,102,1,1941.2,-8.0,1.2041,mahalanobis,1.3109160714285715,0
61.png,energy,0,1,2035.5,132.0,0.6776,mahalanobis,1.3109160714285715,0
61.png,energy,0,1,2036.0,200.5,0.5548,mahalanobis,1.3109160714285715,0
61.png,energy,25.3,1,2015.0,270.0,0.6187,mahalanobis,1.3109160714285715,0
61.png,energy,14.6,1,2015.5,336.0,0.902,mahalanobis,1.3109160714285715,0
61.png,energy,0.2,1,2026.0,406.0,1.2688,mahalanobis,1.3109160714285715,0
61.png,energy,0.52,1,2016.5,470.0,1.5952,mahalanobis,1.3109160714285715,1
61.png,energy,75,1,1884.0,536.0,1.8925,mahalanobis,1.3109160714285715,1
61.png,energy,100,1,1900.0,598.0,2.2442,mahalanobis,1.3109160714285715,1
61.png,energy,50,1,1907.5,660.0,2.5955,mahalanobis,1.3109160714285715,1
61.png,fat,0,1,2263.0,-8.0,1.7925,mahalanobis,1.3109160714285715,1
61.png,fat,0,1,2263.5,60.5,1.5657,mahalanobis,1.3109160714285715,1
61.png,fat,25.3,1,2242.5,130.0,1.3372,mahalanobis,1.3109160714285715,1
61.png,fat,14.6,1,2243.0,196.0,1.2771,mahalanobis,1.3109160714285715,0
61.png,fat,0.2,1,2253.5,266.0,1.3634,mahalanobis,1.3109160714285715,1
61.png,fat,0.52,1,2244.0,330.0,1.4727,mahalanobis,1.3109160714285715,1
61.png,fat,75,1,2111.5,396.0,1.3715,mahalanobis,1.3109160714285715,1
61.png,fat,100,1,2127.5,458.0,1.6941,mahalanobis,1.3109160714285715,1
61.png,fat,50,1,2135.0,520.0,2.0141,mahalanobis,1.3109160714285715,1
61.png,saturated fats,0,1,1536.0,-3.5,1.6598,mahalanobis,1.3109160714285715,1
61.png,saturated fats,25.3,1,1515.0,66.0,1.4762,mahalanobis,1.3109160714285715,1
61.png,saturated fats,14.6,1,1515.5,132.0,1.3203,mahalanobis,1.3109160714285715,1
61.png,saturated fats,0.2,1,1526.0,202.0,1.2243,mahalanobis,1.3109160714285715,0
61.png,saturated fats,0.52,1,1516.5,266.0,1.3096,mahalanobis,1.3109160714285715,0
61.png,saturated fats,75,1,1384.0,332.0,1.8717,mahalanobis,1.3109160714285715,1
61.png,saturated fats,100,1,1400.0,394.0,1.9888,mahalanobis,1.3109160714285715,1
61.png,saturated fats,50,1,1407.5,456.0,2.1807,mahalanobis,1.3109160714285715,1
61.png,carbohydrate,25.3,1,1754.0,-2.0,1.2266,mahalanobis,1.3109160714285715,0
61.png,carbohydrate,14.6,1,1754.5,64.0,0.8859,mahalanobis,1.3109160714285715,0
61.png,carbohydrate,0.2,1,1765.0,134.0,0.5452,mahalanobis,1.3109160714285715,0
61.png,carbohydrate,0.52,1,1755.5,198.0,0.4241,mahalanobis,1.3109160714285715,0
61.png,carbohydrate,75,1,1623.0,264.0,0.9542,mahalanobis,1.3109160714285715,0
61.png,carbohydrate,100,1,1639.0,326.0,1.0891,mahalanobis,1.3109160714285715,0
61.png,carbohydrate,50,1,1646.5,388.0,1.3269,mahalanobis,1.3109160714285715,1
61.png,sugars,14.6,1,1572.5,-4.0,1.5731,mahalanobis,1.3109160714285715,1
61.png,sugars,0.2,1,1583.0,66.0,1.2792,mahalanobis,1.3109160714285715,0
61.png,sugars,0.52,1,1573.5,130.0,1.1327,mahalanobis,1.3109160714285715,0
61.png,sugars,75,1,1441.0,196.0,1.5211,mahalanobis,1.3109160714285715,1
61.png,sugars,100,1,1457.0,258.0,1.4996,mahalanobis,1.3109160714285715,1
61.png,sugars,50,1,1464.5,320.0,1.5876,mahalanobis,1.3109160714285715,1
61.png,protein,0.2,1,2079.5,-8.0,1.378,mahalanobis,1.3109160714285715,1
61.png,protein,0.52,1,2070.0,56.0,1.062,mahalanobis,1.3109160714285715,0
61.png,protein,75,1,1937.5,122.0,0.4954,mahalanobis,1.3109160714285715,0
61.png,protein,100,1,1953.5,184.0,0.2843,mahalanobis,1.3109160714285715,0
61.png,protein,50,1,1961.0,246.0,0.3871,mahalanobis,1.3109160714285715,0
61.png,salt,0.52,1,2413.0,-12.0,2.2248,mahalanobis,1.3109160714285715,1
61.png,salt,75,1,2280.5,54.0,1.6354,mahalanobis,1.3109160714285715,1
61.png,salt,100,1,2296.5,116.0,1.5408,mahalanobis,1.3109160714285715,1
61.png,salt,50,1,2304.0,178.0,1.4954,mahalanobis,1.3109160714285715,1
61.png,magnesium,75,1,1798.5,-6.0,1.2033,mahalanobis,1.3109160714285715,0
61.png,magnesium,100,1,1814.5,56.0,0.8497,mahalanobis,1.3109160714285715,0
61.png,magnesium,50,1,1822.0,118.0,0.5083,mahalanobis,1.3109160714285715,0
61.png,potassium,100,1,2004.5,-6.0,1.2534,mahalanobis,1.3109160714285715,0
61.png,potassium,50,1,2012.0,56.0,0.9468,mahalanobis,1.3109160714285715,0
61.png,calcium,50,1,2074.0,-6.0,1.3585,mahalanobis,1.3109160714285715,1
63.png,energy,427,0,1843.4,7.5,1.1313,mahalanobis,1.3131839285714284,0
63.png,energy,102,0,1989.6,7.5,1.1043,mahalanobis,1.3131839285714284,0
63.png,energy,0,0,2091.0,153.5,0.6041,mahalanobis,1.3131839285714284,0
63.png,energy,0,0,2087.0,220.5,0.5241,mahalanobis,1.3131839285714284,0
63.png,energy,25.3,0,2072.5,289.5,0.6561,mahalanobis,1.3131839285714284,0
63.png,energy,14.6,0,2077.0,358.0,0.9651,mahalanobis,1.3131839285714284,0
63.png,energy,0.2,0,2087.5,422.5,1.2975,mahalanobis,1.3131839285714284,0
63.png,energy,0.52,0,2083.0,486.0,1.618,mahalanobis,1.3131839285714284,1
63.png,energy,75,0,1956.5,550.0,1.89,mahalanobis,1.3131839285714284,1
63.png,energy,100,0,1982.0,616.5,2.2592,mahalanobis,1.3131839285714284,1
63.png,energy,50,0,1983.0,678.5,2.5989,mahalanobis,1.3131839285714284,1
63.png,fat,0,0,2319.5,9.5,1.6938,mahalanobis,1.3131839285714284,1
63.png,fat,0,0,2315.5,76.5,1.4754,mahalanobis,1.3131839285714284,1
63.png,fat,25.3,0,2301.0,145.5,1.2876,mahalanobis,1.3131839285714284,0
63.png,fat,14.6,0,2305.5,214.0,1.2604,mahalanobis,1.3131839285714284,0
63.png,fat,0.2,0,2316.0,278.5,1.3552,mahalanobis,1.3131839285714284,1
63.png,fat,0.52,0,2311.5,342.0,1.4821,mahalanobis,1.3131839285714284,1
63.png,fat,75,0,2185.0,406.0,1.3892,mahalanobis,1.3131839285714284,1
63.png,fat,100,0,2210.5,472.5,1.7376,mahalanobis,1.3131839285714284,1
63.png,fat,50,0,2211.5,534.5,2.034,mahalanobis,1.3131839285714284,1
63.png,saturated fats,0,0,1566.0,5.0,1.6669,mahalanobis,1.3131839285714284,1
63.png,saturated fats,25.3,0,1551.5,74.0,1.4875,mahalanobis,1.3131839285714284,1
63.png,saturated fats,14.6,0,1556.0,142.5,1.3307,mahalanobis,1.3131839285714284,1
63.png,saturated fats,0.2,0,1566.5,207.0,1.2489,mahalanobis,1.3131839285714284,0
63.png,saturated fats,0.52,0,1562.0,270.5,1.313,mahalanobis,1.3131839285714284,0
63.png,saturated fats,75,0,1435.5,334.5,1.8348,mahalanobis,1.3131839285714284,1
63.png,saturated fats,100,0,1461.0,401.0,1.9312,mahalanobis,1.3131839285714284,1
63.png,saturated fats,50,0,1462.0,463.0,2.1361,mahalanobis,1.3131839285714284,1
63.png,carbohydrate,25.3,0,1790.0,2.0,1.2212,mahalanobis,1.3131839285714284,0
63.png,carbohydrate,14.6,0,1794.5,70.5,0.8815,mahalanobis,1.3131839285714284,0
63.png,carbohydrate,0.2,0,1805.0,135.0,0.5866,mahalanobis,1.3131839285714284,0
63.png,carbohydrate,0.52,0,1800.5,198.5,0.4564,mahalanobis,1.3131839285714284,0
63.png,carbohydrate,75,0,1674.0,262.5,0.9371,mahalanobis,1.3131839285714284,0
63.png,carbohydrate,100,0,1699.5,329.0,1.0453,mahalanobis,1.3131839285714284,0
63.png,carbohydrate,50,0,1700.5,391.0,1.2895,mahalanobis,1.3131839285714284,0
63.png,of which sugars/ davon zucker / di cul zuccheri /dont sucres/ de los cuales azücares/od tega sladkorji,14.6,0,1611.0,0.5,1.5731,mahalanobis,1.3131839285714284,1
63.png,of which sugars/ davon zucker / di cul zuccheri /dont sucres/ de los cuales azücares/od tega sladkorji,0.2,0,1621.5,65.0,1.3136,mahalanobis,1.3131839285714284,1
63.png,of which sugars/ davon zucker / di cul zuccheri /dont sucres/ de los cuales azücares/od tega sladkorji,0.52,0,1617.0,128.5,1.158,mahalanobis,1.3131839285714284,0
63.png,of which sugars/ davon zucker / di cul zuccheri /dont sucres/ de los cuales azücares/od tega sladkorji,75,0,1490.5,192.5,1.5086,mahalanobis,1.3131839285714284,1
63.png,of which sugars/ davon zucker / di cul zuccheri /dont sucres/ de los cuales azücares/od tega sladkorji,100,0,1516.0,259.0,1.45,mahalanobis,1.3131839285714284,1
63.png,of which sugars/ davon zucker / di cul zuccheri /dont sucres/ de los cuales azücares/od tega sladkorji,50,0,1517.0,321.0,1.5515,mahalanobis,1.3131839285714284,1
63.png,protein,0.2,0,2132.5,-13.0,1.3762,mahalanobis,1.3131839285714284,1
63.png,protein,0.52,0,2128.0,50.5,1.0762,mahalanobis,1.3131839285714284,0
63.png,protein,75,0,2001.5,114.5,0.5504,mahalanobis,1.3131839285714284,0
63.png,protein,100,0,2027.0,181.0,0.3425,mahalanobis,1.3131839285714284,0
63.png,protein,50,0,2028.0,243.0,0.3775,mahalanobis,1.3131839285714284,0
63.png,salt,0.52,0,2479.0,-21.5,2.23,mahalanobis,1.3131839285714284,1
63.png,salt,75,0,2352.5,42.5,1.6784,mahalanobis,1.3131839285714284,1
63.png,salt,100,0,2378.0,109.0,1.5967,mahalanobis,1.3131839285714284,1
63.png,salt,50,0,2379.0,171.0,1.5211,mahalanobis,1.3131839285714284,1
63.png,magnesium,75,0,1853.5,-25.5,1.2988,mahalanobis,1.3131839285714284,0
63.png,magnesium,100,0,1879.0,41.0,0.9238,mahalanobis,1.3131839285714284,0
63.png,magnesium,50,0,1880.0,103.0,0.5937,mahalanobis,1.3131839285714284,0
63.png,potassium,100,0,2072.0,-17.5,1.3114,mahalanobis,1.3131839285714284,0
63.png,potassium,50,0,2073.0,44.5,1.0025,mahalanobis,1.3131839285714284,0
63.png,calcium,50,0,2139.0,-17.5,1.4085,mahalanobis,1.3131839285714284,1
63.png,energy,1424,1,2336.6,7.5,1.2132,mahalanobis,1.3131839285714284,0
63.png,energy,341,1,2493.5,7.5,1.1482,mahalanobis,1.3131839285714284,0
63.png,energy,0,1,2586.0,149.5,0.5811,mahalanobis,1.3131839285714284,0
63.png,energy,0,1,2590.5,223.5,0.4553,mahalanobis,1.3131839285714284,0
63.png,energy,84.4,1,2567.5,289.5,0.5286,mahalanobis,1.3131839285714284,0
63.png,energy,48.7,1,2570.5,360.0,0.843,mahalanobis,1.3131839285714284,0
63.png,energy,0.6,1,2579.5,431.5,1.207,mahalanobis,1.3131839285714284,0
63.png,energy,1.73,1,2573.0,501.5,1.5588,mahalanobis,1.3131839285714284,1
63.png,energy,250,1,2532.5,570.0,1.8928,mahalanobis,1.3131839285714284,1
63.png,energy,313.3,1,2524.5,637.5,2.2491,mahalanobis,1.3131839285714284,1
63.png,energy,166.7,1,2528.0,707.5,2.6239,mahalanobis,1.3131839285714284,1
63.png,fat,0,1,2814.5,5.5,1.6772,mahalanobis,1.3131839285714284,1
63.png,fat,0,1,2819.0,79.5,1.4469,mahalanobis,1.3131839285714284,1
63.png,fat,84.4,1,2796.0,145.5,1.2234,mahalanobis,1.3131839285714284,0
63.png,fat,48.7,1,2799.0,216.0,1.1662,mahalanobis,1.3131839285714284,0
63.png,fat,0.6,1,2808.0,287.5,1.2497,mahalanobis,1.3131839285714284,0
63.png,fat,1.73,1,2801.5,357.5,1.3858,mahalanobis,1.3131839285714284,1
63.png,fat,250,1,2761.0,426.0,1.5135,mahalanobis,1.3131839285714284,1
63.png,fat,313.3,1,2753.0,493.5,1.7789,mahalanobis,1.3131839285714284,1
63.png,fat,166.7,1,2756.5,563.5,2.1047,mahalanobis,1.3131839285714284,1
63.png,saturated fats,0,1,2069.5,8.0,1.7445,mahalanobis,1.3131839285714284,1
63.png,saturated fats,84.4,1,2046.5,74.0,1.605,mahalanobis,1.3131839285714284,1
63.png,saturated fats,48.7,1,2049.5,144.5,1.448,mahalanobis,1.3131839285714284,1
63.png,saturated fats,0.6,1,2058.5,216.0,1.3592,mahalanobis,1.3131839285714284,1
63.png,saturated fats,1.73,1,2052.0,286.0,1.4254,mahalanobis,1.3131839285714284,1
63.png,saturated fats,250,1,2011.5,354.5,1.6811,mahalanobis,1.3131839285714284,1
63.png,saturated fats,313.3,1,2003.5,422.0,1.8872,mahalanobis,1.3131839285714284,1
63.png,saturated fats,166.7,1,2007.0,492.0,2.1161,mahalanobis,1.3131839285714284,1
63.png,carbohydrate,84.4,1,2285.0,2.0,1.3097,mahalanobis,1.3131839285714284,0
63.png,carbohydrate,48.7,1,2288.0,72.5,0.9803,mahalanobis,1.3131839285714284,0
63.png,carbohydrate,0.6,1,2297.0,144.0,0.6823,mahalanobis,1.3131839285714284,0
63.png,carbohydrate,1.73,1,2290.5,214.0,0.569,mahalanobis,1.3131839285714284,0
63.png,carbohydrate,250,1,2250.0,282.5,0.7808,mahalanobis,1.3131839285714284,0
63.png,carbohydrate,313.3,1,2242.0,350.0,1.0106,mahalanobis,1.3131839285714284,0
63.png,carbohydrate,166.7,1,2245.5,420.0,1.2911,mahalanobis,1.3131839285714284,0
63.png,of which sugars/ davon zucker / di cul zuccheri /dont sucres/ de los cuales azücares/od tega sladkorji,48.7,1,2104.5,2.5,1.6764,mahalanobis,1.3131839285714284,1
63.png,of which sugars/ davon zucker / di cul zuccheri /dont sucres/ de los cuales azücares/od tega sladkorji,0.6,1,2113.5,74.0,1.4101,mahalanobis,1.3131839285714284,1
63.png,of which sugars/ davon zucker / di cul zuccheri /dont sucres/ de los cuales azücares/od tega sladkorji,1.73,1,2107.0,144.0,1.2619,mahalanobis,1.3131839285714284,0
63.png,of which sugars/ davon zucker / di cul zuccheri /dont sucres/ de los cuales azücares/od tega sladkorji,250,1,2066.5,212.5,1.3324,mahalanobis,1.3131839285714284,1
63.png,of which sugars/ davon zucker / di cul zuccheri /dont sucres/ de los cuales azücares/od tega sladkorji,313.3,1,2058.5,280.0,1.3962,mahalanobis,1.3131839285714284,1
63.png,of which sugars/ davon zucker / di cul zuccheri /dont sucres/ de los cuales azücares/od tega sladkorji,166.7,1,2062.0,350.0,1.516,mahalanobis,1.3131839285714284,1
63.png,protein,0.6,1,2624.5,-4.0,1.3317,mahalanobis,1.3131839285714284,1
63.png,protein,1.73,1,2618.0,66.0,0.9931,mahalanobis,1.3131839285714284,0
63.png,protein,250,1,2577.5,134.5,0.6169,mahalanobis,1.3131839285714284,0
63.png,protein,313.3,1,2569.5,202.0,0.3958,mahalanobis,1.3131839285714284,0
63.png,protein,166.7,1,2573.0,272.0,0.4827,mahalanobis,1.3131839285714284,0
63.png,salt,1.73,1,2969.0,-6.0,2.1262,mahalanobis,1.3131839285714284,1
63.png,salt,250,1,2928.5,62.5,1.8168,mahalanobis,1.3131839285714284,1
63.png,salt,313.3,1,2920.5,130.0,1.6529,mahalanobis,1.3131839285714284,1
63.png,salt,166.7,1,2924.0,200.0,1.5959,mahalanobis,1.3131839285714284,1
63.png,magnesium,250,1,2429.5,-5.5,1.2148,mahalanobis,1.3131839285714284,0
63.png,magnesium,313.3,1,2421.5,62.0,0.8578,mahalanobis,1.3131839285714284,0
63.png,magnesium,166.7,1,2425.0,132.0,0.4862,mahalanobis,1.3131839285714284,0
63.png,potassium,313.3,1,2614.5,3.5,1.2809,mahalanobis,1.3131839285714284,0
63.png,potassium,166.7,1,2618.0,73.5,0.9599,mahalanobis,1.3131839285714284,0
63.png,calcium,166.7,1,2684.0,11.5,1.3613,mahalanobis,1.3131839285714284,1
64.png,vitamin c,50,0,1181.0,-12.5,1.2741,mahalanobis,1.173186111111111,1
64.png,vitamin c,0.6,0,1174.0,127.0,0.779,mahalanobis,1.173186111111111,0
64.png,vitamin c,7.0,0,1165.0,262.5,0.3479,mahalanobis,1.173186111111111,0
64.png,vitamin c,0.6,0,1159.0,398.5,0.4153,mahalanobis,1.173186111111111,0
64.png,vitamin c,80,0,1181.0,536.5,0.9833,mahalanobis,1.173186111111111,0
64.png,vitamin c,2.0,0,1170.0,669.5,1.3878,mahalanobis,1.173186111111111,1
64.png,vitamin c,2.5,0,1138.0,804.5,1.8355,mahalanobis,1.173186111111111,1
64.png,vitamin c,3.0,0,1131.5,942.0,2.3434,mahalanobis,1.173186111111111,1
64.png,vitamin b2,0.6,0,1162.0,-12.0,1.2028,mahalanobis,1.173186111111111,1
64.png,vitamin b2,7.0,0,1153.0,123.5,0.6929,mahalanobis,1.173186111111111,0
64.png,vitamin b2,0.6,0,1147.0,259.5,0.197,mahalanobis,1.173186111111111,0
64.png,vitamin b2,80,0,1169.0,397.5,0.4898,mahalanobis,1.173186111111111,0
64.png,vitamin b2,2.0,0,1158.0,530.5,0.8568,mahalanobis,1.173186111111111,0
64.png,vitamin b2,2.5,0,1126.0,665.5,1.3321,mahalanobis,1.173186111111111,1
64.png,vitamin b2,3.0,0,1119.5,803.0,1.8439,mahalanobis,1.173186111111111,1
64.png,niacin,7.0,0,1228.5,-13.5,1.5812,mahalanobis,1.173186111111111,1
64.png,niacin,0.6,0,1222.5,122.5,1.195,mahalanobis,1.173186111111111,1
64.png,niacin,80,0,1244.5,260.5,1.2556,mahalanobis,1.173186111111111,1
64.png,niacin,2.0,0,1233.5,393.5,1.1604,mahalanobis,1.173186111111111,0
64.png,niacin,2.5,0,1201.5,528.5,1.1027,mahalanobis,1.173186111111111,0
64.png,niacin,3.0,0,1195.0,666.0,1.4814,mahalanobis,1.173186111111111,1
64.png,vitamin b6,0.6,0,1155.0,-10.0,1.1796,mahalanobis,1.173186111111111,1
64.png,vitamin b6,80,0,1177.0,128.0,0.7953,mahalanobis,1.173186111111111,0
64.png,vitamin b6,2.0,0,1166.0,261.0,0.3609,mahalanobis,1.173186111111111,0
64.png,vitamin b6,2.5,0,1134.0,396.0,0.3359,mahalanobis,1.173186111111111,0
64.png,vitamin b6,3.0,0,1127.5,533.5,0.8479,mahalanobis,1.173186111111111,0
64.png,folic acid,80,0,1100.0,-7.5,1.2417,mahalanobis,1.173186111111111,1
64.png,folic acid,2.0,0,1089.0,125.5,0.8863,mahalanobis,1.173186111111111,0
64.png,folic acid,2.5,0,1057.0,260.5,0.9771,mahalanobis,1.173186111111111,0
64.png,folic acid,3.0,0,1050.5,398.0,1.0928,mahalanobis,1.173186111111111,0
64.png,vitamin b12,2.0,0,1156.0,-11.5,1.187,mahalanobis,1.173186111111111,1
64.png,vitamin b12,2.5,0,1124.0,123.5,0.6945,mahalanobis,1.173186111111111,0
64.png,vitamin b12,3.0,0,1117.5,261.0,0.3005,mahalanobis,1.173186111111111,0
64.png,pantothenic acid,2.5,0,846.0,-9.0,3.6361,mahalanobis,1.173186111111111,1
64.png,pantothenic acid,3.0,0,839.5,128.5,3.5827,mahalanobis,1.173186111111111,1
64.png,zinc,3.0,0,1197.5,-11.5,1.3585,mahalanobis,1.173186111111111,1
68.jpeg,enegy/eneg/valor energetico k,1578,0,329.5,7.5,1.4315,mahalanobis,1.2770650000000001,1
68.jpeg,enegy/eneg/valor energetico k,0.69,0,336.0,30.0,1.335,mahalanobis,1.2770650000000001,1
68.jpeg,enegy/eneg/valor energetico k,05,0,329.5,76.5,0.9256,mahalanobis,1.2770650000000001,0
68.jpeg,enegy/eneg/valor energetico k,529,0,332.5,97.0,0.836,mahalanobis,1.2770650000000001,0
68.jpeg,enegy/eneg/valor energetico k,454,0,379.0,138.0,1.8088,mahalanobis,1.2770650000000001,1
68.jpeg,enegy/eneg/valor energetico k,219,0,331.0,143.0,0.5656,mahalanobis,1.2770650000000001,0
68.jpeg,enegy/eneg/valor energetico k,2,0,377.5,159.0,1.7471,mahalanobis,1.2770650000000001,1
68.jpeg,enegy/eneg/valor energetico k,64,0,326.5,163.5,0.3894,mahalanobis,1.2770650000000001,0
68.jpeg,enegy/eneg/valor energetico k,0.49,0,327.5,186.0,0.4052,mahalanobis,1.2770650000000001,0
68.jpeg,enegy/eneg/valor energetico k,579,0,323.5,277.5,0.8494,mahalanobis,1.2770650000000001,0
68.jpeg,enegy/eneg/valor energetico k,29,0,369.5,286.5,1.7564,mahalanobis,1.2770650000000001,1
68.jpeg,enegy/eneg/valor energetico k,979,0,322.5,296.0,0.9817,mahalanobis,1.2770650000000001,0
68.jpeg,enegy/eneg/valor energetico k,51,0,369.0,304.5,1.8206,mahalanobis,1.2770650000000001,1
68.jpeg,enegy/eneg/valor energetico k,679,0,321.0,315.5,1.1236,mahalanobis,1.2770650000000001,0
68.jpeg,enegy/eneg/valor energetico k,8.69,0,320.5,334.5,1.2703,mahalanobis,1.2770650000000001,0
68.jpeg,enegy/eneg/valor energetico k,159,0,320.0,354.0,1.4221,mahalanobis,1.2770650000000001,1
68.jpeg,enegy/eneg/valor energetico k,2.09,0,318.0,374.0,1.5745,mahalanobis,1.2770650000000001,1
68.jpeg,enegy/eneg/valor energetico k,259,0,317.0,392.0,1.7155,mahalanobis,1.2770650000000001,1
68.jpeg,enegy/eneg/valor energetico k,151,0,364.0,397.0,2.2289,mahalanobis,1.2770650000000001,1
68.jpeg,enegy/eneg/valor energetico k,620,0,315.5,410.5,1.8608,mahalanobis,1.2770650000000001,1
68.jpeg,enegy/eneg/valor energetico k,169,0,315.5,429.5,2.0123,mahalanobis,1.2770650000000001,1
68.jpeg,fa/fe/maeresgrases/vetten/grasas/upidos/grassi,0.69,0,304.5,6.5,1.383,mahalanobis,1.2770650000000001,1
68.jpeg,fa/fe/maeresgrases/vetten/grasas/upidos/grassi,05,0,298.0,53.0,1.0689,mahalanobis,1.2770650000000001,0
68.jpeg,fa/fe/maeresgrases/vetten/grasas/upidos/grassi,529,0,301.0,73.5,0.8873,mahalanobis,1.2770650000000001,0
68.jpeg,fa/fe/maeresgrases/vetten/grasas/upidos/grassi,454,0,347.5,114.5,1.063,mahalanobis,1.2770650000000001,0
68.jpeg,fa/fe/maeresgrases/vetten/grasas/upidos/grassi,219,0,299.5,119.5,0.5819,mahalanobis,1.2770650000000001,0
68.jpeg,fa/fe/maeresgrases/vetten/grasas/upidos/grassi,2,0,346.0,135.5,0.9568,mahalanobis,1.2770650000000001,0
68.jpeg,fa/fe/maeresgrases/vetten/grasas/upidos/grassi,64,0,295.0,140.0,0.5594,mahalanobis,1.2770650000000001,0
68.jpeg,fa/fe/maeresgrases/vetten/grasas/upidos/grassi,0.49,0,296.0,162.5,0.4613,mahalanobis,1.2770650000000001,0
68.jpeg,fa/fe/maeresgrases/vetten/grasas/upidos/grassi,579,0,292.0,254.0,0.8229,mahalanobis,1.2770650000000001,0
68.jpeg,fa/fe/maeresgrases/vetten/grasas/upidos/grassi,29,0,338.0,263.0,0.9638,mahalanobis,1.2770650000000001,0
68.jpeg,fa/fe/maeresgrases/vetten/grasas/upidos/grassi,979,0,291.0,272.5,0.9537,mahalanobis,1.2770650000000001,0
68.jpeg,fa/fe/maeresgrases/vetten/grasas/upidos/grassi,51,0,337.5,281.0,1.0618,mahalanobis,1.2770650000000001,0
68.jpeg,fa/fe/maeresgrases/vetten/grasas/upidos/grassi,679,0,289.5,292.0,1.1036,mahalanobis,1.2770650000000001,0
68.jpeg,fa/fe/maeresgrases/vetten/grasas/upidos/grassi,8.69,0,289.0,311.0,1.2388,mahalanobis,1.2770650000000001,0
68.jpeg,fa/fe/maeresgrases/vetten/grasas/upidos/grassi,159,0,288.5,330.5,1.3811,mahalanobis,1.2770650000000001,1
68.jpeg,fa/fe/maeresgrases/vetten/grasas/upidos/grassi,2.09,0,286.5,350.5,1.5476,mahalanobis,1.2770650000000001,1
68.jpeg,fa/fe/maeresgrases/vetten/grasas/upidos/grassi,259,0,285.5,368.5,1.6884,mahalanobis,1.2770650000000001,1
68.jpeg,fa/fe/maeresgrases/vetten/grasas/upidos/grassi,151,0,332.5,373.5,1.6524,mahalanobis,1.2770650000000001,1
68.jpeg,fa/fe/maeresgrases/vetten/grasas/upidos/grassi,620,0,284.0,387.0,1.8392,mahalanobis,1.2770650000000001,1
68.jpeg,fa/fe/maeresgrases/vetten/grasas/upidos/grassi,169,0,284.0,406.0,1.978,mahalanobis,1.2770650000000001,1
68.jpeg,wnan verzadde vetzuren/de las cuales saturadas/dos quais acidos gordos,05,0,245.5,19.0,2.2005,mahalanobis,1.2770650000000001,1
68.jpeg,wnan verzadde vetzuren/de las cuales saturadas/dos quais acidos gordos,529,0,248.5,39.5,2.0424,mahalanobis,1.2770650000000001,1
68.jpeg,wnan verzadde vetzuren/de las cuales saturadas/dos quais acidos gordos,454,0,295.0,80.5,0.9076,mahalanobis,1.2770650000000001,0
68.jpeg,wnan verzadde vetzuren/de las cuales saturadas/dos quais acidos gordos,219,0,247.0,85.5,1.9069,mahalanobis,1.2770650000000001,1
68.jpeg,wnan verzadde vetzuren/de las cuales saturadas/dos quais acidos gordos,2,0,293.5,101.5,0.7947,mahalanobis,1.2770650000000001,0
68.jpeg,wnan verzadde vetzuren/de las cuales saturadas/dos quais acidos gordos,64,0,242.5,106.0,1.9652,mahalanobis,1.2770650000000001,1
68.jpeg,wnan verzadde vetzuren/de las cuales saturadas/dos quais acidos gordos,0.49,0,243.5,128.5,1.8944,mahalanobis,1.2770650000000001,1
68.jpeg,wnan verzadde vetzuren/de las cuales saturadas/dos quais acidos gordos,579,0,239.5,220.0,1.9897,mahalanobis,1.2770650000000001,1
68.jpeg,wnan verzadde vetzuren/de las cuales saturadas/dos quais acidos gordos,29,0,285.5,229.0,0.8347,mahalanobis,1.2770650000000001,0
68.jpeg,wnan verzadde vetzuren/de las cuales saturadas/dos quais acidos gordos,979,0,238.5,238.5,2.0461,mahalanobis,1.2770650000000001,1
68.jpeg,wnan verzadde vetzuren/de las cuales saturadas/dos quais acidos gordos,51,0,285.0,247.0,0.9246,mahalanobis,1.2770650000000001,0
68.jpeg,wnan verzadde vetzuren/de las cuales saturadas/dos quais acidos gordos,679,0,237.0,258.0,2.1269,mahalanobis,1.2770650000000001,1
68.jpeg,wnan verzadde vetzuren/de las cuales saturadas/dos quais acidos gordos,8.69,0,236.5,277.0,2.19,mahalanobis,1.2770650000000001,1
68.jpeg,wnan verzadde vetzuren/de las cuales saturadas/dos quais acidos gordos,159,0,236.0,296.5,2.2632,mahalanobis,1.2770650000000001,1
68.jpeg,wnan verzadde vetzuren/de las cuales saturadas/dos quais acidos gordos,2.09,0,234.0,316.5,2.382,mahalanobis,1.2770650000000001,1
68.jpeg,wnan verzadde vetzuren/de las cuales saturadas/dos quais acidos gordos,259,0,233.0,334.5,2.4753,mahalanobis,1.2770650000000001,1
68.jpeg,wnan verzadde vetzuren/de las cuales saturadas/dos quais acidos gordos,151,0,280.0,339.5,1.5604,mahalanobis,1.2770650000000001,1
68.jpeg,wnan verzadde vetzuren/de las cuales saturadas/dos quais acidos gordos,620,0,231.5,353.0,2.5869,mahalanobis,1.2770650000000001,1
68.jpeg,wnan verzadde vetzuren/de las cuales saturadas/dos quais acidos gordos,169,0,231.5,372.0,2.6721,mahalanobis,1.2770650000000001,1
68.jpeg,ssturados/d cul acidigrassisaturi/varav mattat fett,05,0,304.5,4.0,1.4027,mahalanobis,1.2770650000000001,1
68.jpeg,ssturados/d cul acidigrassisaturi/varav mattat fett,529,0,307.5,24.5,1.2298,mahalanobis,1.2770650000000001,0
68.jpeg,ssturados/d cul acidigrassisaturi/varav mattat fett,454,0,354.0,65.5,1.4261,mahalanobis,1.2770650000000001,1
68.jpeg,ssturados/d cul acidigrassisaturi/varav mattat fett,219,0,306.0,70.5,0.8731,mahalanobis,1.2770650000000001,0
68.jpeg,ssturados/d cul acidigrassisaturi/varav mattat fett,2,0,352.5,86.5,1.2939,mahalanobis,1.2770650000000001,1
68.jpeg,ssturados/d cul acidigrassisaturi/varav mattat fett,64,0,301.5,91.0,0.7527,mahalanobis,1.2770650000000001,0
68.jpeg,ssturados/d cul acidigrassisaturi/varav mattat fett,0.49,0,302.5,113.5,0.579,mahalanobis,1.2770650000000001,0
68.jpeg,ssturados/d cul acidigrassisaturi/varav mattat fett,579,0,298.5,205.0,0.4369,mahalanobis,1.2770650000000001,0
68.jpeg,ssturados/d cul acidigrassisaturi/varav mattat fett,29,0,344.5,214.0,0.9036,mahalanobis,1.2770650000000001,0
68.jpeg,ssturados/d cul acidigrassisaturi/varav mattat fett,979,0,297.5,223.5,0.5462,mahalanobis,1.2770650000000001,0
68.jpeg,ssturados/d cul acidigrassisaturi/varav mattat fett,51,0,344.0,232.0,0.9476,mahalanobis,1.2770650000000001,0
68.jpeg,ssturados/d cul acidigrassisaturi/varav mattat fett,679,0,296.0,243.0,0.6861,mahalanobis,1.2770650000000001,0
68.jpeg,ssturados/d cul acidigrassisaturi/varav mattat fett,8.69,0,295.5,262.0,0.815,mahalanobis,1.2770650000000001,0
68.jpeg,ssturados/d cul acidigrassisaturi/varav mattat fett,159,0,295.0,281.5,0.9543,mahalanobis,1.2770650000000001,0
68.jpeg,ssturados/d cul acidigrassisaturi/varav mattat fett,2.09,0,293.0,301.5,1.1201,mahalanobis,1.2770650000000001,0
68.jpeg,ssturados/d cul acidigrassisaturi/varav mattat fett,259,0,292.0,319.5,1.2603,mahalanobis,1.2770650000000001,0
68.jpeg,ssturados/d cul acidigrassisaturi/varav mattat fett,151,0,339.0,324.5,1.3699,mahalanobis,1.2770650000000001,1
68.jpeg,ssturados/d cul acidigrassisaturi/varav mattat fett,620,0,290.5,338.0,1.411,mahalanobis,1.2770650000000001,1
68.jpeg,ssturados/d cul acidigrassisaturi/varav mattat fett,169,0,290.5,357.0,1.5499,mahalanobis,1.2770650000000001,1
68.jpeg,prter(e/ehws8/proteines/eiwtten/proteinas,2,0,369.0,-2.0,2.0842,mahalanobis,1.2770650000000001,1
68.jpeg,prter(e/ehws8/proteines/eiwtten/proteinas,64,0,318.0,2.5,1.4052,mahalanobis,1.2770650000000001,1
68.jpeg,prter(e/ehws8/proteines/eiwtten/proteinas,0.49,0,319.0,25.0,1.2302,mahalanobis,1.2770650000000001,0
68.jpeg,prter(e/ehws8/proteines/eiwtten/proteinas,579,0,315.0,116.5,0.492,mahalanobis,1.2770650000000001,0
68.jpeg,prter(e/ehws8/proteines/eiwtten/proteinas,29,0,361.0,125.5,1.3632,mahalanobis,1.2770650000000001,1
68.jpeg,prter(e/ehws8/proteines/eiwtten/proteinas,979,0,314.0,135.0,0.3421,mahalanobis,1.2770650000000001,0
68.jpeg,prter(e/ehws8/proteines/eiwtten/proteinas,51,0,360.5,143.5,1.3133,mahalanobis,1.2770650000000001,1
68.jpeg,prter(e/ehws8/proteines/eiwtten/proteinas,679,0,312.5,154.5,0.1844,mahalanobis,1.2770650000000001,0
68.jpeg,prter(e/ehws8/proteines/eiwtten/proteinas,8.69,0,312.0,173.5,0.0365,mahalanobis,1.2770650000000001,0
68.jpeg,prter(e/ehws8/proteines/eiwtten/proteinas,159,0,311.5,193.0,0.1264,mahalanobis,1.2770650000000001,0
68.jpeg,prter(e/ehws8/proteines/eiwtten/proteinas,2.09,0,309.5,213.0,0.2946,mahalanobis,1.2770650000000001,0
68.jpeg,prter(e/ehws8/proteines/eiwtten/proteinas,259,0,308.5,231.0,0.4402,mahalanobis,1.2770650000000001,0
68.jpeg,prter(e/ehws8/proteines/eiwtten/proteinas,151,0,355.5,236.0,1.2415,mahalanobis,1.2770650000000001,0
68.jpeg,prter(e/ehws8/proteines/eiwtten/proteinas,620,0,307.0,249.5,0.5933,mahalanobis,1.2770650000000001,0
68.jpeg,prter(e/ehws8/proteines/eiwtten/proteinas,169,0,307.0,268.5,0.741,mahalanobis,1.2770650000000001,0
68.jpeg,aaesdre/1-leucin/l-leucina,29,0,393.5,-6.0,2.6185,mahalanobis,1.2770650000000001,1
68.jpeg,aaesdre/1-leucin/l-leucina,979,0,346.5,3.5,1.6608,mahalanobis,1.2770650000000001,1
68.jpeg,aaesdre/1-leucin/l-leucina,51,0,393.0,12.0,2.5294,mahalanobis,1.2770650000000001,1
68.jpeg,aaesdre/1-leucin/l-leucina,679,0,345.0,23.0,1.5094,mahalanobis,1.2770650000000001,1
68.jpeg,aaesdre/1-leucin/l-leucina,8.69,0,344.5,42.0,1.3798,mahalanobis,1.2770650000000001,1
68.jpeg,aaesdre/1-leucin/l-leucina,159,0,344.0,61.5,1.2523,mahalanobis,1.2770650000000001,0
68.jpeg,aaesdre/1-leucin/l-leucina,2.09,0,342.0,81.5,1.1001,mahalanobis,1.2770650000000001,0
68.jpeg,aaesdre/1-leucin/l-leucina,259,0,341.0,99.5,0.9843,mahalanobis,1.2770650000000001,0
68.jpeg,aaesdre/1-leucin/l-leucina,151,0,388.0,104.5,2.1049,mahalanobis,1.2770650000000001,1
68.jpeg,aaesdre/1-leucin/l-leucina,620,0,339.5,118.0,0.8643,mahalanobis,1.2770650000000001,0
68.jpeg,aaesdre/1-leucin/l-leucina,169,0,339.5,137.0,0.791,mahalanobis,1.2770650000000001,0
68.jpeg,a-ure/t-lsoleucin/lisoleudna,51,0,372.5,-10.0,2.1963,mahalanobis,1.2770650000000001,1
68.jpeg,a-ure/t-lsoleucin/lisoleudna,679,0,324.5,1.0,1.4454,mahalanobis,1.2770650000000001,1
68.jpeg,a-ure/t-lsoleucin/lisoleudna,8.69,0,324.0,20.0,1.2947,mahalanobis,1.2770650000000001,1
68.jpeg,a-ure/t-lsoleucin/lisoleudna,159,0,323.5,39.5,1.1405,mahalanobis,1.2770650000000001,0
68.jpeg,a-ure/t-lsoleucin/lisoleudna,2.09,0,321.5,59.5,0.9725,mahalanobis,1.2770650000000001,0
68.jpeg,a-ure/t-lsoleucin/lisoleudna,259,0,320.5,77.5,0.8267,mahalanobis,1.2770650000000001,0
68.jpeg,a-ure/t-lsoleucin/lisoleudna,151,0,367.5,82.5,1.6567,mahalanobis,1.2770650000000001,1
68.jpeg,a-ure/t-lsoleucin/lisoleudna,620,0,319.0,96.0,0.6736,mahalanobis,1.2770650000000001,0
68.jpeg,a-ure/t-lsoleucin/lisoleudna,169,0,319.0,115.0,0.5284,mahalanobis,1.2770650000000001,0
68.jpeg,e/lsidn/t-hstidna/l-istidina,159,0,312.5,-1.5,1.4297,mahalanobis,1.2770650000000001,1
68.jpeg,e/lsidn/t-hstidna/l-istidina,2.09,0,310.5,18.5,1.2713,mahalanobis,1.2770650000000001,0
68.jpeg,e/lsidn/t-hstidna/l-istidina,259,0,309.5,36.5,1.1294,mahalanobis,1.2770650000000001,0
68.jpeg,e/lsidn/t-hstidna/l-istidina,151,0,356.5,41.5,1.6021,mahalanobis,1.2770650000000001,1
68.jpeg,e/lsidn/t-hstidna/l-istidina,620,0,308.0,55.0,0.9864,mahalanobis,1.2770650000000001,0
68.jpeg,e/lsidn/t-hstidna/l-istidina,169,0,308.0,74.0,0.8362,mahalanobis,1.2770650000000001,0
82.jpeg,energy,60,0,204.5,31.5,0.8385,mahalanobis,1.2572899999999998,0
82.jpeg,energy,60,0,104.5,57.5,1.2982,mahalanobis,1.2572899999999998,1
82.jpeg,energy,3,0,195.5,109.0,2.0018,mahalanobis,1.2572899999999998,1
82.jpeg,protein,60,0,204.5,7.5,1.2992,mahalanobis,1.2572899999999998,1
82.jpeg,protein,60,0,104.5,33.5,1.2662,mahalanobis,1.2572899999999998,1
82.jpeg,protein,3,0,195.5,85.0,1.3459,mahalanobis,1.2572899999999998,1
82.jpeg,carbohydrate,60,0,79.0,6.5,2.0492,mahalanobis,1.2572899999999998,1
82.jpeg,carbohydrate,3,0,170.0,58.0,0.4304,mahalanobis,1.2572899999999998,0
82.jpeg,fat,3,0,210.5,37.0,0.9014,mahalanobis,1.2572899999999998,0
82.jpeg,creatine,3,0,194.5,9.5,1.1421,mahalanobis,1.2572899999999998,0
88.png,fat,2.3,0,1721.0,-38.5,1.523,mahalanobis,1.3042020408163266,1
88.png,fat,1.6,0,1723.0,74.5,1.1925,mahalanobis,1.3042020408163266,0
88.png,fat,13,0,1748.0,295.0,1.2346,mahalanobis,1.3042020408163266,0
88.png,fat,11,0,1752.5,512.5,1.5876,mahalanobis,1.3042020408163266,1
88.png,fat,26,0,1748.0,647.5,1.8999,mahalanobis,1.3042020408163266,1
88.png,fat,0.33,0,1721.5,772.5,2.1122,mahalanobis,1.3042020408163266,1
88.png,saturated fats,1.6,0,1584.0,-14.5,1.7254,mahalanobis,1.3042020408163266,1
88.png,saturated fats,13,0,1609.0,206.0,0.9277,mahalanobis,1.3042020408163266,0
88.png,saturated fats,11,0,1613.5,423.5,0.9788,mahalanobis,1.3042020408163266,0
88.png,saturated fats,26,0,1609.0,558.5,1.3985,mahalanobis,1.3042020408163266,1
88.png,saturated fats,0.33,0,1582.5,683.5,2.0374,mahalanobis,1.3042020408163266,1
88.png,saturated fats,13,0,1584.5,103.5,1.4375,mahalanobis,1.3042020408163266,1
88.png,saturated fats,11,0,1589.0,321.0,1.1872,mahalanobis,1.3042020408163266,0
88.png,saturated fats,26,0,1584.5,456.0,1.4216,mahalanobis,1.3042020408163266,1
88.png,saturated fats,0.33,0,1558.0,581.0,2.0274,mahalanobis,1.3042020408163266,1
88.png,carbohydrate,13,0,1714.0,-35.0,1.4561,mahalanobis,1.3042020408163266,1
88.png,carbohydrate,11,0,1718.5,182.5,0.8834,mahalanobis,1.3042020408163266,0
88.png,carbohydrate,26,0,1714.0,317.5,0.7304,mahalanobis,1.3042020408163266,0
88.png,carbohydrate,0.33,0,1687.5,442.5,0.7052,mahalanobis,1.3042020408163266,0
88.png,carbohydrate,11,0,1707.0,71.5,1.0422,mahalanobis,1.3042020408163266,0
88.png,carbohydrate,26,0,1702.5,206.5,0.6245,mahalanobis,1.3042020408163266,0
88.png,carbohydrate,0.33,0,1676.0,331.5,0.2365,mahalanobis,1.3042020408163266,0
88.png,protein,26,0,1648.0,-35.0,1.298,mahalanobis,1.3042020408163266,0
88.png,protein,0.33,0,1621.5,90.0,1.0307,mahalanobis,1.3042020408163266,0
88.png,salt,0.33,0,1749.5,-58.0,1.8502,mahalanobis,1.3042020408163266,1
88.png,fat,0.5,1,1198.0,10.0,1.2532,mahalanobis,1.3042020408163266,0
88.png,fat,4.1,1,1216.0,238.5,1.0907,mahalanobis,1.3042020408163266,0
88.png,fat,3.5,1,1224.5,461.0,1.4815,mahalanobis,1.3042020408163266,1
88.png,fat,8.0,1,1231.5,601.0,1.9264,mahalanobis,1.3042020408163266,1
88.png,fat,0.10,1,1210.0,733.5,2.1702,mahalanobis,1.3042020408163266,1
88.png,saturated fats,0.5,1,1059.0,-79.0,1.8232,mahalanobis,1.3042020408163266,1
88.png,saturated fats,4.1,1,1077.0,149.5,1.0792,mahalanobis,1.3042020408163266,0
88.png,saturated fats,3.5,1,1085.5,372.0,1.004,mahalanobis,1.3042020408163266,0
88.png,saturated fats,8.0,1,1092.5,512.0,1.2995,mahalanobis,1.3042020408163266,0
88.png,saturated fats,0.10,1,1071.0,644.5,1.9163,mahalanobis,1.3042020408163266,1
88.png,saturated fats,4.1,1,1052.5,47.0,1.5905,mahalanobis,1.3042020408163266,1
88.png,saturated fats,3.5,1,1061.0,269.5,1.2484,mahalanobis,1.3042020408163266,0
88.png,saturated fats,8.0,1,1068.0,409.5,1.3069,mahalanobis,1.3042020408163266,1
88.png,saturated fats,0.10,1,1046.5,542.0,1.8713,mahalanobis,1.3042020408163266,1
88.png,carbohydrate,4.1,1,1182.0,-91.5,1.4703,mahalanobis,1.3042020408163266,1
88.png,carbohydrate,3.5,1,1190.5,131.0,0.8467,mahalanobis,1.3042020408163266,0
88.png,carbohydrate,8.0,1,1197.5,271.0,0.816,mahalanobis,1.3042020408163266,0
88.png,carbohydrate,0.10,1,1176.0,403.5,0.7846,mahalanobis,1.3042020408163266,0
88.png,carbohydrate,3.5,1,1179.0,20.0,1.0535,mahalanobis,1.3042020408163266,0
88.png,carbohydrate,8.0,1,1186.0,160.0,0.7289,mahalanobis,1.3042020408163266,0
88.png,carbohydrate,0.10,1,1164.5,292.5,0.3588,mahalanobis,1.3042020408163266,0
88.png,protein,8.0,1,1131.5,-81.5,1.3251,mahalanobis,1.3042020408163266,1
88.png,protein,0.10,1,1110.0,51.0,0.9353,mahalanobis,1.3042020408163266,0
88.png,salt,0.10,1,1238.0,-97.0,1.9769,mahalanobis,1.3042020408163266,1
90.png,energy,60 ml,0,1831.5,-61.5,1.3818,mahalanobis,1.2972302631578947,1
90.png,energy,115,0,1815.5,56.5,0.8785,mahalanobis,1.2972302631578947,0
90.png,energy,0,0,1850.0,177.5,0.7335,mahalanobis,1.2972302631578947,0
90.png,energy,0,0,1842.0,272.0,0.6525,mahalanobis,1.2972302631578947,0
90.png,energy,6.0,0,1814.5,467.5,1.0831,mahalanobis,1.2972302631578947,0
90.png,energy,6.0,0,1810.5,562.5,1.4558,mahalanobis,1.2972302631578947,1
90.png,energy,<0.1,0,1780.5,666.5,1.8523,mahalanobis,1.2972302631578947,1
90.png,energy,0.10,0,1778.0,773.0,2.3039,mahalanobis,1.2972302631578947,1
90.png,fat,115,0,1949.0,-48.5,1.8638,mahalanobis,1.2972302631578947,1
90.png,fat,0,0,1983.5,72.5,1.8091,mahalanobis,1.2972302631578947,1
90.png,fat,0,0,1975.5,167.0,1.6382,mahalanobis,1.2972302631578947,1
90.png,fat,6.0,0,1948.0,362.5,1.5124,mahalanobis,1.2972302631578947,1
90.png,fat,6.0,0,1944.0,457.5,1.677,mahalanobis,1.2972302631578947,1
90.png,fat,<0.1,0,1914.0,561.5,1.815,mahalanobis,1.2972302631578947,1
90.png,fat,0.10,0,1911.5,668.0,2.1743,mahalanobis,1.2972302631578947,1
90.png,saturated fats,0,0,1739.5,-32.5,1.1475,mahalanobis,1.2972302631578947,0
90.png,saturated fats,0,0,1731.5,62.0,0.7589,mahalanobis,1.2972302631578947,0
90.png,saturated fats,6.0,0,1704.0,257.5,0.3919,mahalanobis,1.2972302631578947,0
90.png,saturated fats,6.0,0,1700.0,352.5,0.648,mahalanobis,1.2972302631578947,0
90.png,saturated fats,<0.1,0,1670.0,456.5,1.1367,mahalanobis,1.2972302631578947,0
90.png,saturated fats,0.10,0,1667.5,563.0,1.5438,mahalanobis,1.2972302631578947,1
90.png,saturated fats,0,0,1724.0,-32.0,1.1627,mahalanobis,1.2972302631578947,0
90.png,saturated fats,6.0,0,1696.5,163.5,0.5307,mahalanobis,1.2972302631578947,0
90.png,saturated fats,6.0,0,1692.5,258.5,0.475,mahalanobis,1.2972302631578947,0
90.png,saturated fats,<0.1,0,1662.5,362.5,0.8749,mahalanobis,1.2972302631578947,0
90.png,saturated fats,0.10,0,1660.0,469.0,1.2222,mahalanobis,1.2972302631578947,0
90.png,carbohydrate,6.0,0,1582.5,50.5,1.4951,mahalanobis,1.2972302631578947,1
90.png,carbohydrate,6.0,0,1578.5,145.5,1.3553,mahalanobis,1.2972302631578947,1
90.png,carbohydrate,<0.1,0,1548.5,249.5,1.522,mahalanobis,1.2972302631578947,1
90.png,carbohydrate,0.10,0,1546.0,356.0,1.6237,mahalanobis,1.2972302631578947,1
90.png,sugars,6.0,0,1579.0,-43.0,1.7575,mahalanobis,1.2972302631578947,1
90.png,sugars,6.0,0,1575.0,52.0,1.5389,mahalanobis,1.2972302631578947,1
90.png,sugars,<0.1,0,1545.0,156.0,1.5826,mahalanobis,1.2972302631578947,1
90.png,sugars,0.10,0,1542.5,262.5,1.5692,mahalanobis,1.2972302631578947,1
90.png,protein,6.0,0,1770.0,-50.5,1.2226,mahalanobis,1.2972302631578947,0
90.png,protein,<0.1,0,1740.0,53.5,0.7826,mahalanobis,1.2972302631578947,0
90.png,protein,0.10,0,1737.5,160.0,0.3463,mahalanobis,1.2972302631578947,0
90.png,salt,<0.1,0,1957.5,-43.0,1.8969,mahalanobis,1.2972302631578947,1
90.png,salt,0.10,0,1955.0,63.5,1.6347,mahalanobis,1.2972302631578947,1
90.png,magnesium,0.10,0,1777.0,-56.0,1.2514,mahalanobis,1.2972302631578947,0
90.png,energy,192,1,1090.5,31.0,1.0448,mahalanobis,1.2972302631578947,0
90.png,energy,<0.1,1,1089.0,146.5,0.6191,mahalanobis,1.2972302631578947,0
90.png,energy,<0.1,1,1085.5,242.5,0.4202,mahalanobis,1.2972302631578947,0
90.png,energy,10,1,1105.0,445.5,1.0562,mahalanobis,1.2972302631578947,0
90.png,energy,10,1,1105.5,539.0,1.4238,mahalanobis,1.2972302631578947,1
90.png,energy,<0.1,1,1072.0,646.0,1.806,mahalanobis,1.2972302631578947,1
90.png,energy,0.16,1,1070.5,752.5,2.2691,mahalanobis,1.2972302631578947,1
90.png,fat,<0.1,1,1222.5,41.5,1.6975,mahalanobis,1.2972302631578947,1
90.png,fat,<0.1,1,1219.0,137.5,1.4931,mahalanobis,1.2972302631578947,1
90.png,fat,10,1,1238.5,340.5,1.6207,mahalanobis,1.2972302631578947,1
90.png,fat,10,1,1239.0,434.0,1.7784,mahalanobis,1.2972302631578947,1
90.png,fat,<0.1,1,1205.5,541.0,1.86,mahalanobis,1.2972302631578947,1
90.png,fat,0.16,1,1204.0,647.5,2.2108,mahalanobis,1.2972302631578947,1
90.png,saturated fats,<0.1,1,978.5,-63.5,1.4088,mahalanobis,1.2972302631578947,1
90.png,saturated fats,<0.1,1,975.0,32.5,1.017,mahalanobis,1.2972302631578947,0
90.png,saturated fats,10,1,994.5,235.5,0.2622,mahalanobis,1.2972302631578947,0
90.png,saturated fats,10,1,995.0,329.0,0.4558,mahalanobis,1.2972302631578947,0
90.png,saturated fats,<0.1,1,961.5,436.0,0.9892,mahalanobis,1.2972302631578947,0
90.png,saturated fats,0.16,1,960.0,542.5,1.4181,mahalanobis,1.2972302631578947,1
90.png,saturated fats,<0.1,1,967.5,-61.5,1.4248,mahalanobis,1.2972302631578947,1
90.png,saturated fats,10,1,987.0,141.5,0.5507,mahalanobis,1.2972302631578947,0
90.png,saturated fats,10,1,987.5,235.0,0.3143,mahalanobis,1.2972302631578947,0
90.png,saturated fats,<0.1,1,954.0,342.0,0.7107,mahalanobis,1.2972302631578947,0
90.png,saturated fats,0.16,1,952.5,448.5,1.0715,mahalanobis,1.2972302631578947,0
90.png,carbohydrate,10,1,873.0,28.5,1.5054,mahalanobis,1.2972302631578947,1
90.png,carbohydrate,10,1,873.5,122.0,1.2818,mahalanobis,1.2972302631578947,0
90.png,carbohydrate,<0.1,1,840.0,229.0,1.4155,mahalanobis,1.2972302631578947,1
90.png,carbohydrate,0.16,1,838.5,335.5,1.4819,mahalanobis,1.2972302631578947,1
90.png,sugars,10,1,869.5,-65.0,1.8121,mahalanobis,1.2972302631578947,1
90.png,sugars,10,1,870.0,28.5,1.5228,mahalanobis,1.2972302631578947,1
90.png,sugars,<0.1,1,836.5,135.5,1.5173,mahalanobis,1.2972302631578947,1
90.png,sugars,0.16,1,835.0,242.0,1.4514,mahalanobis,1.2972302631578947,1
90.png,protein,<0.1,1,1031.5,33.0,0.9306,mahalanobis,1.2972302631578947,0
90.png,protein,0.16,1,1030.0,139.5,0.46,mahalanobis,1.2972302631578947,0
90.png,salt,<0.1,1,1249.0,-63.5,2.1298,mahalanobis,1.2972302631578947,1
90.png,salt,0.16,1,1247.5,43.0,1.8558,mahalanobis,1.2972302631578947,1
91.png,energy,772,0,1338.0,-46.5,1.4141,mahalanobis,1.338229411764706,1
91.png,energy,234,0,919.0,-25.0,1.7473,mahalanobis,1.338229411764706,1
91.png,energy,2.3,0,1386.5,69.0,1.1387,mahalanobis,1.338229411764706,0
91.png,energy,0.7,0,954.5,97.5,1.3152,mahalanobis,1.338229411764706,0
91.png,energy,1.6,0,1380.5,167.0,0.8714,mahalanobis,1.338229411764706,0
91.png,energy,0.5,0,948.5,197.0,1.1754,mahalanobis,1.338229411764706,0
91.png,energy,13,0,1399.0,369.5,0.9344,mahalanobis,1.338229411764706,0
91.png,energy,4.1,0,959.5,409.0,1.2251,mahalanobis,1.338229411764706,0
91.png,energy,11,0,1392.5,563.0,1.4424,mahalanobis,1.338229411764706,1
91.png,energy,8.5,0,961.5,609.0,1.7499,mahalanobis,1.338229411764706,1
91.png,energy,26,0,1392.5,679.0,1.8514,mahalanobis,1.338229411764706,1
91.png,energy,8.0,0,967.5,728.5,2.1409,mahalanobis,1.338229411764706,1
91.png,energy,0.33,0,1356.0,789.5,2.2115,mahalanobis,1.338229411764706,1
91.png,energy,0.10,0,943.5,845.0,2.6096,mahalanobis,1.338229411764706,1
91.png,fat,2.3,0,1525.0,-48.5,1.9084,mahalanobis,1.338229411764706,1
91.png,fat,0.7,0,1093.0,-20.0,1.2857,mahalanobis,1.338229411764706,0
91.png,fat,1.6,0,1519.0,49.5,1.6403,mahalanobis,1.338229411764706,1
91.png,fat,0.5,0,1087.0,79.5,0.9407,mahalanobis,1.338229411764706,0
91.png,fat,13,0,1537.5,252.0,1.4541,mahalanobis,1.338229411764706,1
91.png,fat,4.1,0,1098.0,291.5,0.4868,mahalanobis,1.338229411764706,0
91.png,fat,11,0,1531.0,445.5,1.5915,mahalanobis,1.338229411764706,1
91.png,fat,8.5,0,1100.0,491.5,1.0147,mahalanobis,1.338229411764706,0
91.png,fat,26,0,1531.0,561.5,1.8516,mahalanobis,1.338229411764706,1
91.png,fat,8.0,0,1106.0,611.0,1.455,mahalanobis,1.338229411764706,1
91.png,fat,0.33,0,1494.5,672.0,2.0653,mahalanobis,1.338229411764706,1
91.png,fat,0.10,0,1082.0,727.5,1.9395,mahalanobis,1.338229411764706,1
91.png,saturated fats,1.6,0,1391.5,-51.0,1.5406,mahalanobis,1.338229411764706,1
91.png,saturated fats,0.5,0,959.5,-21.0,1.6109,mahalanobis,1.338229411764706,1
91.png,saturated fats,13,0,1410.0,151.5,1.0154,mahalanobis,1.338229411764706,0
91.png,saturated fats,4.1,0,970.5,191.0,1.0892,mahalanobis,1.338229411764706,0
91.png,saturated fats,11,0,1403.5,345.0,0.9147,mahalanobis,1.338229411764706,0
91.png,saturated fats,8.5,0,972.5,391.0,1.1413,mahalanobis,1.338229411764706,0
91.png,saturated fats,26,0,1403.5,461.0,1.1599,mahalanobis,1.338229411764706,0
91.png,saturated fats,8.0,0,978.5,510.5,1.4009,mahalanobis,1.338229411764706,1
91.png,saturated fats,0.33,0,1367.0,571.5,1.4121,mahalanobis,1.338229411764706,1
91.png,saturated fats,0.10,0,954.5,627.0,1.8267,mahalanobis,1.338229411764706,1
91.png,saturated fats,13,0,1388.5,53.5,1.1909,mahalanobis,1.338229411764706,0
91.png,saturated fats,4.1,0,949.0,93.0,1.3455,mahalanobis,1.338229411764706,1
91.png,saturated fats,11,0,1382.0,247.0,0.7748,mahalanobis,1.338229411764706,0
91.png,saturated fats,8.5,0,951.0,293.0,1.1291,mahalanobis,1.338229411764706,0
91.png,saturated fats,26,0,1382.0,363.0,0.8556,mahalanobis,1.338229411764706,0
91.png,saturated fats,8.0,0,957.0,412.5,1.2414,mahalanobis,1.338229411764706,0
91.png,saturated fats,0.33,0,1345.5,473.5,1.0256,mahalanobis,1.338229411764706,0
91.png,saturated fats,0.10,0,933.0,529.0,1.599,mahalanobis,1.338229411764706,1
91.png,carbohydrate,13,0,1503.0,-57.5,1.8649,mahalanobis,1.338229411764706,1
91.png,carbohydrate,4.1,0,1063.5,-18.0,1.3344,mahalanobis,1.338229411764706,0
91.png,carbohydrate,11,0,1496.5,136.0,1.3852,mahalanobis,1.338229411764706,1
91.png,carbohydrate,8.5,0,1065.5,182.0,0.7195,mahalanobis,1.338229411764706,0
91.png,carbohydrate,26,0,1496.5,252.0,1.2742,mahalanobis,1.338229411764706,0
91.png,carbohydrate,8.0,0,1071.5,301.5,0.6089,mahalanobis,1.338229411764706,0
91.png,carbohydrate,0.33,0,1460.0,362.5,1.1727,mahalanobis,1.338229411764706,0
91.png,carbohydrate,0.10,0,1047.5,418.0,0.9227,mahalanobis,1.338229411764706,0
91.png,carbohydrate,11,0,1485.0,36.5,1.5497,mahalanobis,1.338229411764706,1
91.png,carbohydrate,8.5,0,1054.0,82.5,1.0199,mahalanobis,1.338229411764706,0
91.png,carbohydrate,26,0,1485.0,152.5,1.3129,mahalanobis,1.338229411764706,0
91.png,carbohydrate,8.0,0,1060.0,202.0,0.7044,mahalanobis,1.338229411764706,0
91.png,carbohydrate,0.33,0,1448.5,263.0,1.0615,mahalanobis,1.338229411764706,0
91.png,carbohydrate,0.10,0,1036.0,318.5,0.7766,mahalanobis,1.338229411764706,0
91.png,sugars,8.5,0,875.5,-19.5,1.8762,mahalanobis,1.338229411764706,1
91.png,sugars,26,0,1306.5,50.5,0.9976,mahalanobis,1.338229411764706,0
91.png,sugars,8.0,0,881.5,100.0,1.5908,mahalanobis,1.338229411764706,1
91.png,sugars,0.33,0,1270.0,161.0,0.5255,mahalanobis,1.338229411764706,0
91.png,sugars,0.10,0,857.5,216.5,1.5521,mahalanobis,1.338229411764706,1
91.png,protein,8.0,0,1010.0,-18.5,1.462,mahalanobis,1.338229411764706,1
91.png,protein,0.33,0,1398.5,42.5,1.2536,mahalanobis,1.338229411764706,0
91.png,protein,0.10,0,986.0,98.0,1.1995,mahalanobis,1.338229411764706,0
91.png,salt,0.33,0,1517.0,-56.5,1.9055,mahalanobis,1.338229411764706,1
91.png,salt,0.10,0,1104.5,-1.0,1.1948,mahalanobis,1.338229411764706,0
101.png,energy,1625,0,733.7,-4.0,2.262,mahalanobis,1.229668085106383,1
101.png,energy,383,0,1007.8,-4.0,1.1947,mahalanobis,1.229668085106383,0
101.png,energy,0.8,0,1167.5,180.5,0.9395,mahalanobis,1.229668085106383,0
101.png,energy,<0.1,0,1090.0,310.5,0.4233,mahalanobis,1.229668085106383,0
101.png,energy,86.1,0,1150.5,489.0,0.5223,mahalanobis,1.229668085106383,0
101.png,energy,8.9,0,1168.5,628.0,0.7311,mahalanobis,1.229668085106383,0
101.png,energy,3.0,0,1173.5,806.0,1.039,mahalanobis,1.229668085106383,0
101.png,energy,6.3,0,1174.5,988.5,1.4109,mahalanobis,1.229668085106383,1
101.png,energy,0.09,0,1153.5,1171.5,1.7709,mahalanobis,1.229668085106383,1
101.png,energy,36,0,1113.5,1554.5,2.6288,mahalanobis,1.229668085106383,1
101.png,fat,0.8,0,1236.5,19.0,1.503,mahalanobis,1.229668085106383,1
101.png,fat,<0.1,0,1159.0,149.0,0.9673,mahalanobis,1.229668085106383,0
101.png,fat,86.1,0,1219.5,327.5,0.9931,mahalanobis,1.229668085106383,0
101.png,fat,8.9,0,1237.5,466.5,1.0362,mahalanobis,1.229668085106383,0
101.png,fat,3.0,0,1242.5,644.5,1.1437,mahalanobis,1.229668085106383,0
101.png,fat,6.3,0,1243.5,827.0,1.3713,mahalanobis,1.229668085106383,1
101.png,fat,0.09,0,1222.5,1010.0,1.6063,mahalanobis,1.229668085106383,1
101.png,fat,36,0,1182.5,1393.0,2.3324,mahalanobis,1.229668085106383,1
101.png,saturated fats,<0.1,0,674.0,2.5,2.5658,mahalanobis,1.229668085106383,1
101.png,saturated fats,86.1,0,734.5,181.0,2.0666,mahalanobis,1.229668085106383,1
101.png,saturated fats,8.9,0,752.5,320.0,1.8731,mahalanobis,1.229668085106383,1
101.png,saturated fats,3.0,0,757.5,498.0,1.808,mahalanobis,1.229668085106383,1
101.png,saturated fats,6.3,0,758.5,680.5,1.8697,mahalanobis,1.229668085106383,1
101.png,saturated fats,0.09,0,737.5,863.5,2.1442,mahalanobis,1.229668085106383,1
101.png,saturated fats,36,0,697.5,1246.5,2.8575,mahalanobis,1.229668085106383,1
101.png,carbohydrate,86.1,0,1029.5,6.5,1.1415,mahalanobis,1.229668085106383,0
101.png,carbohydrate,8.9,0,1047.5,145.5,0.7942,mahalanobis,1.229668085106383,0
101.png,carbohydrate,3.0,0,1052.5,323.5,0.3644,mahalanobis,1.229668085106383,0
101.png,carbohydrate,6.3,0,1053.5,506.0,0.0972,mahalanobis,1.229668085106383,0
101.png,carbohydrate,0.09,0,1032.5,689.0,0.5521,mahalanobis,1.229668085106383,0
101.png,carbohydrate,36,0,992.5,1072.0,1.5053,mahalanobis,1.229668085106383,1
101.png,sugars,8.9,0,1056.5,12.5,1.1107,mahalanobis,1.229668085106383,0
101.png,sugars,3.0,0,1061.5,190.5,0.6805,mahalanobis,1.229668085106383,0
101.png,sugars,6.3,0,1062.5,373.0,0.2401,mahalanobis,1.229668085106383,0
101.png,sugars,0.09,0,1041.5,556.0,0.2371,mahalanobis,1.229668085106383,0
101.png,sugars,36,0,1001.5,939.0,1.1826,mahalanobis,1.229668085106383,0
101.png,fibre,3.0,0,1105.0,6.5,1.1523,mahalanobis,1.229668085106383,0
101.png,fibre,6.3,0,1106.0,189.0,0.7309,mahalanobis,1.229668085106383,0
101.png,fibre,0.09,0,1085.0,372.0,0.2765,mahalanobis,1.229668085106383,0
101.png,fibre,36,0,1045.0,755.0,0.6898,mahalanobis,1.229668085106383,0
101.png,protein,6.3,0,1225.5,3.5,1.4874,mahalanobis,1.229668085106383,1
101.png,protein,0.09,0,1204.5,186.5,1.0876,mahalanobis,1.229668085106383,0
101.png,protein,36,0,1164.5,569.5,0.6475,mahalanobis,1.229668085106383,0
101.png,salt,0.09,0,1264.0,-1.5,1.6528,mahalanobis,1.229668085106383,1
101.png,salt,36,0,1224.0,381.5,0.981,mahalanobis,1.229668085106383,0
101.png,vitamin b1,36,0,1150.5,191.5,0.855,mahalanobis,1.229668085106383,0
101.png,sodium,36,0,1147.0,-10.0,1.2672,mahalanobis,1.229668085106383,1
102.png,energy,1.0,0,1720.0,38.0,1.4785,mahalanobis,1.2800285714285715,1
102.png,energy,0.1,0,1726.0,269.0,0.9726,mahalanobis,1.2800285714285715,0
102.png,energy,7.9,0,1731.0,410.5,1.0125,mahalanobis,1.2800285714285715,0
102.png,energy,3.9,0,1738.5,525.0,1.2679,mahalanobis,1.2800285714285715,0
102.png,energy,0.6,0,1742.5,664.5,1.6657,mahalanobis,1.2800285714285715,1
102.png,energy,0.7,0,1745.0,797.5,2.103,mahalanobis,1.2800285714285715,1
102.png,energy,0.02,0,1728.0,936.0,2.5213,mahalanobis,1.2800285714285715,1
102.png,fat,0.1,0,1774.5,118.0,1.6212,mahalanobis,1.2800285714285715,1
102.png,fat,7.9,0,1779.5,259.5,1.4447,mahalanobis,1.2800285714285715,1
102.png,fat,3.9,0,1787.0,374.0,1.4813,mahalanobis,1.2800285714285715,1
102.png,fat,0.6,0,1791.0,513.5,1.6561,mahalanobis,1.2800285714285715,1
102.png,fat,0.7,0,1793.5,646.5,1.947,mahalanobis,1.2800285714285715,1
102.png,fat,0.02,0,1776.5,785.0,2.2244,mahalanobis,1.2800285714285715,1
102.png,davon gesattigte,0.1,0,1495.0,15.5,1.7095,mahalanobis,1.2800285714285715,1
102.png,davon gesattigte,7.9,0,1500.0,157.0,1.3078,mahalanobis,1.2800285714285715,1
102.png,davon gesattigte,3.9,0,1507.5,271.5,1.0586,mahalanobis,1.2800285714285715,0
102.png,davon gesattigte,0.6,0,1511.5,411.0,1.0244,mahalanobis,1.2800285714285715,0
102.png,davon gesattigte,0.7,0,1514.0,544.0,1.2511,mahalanobis,1.2800285714285715,0
102.png,davon gesattigte,0.02,0,1497.0,682.5,1.7447,mahalanobis,1.2800285714285715,1
102.png,fettsauren,7.9,0,1574.5,40.0,1.2562,mahalanobis,1.2800285714285715,0
102.png,fettsauren,3.9,0,1582.0,154.5,0.8152,mahalanobis,1.2800285714285715,0
102.png,fettsauren,0.6,0,1586.0,294.0,0.3706,mahalanobis,1.2800285714285715,0
102.png,fettsauren,0.7,0,1588.5,427.0,0.4505,mahalanobis,1.2800285714285715,0
102.png,fettsauren,0.02,0,1571.5,565.5,0.9897,mahalanobis,1.2800285714285715,0
102.png,carbohydrate,3.9,0,1533.5,15.5,1.5033,mahalanobis,1.2800285714285715,1
102.png,carbohydrate,0.6,0,1537.5,155.0,1.0506,mahalanobis,1.2800285714285715,0
102.png,carbohydrate,0.7,0,1540.0,288.0,0.7614,mahalanobis,1.2800285714285715,0
102.png,carbohydrate,0.02,0,1523.0,426.5,0.9456,mahalanobis,1.2800285714285715,0
102.png,sugars,0.6,0,1525.5,47.5,1.4396,mahalanobis,1.2800285714285715,1
102.png,sugars,0.7,0,1528.0,180.5,1.0501,mahalanobis,1.2800285714285715,0
102.png,sugars,0.02,0,1511.0,319.0,0.9952,mahalanobis,1.2800285714285715,0
102.png,fibre,0.7,0,1545.5,43.5,1.3538,mahalanobis,1.2800285714285715,1
102.png,fibre,0.02,0,1528.5,182.0,1.043,mahalanobis,1.2800285714285715,0
102.png,protein,0.02,0,1612.0,41.5,1.18,mahalanobis,1.2800285714285715,0
102.png,energy,1502,1,451.5,-53.0,3.4058,mahalanobis,1.2800285714285715,1
102.png,energy,356,1,736.3,-53.0,1.4593,mahalanobis,1.2800285714285715,1
102.png,energy,7.7,1,909.5,90.0,0.9737,mahalanobis,1.2800285714285715,0
102.png,energy,1.1,1,934.0,321.0,0.856,mahalanobis,1.2800285714285715,0
102.png,energy,63,1,954.0,463.0,1.1648,mahalanobis,1.2800285714285715,0
102.png,energy,31,1,960.0,576.5,1.4341,mahalanobis,1.2800285714285715,1
102.png,energy,5.1,1,966.0,714.0,1.8164,mahalanobis,1.2800285714285715,1
102.png,energy,5.9,1,979.0,849.5,2.2611,mahalanobis,1.2800285714285715,1
102.png,energy,0.14,1,967.5,987.0,2.6296,mahalanobis,1.2800285714285715,1
102.png,fat,7.7,1,958.0,-61.0,1.6335,mahalanobis,1.2800285714285715,1
102.png,fat,1.1,1,982.5,170.0,1.3364,mahalanobis,1.2800285714285715,1
102.png,fat,63,1,1002.5,312.0,1.4261,mahalanobis,1.2800285714285715,1
102.png,fat,31,1,1008.5,425.5,1.5378,mahalanobis,1.2800285714285715,1
102.png,fat,5.1,1,1014.5,563.0,1.7755,mahalanobis,1.2800285714285715,1
102.png,fat,5.9,1,1027.5,698.5,2.1366,mahalanobis,1.2800285714285715,1
102.png,fat,0.14,1,1016.0,836.0,2.407,mahalanobis,1.2800285714285715,1
102.png,davon gesattigte,1.1,1,703.0,67.5,1.3448,mahalanobis,1.2800285714285715,1
102.png,davon gesattigte,63,1,723.0,209.5,0.9631,mahalanobis,1.2800285714285715,0
102.png,davon gesattigte,31,1,729.0,323.0,0.864,mahalanobis,1.2800285714285715,0
102.png,davon gesattigte,5.1,1,735.0,460.5,0.9814,mahalanobis,1.2800285714285715,0
102.png,davon gesattigte,5.9,1,748.0,596.0,1.2396,mahalanobis,1.2800285714285715,0
102.png,davon gesattigte,0.14,1,736.5,733.5,1.6963,mahalanobis,1.2800285714285715,1
102.png,fettsauren,1.1,1,777.5,-49.5,1.2915,mahalanobis,1.2800285714285715,1
102.png,fettsauren,63,1,797.5,92.5,0.7735,mahalanobis,1.2800285714285715,0
102.png,fettsauren,31,1,803.5,206.0,0.4033,mahalanobis,1.2800285714285715,0
102.png,fettsauren,5.1,1,809.5,343.5,0.2398,mahalanobis,1.2800285714285715,0
102.png,fettsauren,5.9,1,822.5,479.0,0.6226,mahalanobis,1.2800285714285715,0
102.png,fettsauren,0.14,1,811.0,616.5,1.1067,mahalanobis,1.2800285714285715,0
102.png,carbohydrate,63,1,749.0,-46.5,1.3844,mahalanobis,1.2800285714285715,1
102.png,carbohydrate,31,1,755.0,67.0,1.0312,mahalanobis,1.2800285714285715,0
102.png,carbohydrate,5.1,1,761.0,204.5,0.6791,mahalanobis,1.2800285714285715,0
102.png,carbohydrate,5.9,1,774.0,340.0,0.5034,mahalanobis,1.2800285714285715,0
102.png,carbohydrate,0.14,1,762.5,477.5,0.8438,mahalanobis,1.2800285714285715,0
102.png,sugars,31,1,743.0,-40.5,1.3926,mahalanobis,1.2800285714285715,1
102.png,sugars,5.1,1,749.0,97.0,0.9869,mahalanobis,1.2800285714285715,0
102.png,sugars,5.9,1,762.0,232.5,0.6298,mahalanobis,1.2800285714285715,0
102.png,sugars,0.14,1,750.5,370.0,0.7222,mahalanobis,1.2800285714285715,0
102.png,fibre,5.1,1,766.5,-40.0,1.2968,mahalanobis,1.2800285714285715,1
102.png,fibre,5.9,1,779.5,95.5,0.8324,mahalanobis,1.2800285714285715,0
102.png,fibre,0.14,1,768.0,233.0,0.5829,mahalanobis,1.2800285714285715,0
102.png,protein,5.9,1,863.0,-45.0,1.221,mahalanobis,1.2800285714285715,0
102.png,protein,0.14,1,851.5,92.5,0.7363,mahalanobis,1.2800285714285715,0
102.png,salt,0.14,1,876.0,-43.0,1.242,mahalanobis,1.2800285714285715,0
103.jpeg,energy,1383,0,101.0,-10.0,1.6977,mahalanobis,1.3107673076923076,1
103.jpeg,energy,328,0,97.8,3.0,1.4627,mahalanobis,1.3107673076923076,1
103.jpeg,energy,39,0,152.8,6.5,1.3505,mahalanobis,1.3107673076923076,1
103.jpeg,energy,3.7,0,110.5,18.5,0.8609,mahalanobis,1.3107673076923076,0
103.jpeg,energy,0.4,0,109.0,38.0,0.5912,mahalanobis,1.3107673076923076,0
103.jpeg,energy,51,0,111.5,63.5,0.7495,mahalanobis,1.3107673076923076,0
103.jpeg,energy,6.1,0,167.0,69.0,1.5405,mahalanobis,1.3107673076923076,1
103.jpeg,energy,51,0,111.0,78.5,1.1064,mahalanobis,1.3107673076923076,0
103.jpeg,energy,6.1,0,165.5,84.5,1.7447,mahalanobis,1.3107673076923076,1
103.jpeg,energy,16,0,111.0,100.0,1.6599,mahalanobis,1.3107673076923076,1
103.jpeg,energy,1.9,0,164.5,103.0,2.0984,mahalanobis,1.3107673076923076,1
103.jpeg,energy,7.7,0,110.5,118.5,2.1588,mahalanobis,1.3107673076923076,1
103.jpeg,energy,66.0,0,166.5,122.0,2.5715,mahalanobis,1.3107673076923076,1
103.jpeg,fat,3.7,0,118.0,-4.0,1.3364,mahalanobis,1.3107673076923076,1
103.jpeg,fat,0.4,0,116.5,15.5,0.832,mahalanobis,1.3107673076923076,0
103.jpeg,fat,51,0,119.0,41.0,0.2471,mahalanobis,1.3107673076923076,0
103.jpeg,fat,6.1,0,174.5,46.5,1.6153,mahalanobis,1.3107673076923076,1
103.jpeg,fat,51,0,118.5,56.0,0.4409,mahalanobis,1.3107673076923076,0
103.jpeg,fat,6.1,0,173.0,62.0,1.6483,mahalanobis,1.3107673076923076,1
103.jpeg,fat,16,0,118.5,77.5,0.9895,mahalanobis,1.3107673076923076,0
103.jpeg,fat,1.9,0,172.0,80.5,1.8486,mahalanobis,1.3107673076923076,1
103.jpeg,fat,7.7,0,118.0,96.0,1.4946,mahalanobis,1.3107673076923076,1
103.jpeg,fat,66.0,0,174.0,99.5,2.2362,mahalanobis,1.3107673076923076,1
103.jpeg,saturated fats,0.4,0,80.0,5.0,1.8702,mahalanobis,1.3107673076923076,1
103.jpeg,saturated fats,51,0,82.5,30.5,1.5,mahalanobis,1.3107673076923076,1
103.jpeg,saturated fats,6.1,0,138.0,36.0,0.4406,mahalanobis,1.3107673076923076,0
103.jpeg,saturated fats,51,0,82.0,45.5,1.4768,mahalanobis,1.3107673076923076,1
103.jpeg,saturated fats,6.1,0,136.5,51.5,0.4157,mahalanobis,1.3107673076923076,0
103.jpeg,saturated fats,16,0,82.0,67.0,1.6178,mahalanobis,1.3107673076923076,1
103.jpeg,saturated fats,1.9,0,135.5,70.0,0.8092,mahalanobis,1.3107673076923076,0
103.jpeg,saturated fats,7.7,0,81.5,85.5,1.9008,mahalanobis,1.3107673076923076,1
103.jpeg,saturated fats,66.0,0,137.5,89.0,1.3296,mahalanobis,1.3107673076923076,1
103.jpeg,carbohydrate,51,0,97.0,-0.5,1.5543,mahalanobis,1.3107673076923076,1
103.jpeg,carbohydrate,6.1,0,152.5,5.0,1.375,mahalanobis,1.3107673076923076,1
103.jpeg,carbohydrate,51,0,96.5,14.5,1.2702,mahalanobis,1.3107673076923076,0
103.jpeg,carbohydrate,6.1,0,151.0,20.5,1.039,mahalanobis,1.3107673076923076,0
103.jpeg,carbohydrate,16,0,96.5,36.0,1.0107,mahalanobis,1.3107673076923076,0
103.jpeg,carbohydrate,1.9,0,150.0,39.0,0.8028,mahalanobis,1.3107673076923076,0
103.jpeg,carbohydrate,7.7,0,96.0,54.5,1.0565,mahalanobis,1.3107673076923076,0
103.jpeg,carbohydrate,66.0,0,152.0,58.0,0.9557,mahalanobis,1.3107673076923076,0
103.jpeg,sugars,51,0,93.5,-1.5,1.6509,mahalanobis,1.3107673076923076,1
103.jpeg,sugars,6.1,0,148.0,4.5,1.2957,mahalanobis,1.3107673076923076,0
103.jpeg,sugars,16,0,93.5,20.0,1.266,mahalanobis,1.3107673076923076,0
103.jpeg,sugars,1.9,0,147.0,23.0,0.891,mahalanobis,1.3107673076923076,0
103.jpeg,sugars,7.7,0,93.0,38.5,1.1154,mahalanobis,1.3107673076923076,0
103.jpeg,sugars,66.0,0,149.0,42.0,0.7619,mahalanobis,1.3107673076923076,0
103.jpeg,fibre,16,0,102.5,0.0,1.4347,mahalanobis,1.3107673076923076,1
103.jpeg,fibre,1.9,0,156.0,3.0,1.4934,mahalanobis,1.3107673076923076,1
103.jpeg,fibre,7.7,0,102.0,18.5,1.0578,mahalanobis,1.3107673076923076,0
103.jpeg,fibre,66.0,0,158.0,22.0,1.2127,mahalanobis,1.3107673076923076,0
103.jpeg,protein,7.7,0,118.0,-2.5,1.2956,mahalanobis,1.3107673076923076,0
103.jpeg,protein,66.0,0,174.0,1.0,1.9783,mahalanobis,1.3107673076923076,1
104.jpeg,energy,1528,0,108.8,0.0,1.4527,mahalanobis,1.3110217391304346,1
104.jpeg,energy,361,0,104.1,13.5,1.329,mahalanobis,1.3110217391304346,1
104.jpeg,energy,51,0,163.8,16.0,1.0724,mahalanobis,1.3110217391304346,0
104.jpeg,energy,2.6,0,118.5,30.0,0.7717,mahalanobis,1.3110217391304346,0
104.jpeg,energy,60,0,187.0,34.5,1.4457,mahalanobis,1.3110217391304346,1
104.jpeg,energy,0.6,0,118.0,50.5,0.617,mahalanobis,1.3110217391304346,0
104.jpeg,energy,60,0,187.5,58.0,1.4161,mahalanobis,1.3110217391304346,1
104.jpeg,energy,72,0,122.5,77.5,0.7552,mahalanobis,1.3110217391304346,0
104.jpeg,energy,10,0,178.5,82.5,1.3383,mahalanobis,1.3110217391304346,1
104.jpeg,energy,72,0,121.5,92.5,1.0486,mahalanobis,1.3110217391304346,0
104.jpeg,energy,10,0,180.0,99.0,1.5931,mahalanobis,1.3110217391304346,1
104.jpeg,energy,10,0,120.5,114.0,1.4963,mahalanobis,1.3110217391304346,1
104.jpeg,energy,1.4,0,179.5,119.0,1.9103,mahalanobis,1.3110217391304346,1
104.jpeg,energy,3.2,0,120.5,134.0,1.9195,mahalanobis,1.3110217391304346,1
104.jpeg,energy,0.1,0,120.5,155.0,2.3732,mahalanobis,1.3110217391304346,1
104.jpeg,energy,0,0,182.5,161.5,2.7611,mahalanobis,1.3110217391304346,1
104.jpeg,fat,361,0,113.6,-9.5,1.5547,mahalanobis,1.3110217391304346,1
104.jpeg,fat,51,0,173.3,-7.0,1.6452,mahalanobis,1.3110217391304346,1
104.jpeg,fat,2.6,0,128.0,7.0,1.0484,mahalanobis,1.3110217391304346,0
104.jpeg,fat,60,0,196.5,11.5,1.8962,mahalanobis,1.3110217391304346,1
104.jpeg,fat,0.6,0,127.5,27.5,0.6368,mahalanobis,1.3110217391304346,0
104.jpeg,fat,60,0,197.0,35.0,1.7261,mahalanobis,1.3110217391304346,1
104.jpeg,fat,72,0,132.0,54.5,0.2183,mahalanobis,1.3110217391304346,0
104.jpeg,fat,10,0,188.0,59.5,1.4343,mahalanobis,1.3110217391304346,1
104.jpeg,fat,72,0,131.0,69.5,0.4651,mahalanobis,1.3110217391304346,0
104.jpeg,fat,10,0,189.5,76.0,1.5651,mahalanobis,1.3110217391304346,1
104.jpeg,fat,10,0,130.0,91.0,0.9197,mahalanobis,1.3110217391304346,0
104.jpeg,fat,1.4,0,189.0,96.0,1.7589,mahalanobis,1.3110217391304346,1
104.jpeg,fat,3.2,0,130.0,111.0,1.3535,mahalanobis,1.3110217391304346,1
104.jpeg,fat,0.1,0,130.0,132.0,1.8159,mahalanobis,1.3110217391304346,1
104.jpeg,fat,0,0,192.0,138.5,2.478,mahalanobis,1.3110217391304346,1
104.jpeg,saturated fats,2.6,0,86.5,-10.5,2.0689,mahalanobis,1.3110217391304346,1
104.jpeg,saturated fats,60,0,155.0,-6.0,1.3674,mahalanobis,1.3110217391304346,1
104.jpeg,saturated fats,0.6,0,86.0,10.0,1.8066,mahalanobis,1.3110217391304346,1
104.jpeg,saturated fats,60,0,155.5,17.5,0.8987,mahalanobis,1.3110217391304346,0
104.jpeg,saturated fats,72,0,90.5,37.0,1.455,mahalanobis,1.3110217391304346,1
104.jpeg,saturated fats,10,0,146.5,42.0,0.3031,mahalanobis,1.3110217391304346,0
104.jpeg,saturated fats,72,0,89.5,52.0,1.4471,mahalanobis,1.3110217391304346,1
104.jpeg,saturated fats,10,0,148.0,58.5,0.3002,mahalanobis,1.3110217391304346,0
104.jpeg,saturated fats,10,0,88.5,73.5,1.5552,mahalanobis,1.3110217391304346,1
104.jpeg,saturated fats,1.4,0,147.5,78.5,0.6482,mahalanobis,1.3110217391304346,0
104.jpeg,saturated fats,3.2,0,88.5,93.5,1.7479,mahalanobis,1.3110217391304346,1
104.jpeg,saturated fats,0.1,0,88.5,114.5,2.0381,mahalanobis,1.3110217391304346,1
104.jpeg,saturated fats,0,0,150.5,121.0,1.5852,mahalanobis,1.3110217391304346,1
104.jpeg,carbohydrate,72,0,107.0,4.5,1.4093,mahalanobis,1.3110217391304346,1
104.jpeg,carbohydrate,10,0,163.0,9.5,1.1696,mahalanobis,1.3110217391304346,0
104.jpeg,carbohydrate,72,0,106.0,19.5,1.2035,mahalanobis,1.3110217391304346,0
104.jpeg,carbohydrate,10,0,164.5,26.0,0.9343,mahalanobis,1.3110217391304346,0
104.jpeg,carbohydrate,10,0,105.0,41.0,1.0232,mahalanobis,1.3110217391304346,0
104.jpeg,carbohydrate,1.4,0,164.0,46.0,0.7348,mahalanobis,1.3110217391304346,0
104.jpeg,carbohydrate,3.2,0,105.0,61.0,1.0173,mahalanobis,1.3110217391304346,0
104.jpeg,carbohydrate,0.1,0,105.0,82.0,1.2049,mahalanobis,1.3110217391304346,0
104.jpeg,carbohydrate,0,0,167.0,88.5,1.1566,mahalanobis,1.3110217391304346,0
104.jpeg,sugars,10,0,158.5,-8.0,1.4462,mahalanobis,1.3110217391304346,1
104.jpeg,sugars,72,0,101.5,2.0,1.5597,mahalanobis,1.3110217391304346,1
104.jpeg,sugars,10,0,160.0,8.5,1.1387,mahalanobis,1.3110217391304346,0
104.jpeg,sugars,10,0,100.5,23.5,1.2898,mahalanobis,1.3110217391304346,0
104.jpeg,sugars,1.4,0,159.5,28.5,0.7862,mahalanobis,1.3110217391304346,0
104.jpeg,sugars,3.2,0,100.5,43.5,1.141,mahalanobis,1.3110217391304346,0
104.jpeg,sugars,0.1,0,100.5,64.5,1.1628,mahalanobis,1.3110217391304346,0
104.jpeg,sugars,0,0,162.5,71.0,0.8065,mahalanobis,1.3110217391304346,0
104.jpeg,fibre,10,0,171.0,-11.0,1.6787,mahalanobis,1.3110217391304346,1
104.jpeg,fibre,10,0,111.5,4.0,1.3346,mahalanobis,1.3110217391304346,1
104.jpeg,fibre,1.4,0,170.5,9.0,1.3193,mahalanobis,1.3110217391304346,1
104.jpeg,fibre,3.2,0,111.5,24.0,1.0149,mahalanobis,1.3110217391304346,0
104.jpeg,fibre,0.1,0,111.5,45.0,0.8194,mahalanobis,1.3110217391304346,0
104.jpeg,fibre,0,0,173.5,51.5,1.0009,mahalanobis,1.3110217391304346,0
104.jpeg,salt,0.1,0,139.0,4.5,1.0525,mahalanobis,1.3110217391304346,0
104.jpeg,salt,0,0,201.0,11.0,2.0178,mahalanobis,1.3110217391304346,1
105.png,energy,38,0,1271.7,52.0,1.2963,mahalanobis,1.2801324324324324,1
105.png,energy,0.3,0,1394.5,242.5,0.7049,mahalanobis,1.2801324324324324,0
105.png,energy,0.0,0,1411.0,499.5,0.6388,mahalanobis,1.2801324324324324,0
105.png,energy,6.3,0,1426.0,675.0,1.0181,mahalanobis,1.2801324324324324,0
105.png,energy,6.2,0,1442.0,825.0,1.4324,mahalanobis,1.2801324324324324,1
105.png,energy,1.9,0,1456.5,1003.5,1.923,mahalanobis,1.2801324324324324,1
105.png,energy,0.8,0,1468.5,1161.0,2.3641,mahalanobis,1.2801324324324324,1
105.png,energy,0.00,0,1449.0,1294.5,2.6255,mahalanobis,1.2801324324324324,1
105.png,fat,0.3,0,1452.5,-76.5,1.7592,mahalanobis,1.2801324324324324,1
105.png,fat,0.0,0,1469.0,180.5,1.3659,mahalanobis,1.2801324324324324,1
105.png,fat,6.3,0,1484.0,356.0,1.3248,mahalanobis,1.2801324324324324,1
105.png,fat,6.2,0,1500.0,506.0,1.4737,mahalanobis,1.2801324324324324,1
105.png,fat,1.9,0,1514.5,684.5,1.7488,mahalanobis,1.2801324324324324,1
105.png,fat,0.8,0,1526.5,842.0,2.0665,mahalanobis,1.2801324324324324,1
105.png,fat,0.00,0,1507.0,975.5,2.1647,mahalanobis,1.2801324324324324,1
105.png,davon gesattigte,0.0,0,1185.0,13.0,1.9496,mahalanobis,1.2801324324324324,1
105.png,davon gesattigte,6.3,0,1200.0,188.5,1.5634,mahalanobis,1.2801324324324324,1
105.png,davon gesattigte,6.2,0,1216.0,338.5,1.2775,mahalanobis,1.2801324324324324,0
105.png,davon gesattigte,1.9,0,1230.5,517.0,1.1358,mahalanobis,1.2801324324324324,0
105.png,davon gesattigte,0.8,0,1242.5,674.5,1.2081,mahalanobis,1.2801324324324324,0
105.png,davon gesattigte,0.00,0,1223.0,808.0,1.5887,mahalanobis,1.2801324324324324,1
105.png,fettsauren,6.3,0,1294.5,53.0,1.187,mahalanobis,1.2801324324324324,0
105.png,fettsauren,6.2,0,1310.5,203.0,0.7387,mahalanobis,1.2801324324324324,0
105.png,fettsauren,1.9,0,1325.0,381.5,0.2556,mahalanobis,1.2801324324324324,0
105.png,fettsauren,0.8,0,1337.0,539.0,0.3143,mahalanobis,1.2801324324324324,0
105.png,fettsauren,0.00,0,1317.5,672.5,0.7335,mahalanobis,1.2801324324324324,0
105.png,carbohydrate,6.2,0,1249.0,24.0,1.4883,mahalanobis,1.2801324324324324,1
105.png,carbohydrate,1.9,0,1263.5,202.5,1.0297,mahalanobis,1.2801324324324324,0
105.png,carbohydrate,0.8,0,1275.5,360.0,0.7124,mahalanobis,1.2801324324324324,0
105.png,carbohydrate,0.00,0,1256.0,493.5,0.8842,mahalanobis,1.2801324324324324,0
105.png,sugars,1.9,0,1264.5,67.5,1.3002,mahalanobis,1.2801324324324324,1
105.png,sugars,0.8,0,1276.5,225.0,0.8939,mahalanobis,1.2801324324324324,0
105.png,sugars,0.00,0,1257.0,358.5,0.8837,mahalanobis,1.2801324324324324,0
105.png,fibre,0.8,0,1312.0,52.0,1.1296,mahalanobis,1.2801324324324324,0
105.png,fibre,0.00,0,1292.5,185.5,0.8727,mahalanobis,1.2801324324324324,0
105.png,protein,0.00,0,1390.5,16.5,1.2506,mahalanobis,1.2801324324324324,0
105.png,energy,1320,1,517.3,7.0,1.2093,mahalanobis,1.2801324324324324,0
105.png,energy,313,1,462.4,154.0,1.193,mahalanobis,1.2801324324324324,0
105.png,energy,2.7,1,609.0,335.0,0.6105,mahalanobis,1.2801324324324324,0
105.png,energy,0.4,1,628.5,603.5,0.7975,mahalanobis,1.2801324324324324,0
105.png,energy,51.4,1,621.5,926.5,1.3454,mahalanobis,1.2801324324324324,1
105.png,energy,15.5,1,654.0,1097.0,1.8778,mahalanobis,1.2801324324324324,1
105.png,energy,7.0,1,689.5,1258.0,2.4069,mahalanobis,1.2801324324324324,1
105.png,energy,0.03,1,684.5,1410.5,2.7175,mahalanobis,1.2801324324324324,1
105.png,fat,2.7,1,667.0,16.0,1.5651,mahalanobis,1.2801324324324324,1
105.png,fat,0.4,1,686.5,284.5,1.3503,mahalanobis,1.2801324324324324,1
105.png,fat,51.4,1,679.5,607.5,1.2624,mahalanobis,1.2801324324324324,0
105.png,fat,15.5,1,712.0,778.0,1.7221,mahalanobis,1.2801324324324324,1
105.png,fat,7.0,1,747.5,939.0,2.2272,mahalanobis,1.2801324324324324,1
105.png,fat,0.03,1,742.5,1091.5,2.4229,mahalanobis,1.2801324324324324,1
105.png,davon gesattigte,0.4,1,402.5,117.0,1.7238,mahalanobis,1.2801324324324324,1
105.png,davon gesattigte,51.4,1,395.5,440.0,1.5559,mahalanobis,1.2801324324324324,1
105.png,davon gesattigte,15.5,1,428.0,610.5,1.2961,mahalanobis,1.2801324324324324,1
105.png,davon gesattigte,7.0,1,463.5,771.5,1.1922,mahalanobis,1.2801324324324324,0
105.png,davon gesattigte,0.03,1,458.5,924.0,1.507,mahalanobis,1.2801324324324324,1
105.png,fettsauren,0.4,1,497.0,-18.5,1.3421,mahalanobis,1.2801324324324324,1
105.png,fettsauren,51.4,1,490.0,304.5,0.7495,mahalanobis,1.2801324324324324,0
105.png,fettsauren,15.5,1,522.5,475.0,0.3223,mahalanobis,1.2801324324324324,0
105.png,fettsauren,7.0,1,558.0,636.0,0.4458,mahalanobis,1.2801324324324324,0
105.png,fettsauren,0.03,1,553.0,788.5,0.8324,mahalanobis,1.2801324324324324,0
105.png,carbohydrate,51.4,1,428.5,125.5,1.4988,mahalanobis,1.2801324324324324,1
105.png,carbohydrate,15.5,1,461.0,296.0,1.0087,mahalanobis,1.2801324324324324,0
105.png,carbohydrate,7.0,1,496.5,457.0,0.5731,mahalanobis,1.2801324324324324,0
105.png,carbohydrate,0.03,1,491.5,609.5,0.7275,mahalanobis,1.2801324324324324,0
105.png,sugars,51.4,1,429.5,-9.5,1.7095,mahalanobis,1.2801324324324324,1
105.png,sugars,15.5,1,462.0,161.0,1.1847,mahalanobis,1.2801324324324324,0
105.png,sugars,7.0,1,497.5,322.0,0.6641,mahalanobis,1.2801324324324324,0
105.png,sugars,0.03,1,492.5,474.5,0.6129,mahalanobis,1.2801324324324324,0
105.png,fibre,15.5,1,497.5,-12.0,1.3251,mahalanobis,1.2801324324324324,1
105.png,fibre,7.0,1,533.0,149.0,0.8203,mahalanobis,1.2801324324324324,0
105.png,fibre,0.03,1,528.0,301.5,0.484,mahalanobis,1.2801324324324324,0
105.png,protein,7.0,1,631.0,-20.0,1.4238,mahalanobis,1.2801324324324324,1
105.png,protein,0.03,1,626.0,132.5,1.0788,mahalanobis,1.2801324324324324,0
105.png,salt,0.03,1,662.0,-40.0,1.6393,mahalanobis,1.2801324324324324,1
106.png,vitamin e,12,0,60.5,1179.0,1.4714,mahalanobis,1.328935294117647,1
106.png,vitamin e,250,0,150.5,1540.5,1.8112,mahalanobis,1.328935294117647,1
106.png,vitamines et sels minéraux/vitamine,12,0,56.5,1053.0,1.3423,mahalanobis,1.328935294117647,1
106.png,vitamines et sels minéraux/vitamine,250,0,146.5,1414.5,1.6064,mahalanobis,1.328935294117647,1
106.png,e sali minerali/vitaminok es asvanyi,12,0,51.5,925.5,1.2485,mahalanobis,1.328935294117647,0
106.png,e sali minerali/vitaminok es asvanyi,250,0,141.5,1287.0,1.4123,mahalanobis,1.328935294117647,1
106.png,anyagok/vitamini in minerali,12,0,53.0,796.0,1.1717,mahalanobis,1.328935294117647,0
106.png,anyagok/vitamini in minerali,250,0,143.0,1157.5,1.2157,mahalanobis,1.328935294117647,0
106.png,vitamin e,12,0,462.5,235.5,0.9345,mahalanobis,1.328935294117647,0
106.png,vitamin e,250,0,552.5,597.0,0.7902,mahalanobis,1.328935294117647,0
106.png,vitaminae/e-vitamin,12,0,450.5,116.5,1.1225,mahalanobis,1.328935294117647,0
106.png,vitaminae/e-vitamin,250,0,540.5,478.0,0.8192,mahalanobis,1.328935294117647,0
106.png,vitamin e,12,0,663.5,2.5,1.7507,mahalanobis,1.328935294117647,1
106.png,vitamin e,250,0,753.5,364.0,1.6586,mahalanobis,1.328935294117647,1
106.png,magnesium,250,0,486.5,220.0,1.0054,mahalanobis,1.328935294117647,0
106.png,magnesium,250,0,509.5,107.5,1.2338,mahalanobis,1.328935294117647,0
106.png,magnesium,250,0,746.0,-9.5,1.9975,mahalanobis,1.328935294117647,1
107.png,vitamin b1,1.1,0,1154.0,-69.0,1.2698,mahalanobis,1.289984,0
107.png,vitamin b1,1.4,0,1157.5,100.5,0.8902,mahalanobis,1.289984,0
107.png,vitamin b1,1.4,0,1158.5,271.0,0.5347,mahalanobis,1.289984,0
107.png,vitamin b1,80,0,1158.0,600.5,0.4884,mahalanobis,1.289984,0
107.png,vitamin b1,12,0,959.5,795.5,1.9994,mahalanobis,1.289984,1
107.png,vitamin b1,16,0,1030.5,950.0,1.6003,mahalanobis,1.289984,1
107.png,vitamin b1,50,0,1198.0,1098.5,1.7342,mahalanobis,1.289984,1
107.png,vitamin b1,200,0,1186.5,1266.5,2.0636,mahalanobis,1.289984,1
107.png,vitamin b1,6,0,1181.5,1416.5,2.3954,mahalanobis,1.289984,1
107.png,vitamin b2,1.4,0,1145.5,-77.5,1.2731,mahalanobis,1.289984,0
107.png,vitamin b2,1.4,0,1146.5,93.0,0.8729,mahalanobis,1.289984,0
107.png,vitamin b2,80,0,1146.0,422.5,0.2014,mahalanobis,1.289984,0
107.png,vitamin b2,12,0,947.5,617.5,1.9882,mahalanobis,1.289984,1
107.png,vitamin b2,16,0,1018.5,772.0,1.4148,mahalanobis,1.289984,1
107.png,vitamin b2,50,0,1186.0,920.5,1.2951,mahalanobis,1.289984,1
107.png,vitamin b2,200,0,1174.5,1088.5,1.6174,mahalanobis,1.289984,1
107.png,vitamin b2,6,0,1169.5,1238.5,1.9499,mahalanobis,1.289984,1
107.png,vitamin b6,1.4,0,1140.5,-82.5,1.2782,mahalanobis,1.289984,0
107.png,vitamin b6,80,0,1140.0,247.0,0.4974,mahalanobis,1.289984,0
107.png,vitamin b6,12,0,941.5,442.0,2.0105,mahalanobis,1.289984,1
107.png,vitamin b6,16,0,1012.5,596.5,1.296,mahalanobis,1.289984,1
107.png,vitamin b6,50,0,1180.0,745.0,0.9067,mahalanobis,1.289984,0
107.png,vitamin b6,200,0,1168.5,913.0,1.1989,mahalanobis,1.289984,0
107.png,vitamin b6,6,0,1163.5,1063.0,1.5255,mahalanobis,1.289984,1
107.png,vitamin b12,80,0,1107.5,71.0,0.9299,mahalanobis,1.289984,0
107.png,vitamin b12,12,0,909.0,266.0,2.4003,mahalanobis,1.289984,1
107.png,vitamin b12,16,0,980.0,420.5,1.597,mahalanobis,1.289984,1
107.png,vitamin b12,50,0,1147.5,569.0,0.3588,mahalanobis,1.289984,0
107.png,vitamin b12,200,0,1136.0,737.0,0.7002,mahalanobis,1.289984,0
107.png,vitamin b12,6,0,1131.0,887.0,1.0554,mahalanobis,1.289984,0
107.png,vitamin c,80,0,1151.0,-94.5,1.3232,mahalanobis,1.289984,1
107.png,vitamin c,12,0,952.5,100.5,2.0669,mahalanobis,1.289984,1
107.png,vitamin c,16,0,1023.5,255.0,1.218,mahalanobis,1.289984,0
107.png,vitamin c,50,0,1191.0,403.5,0.6852,mahalanobis,1.289984,0
107.png,vitamin c,200,0,1179.5,571.5,0.6284,mahalanobis,1.289984,0
107.png,vitamin c,6,0,1174.5,721.5,0.8259,mahalanobis,1.289984,0
107.png,vitamin e,12,0,954.5,-69.5,2.2441,mahalanobis,1.289984,1
107.png,vitamin e,16,0,1025.5,85.0,1.4065,mahalanobis,1.289984,1
107.png,vitamin e,50,0,1193.0,233.5,0.8668,mahalanobis,1.289984,0
107.png,vitamin e,200,0,1181.5,401.5,0.5852,mahalanobis,1.289984,0
107.png,vitamin e,6,0,1176.5,551.5,0.5778,mahalanobis,1.289984,0
107.png,niacin,16,0,1085.5,-70.5,1.3246,mahalanobis,1.289984,1
107.png,niacin,50,0,1253.0,78.0,1.6106,mahalanobis,1.289984,1
107.png,niacin,200,0,1241.5,246.0,1.3132,mahalanobis,1.289984,1
107.png,niacin,6,0,1236.5,396.0,1.1737,mahalanobis,1.289984,0
107.png,biotin,50,0,1256.0,-86.0,1.88,mahalanobis,1.289984,1
107.png,biotin,200,0,1244.5,82.0,1.5295,mahalanobis,1.289984,1
107.png,biotin,6,0,1239.5,232.0,1.3061,mahalanobis,1.289984,1
107.png,folic acid,200,0,1188.5,-100.0,1.4654,mahalanobis,1.289984,1
107.png,folic acid,6,0,1183.5,50.0,1.1245,mahalanobis,1.289984,0
108.jpeg,magnesium,240,0,433.0,-17.0,1.2323,mahalanobis,1.2135596774193549,1
108.jpeg,magnesium,1.1,0,439.0,48.5,0.8554,mahalanobis,1.2135596774193549,0
108.jpeg,magnesium,1.4,0,437.0,113.0,0.4622,mahalanobis,1.2135596774193549,0
108.jpeg,magnesium,1.4,0,434.5,175.5,0.0968,mahalanobis,1.2135596774193549,0
108.jpeg,magnesium,2.519,0,455.5,237.0,0.9924,mahalanobis,1.2135596774193549,0
108.jpeg,magnesium,80,0,430.5,295.5,0.6681,mahalanobis,1.2135596774193549,0
108.jpeg,magnesium,12,0,430.5,357.5,1.0204,mahalanobis,1.2135596774193549,0
108.jpeg,magnesium,16,0,429.5,415.5,1.3663,mahalanobis,1.2135596774193549,1
108.jpeg,magnesium,509,0,452.5,473.5,1.8656,mahalanobis,1.2135596774193549,1
108.jpeg,magnesium,2009,0,444.5,534.5,2.087,mahalanobis,1.2135596774193549,1
108.jpeg,magnesium,6.0,0,417.0,593.5,2.5472,mahalanobis,1.2135596774193549,1
108.jpeg,vitamin b1,1.1,0,444.0,-13.5,1.2727,mahalanobis,1.2135596774193549,1
108.jpeg,vitamin b1,1.4,0,442.0,51.0,0.8807,mahalanobis,1.2135596774193549,0
108.jpeg,vitamin b1,1.4,0,439.5,113.5,0.4925,mahalanobis,1.2135596774193549,0
108.jpeg,vitamin b1,2.519,0,460.5,175.0,1.1932,mahalanobis,1.2135596774193549,0
108.jpeg,vitamin b1,80,0,435.5,233.5,0.258,mahalanobis,1.2135596774193549,0
108.jpeg,vitamin b1,12,0,435.5,295.5,0.6255,mahalanobis,1.2135596774193549,0
108.jpeg,vitamin b1,16,0,434.5,353.5,0.9703,mahalanobis,1.2135596774193549,0
108.jpeg,vitamin b1,509,0,457.5,411.5,1.6797,mahalanobis,1.2135596774193549,1
108.jpeg,vitamin b1,2009,0,449.5,472.5,1.8028,mahalanobis,1.2135596774193549,1
108.jpeg,vitamin b1,6.0,0,422.0,531.5,2.1227,mahalanobis,1.2135596774193549,1
108.jpeg,vitamin b2,1.4,0,440.5,-15.5,1.2414,mahalanobis,1.2135596774193549,1
108.jpeg,vitamin b2,1.4,0,438.0,47.0,0.8561,mahalanobis,1.2135596774193549,0
108.jpeg,vitamin b2,2.519,0,459.0,108.5,1.2185,mahalanobis,1.2135596774193549,1
108.jpeg,vitamin b2,80,0,434.0,167.0,0.1525,mahalanobis,1.2135596774193549,0
108.jpeg,vitamin b2,12,0,434.0,229.0,0.2413,mahalanobis,1.2135596774193549,0
108.jpeg,vitamin b2,16,0,433.0,287.0,0.5867,mahalanobis,1.2135596774193549,0
108.jpeg,vitamin b2,509,0,456.0,345.0,1.3407,mahalanobis,1.2135596774193549,1
108.jpeg,vitamin b2,2009,0,448.0,406.0,1.4125,mahalanobis,1.2135596774193549,1
108.jpeg,vitamin b2,6.0,0,420.5,465.0,1.778,mahalanobis,1.2135596774193549,1
108.jpeg,vitamin b6,1.4,0,436.5,-17.5,1.2308,mahalanobis,1.2135596774193549,1
108.jpeg,vitamin b6,2.519,0,457.5,44.0,1.3586,mahalanobis,1.2135596774193549,1
108.jpeg,vitamin b6,80,0,432.5,102.5,0.537,mahalanobis,1.2135596774193549,0
108.jpeg,vitamin b6,12,0,432.5,164.5,0.2058,mahalanobis,1.2135596774193549,0
108.jpeg,vitamin b6,16,0,431.5,222.5,0.2688,mahalanobis,1.2135596774193549,0
108.jpeg,vitamin b6,509,0,454.5,280.5,1.0521,mahalanobis,1.2135596774193549,0
108.jpeg,vitamin b6,2009,0,446.5,341.5,1.0404,mahalanobis,1.2135596774193549,0
108.jpeg,vitamin b6,6.0,0,419.0,400.5,1.4721,mahalanobis,1.2135596774193549,1
108.jpeg,vitamin b12,2.519,0,445.5,-23.0,1.3497,mahalanobis,1.2135596774193549,1
108.jpeg,vitamin b12,80,0,420.5,35.5,1.1585,mahalanobis,1.2135596774193549,0
108.jpeg,vitamin b12,12,0,420.5,97.5,0.8967,mahalanobis,1.2135596774193549,0
108.jpeg,vitamin b12,16,0,419.5,155.5,0.7842,mahalanobis,1.2135596774193549,0
108.jpeg,vitamin b12,509,0,442.5,213.5,0.363,mahalanobis,1.2135596774193549,0
108.jpeg,vitamin b12,2009,0,434.5,274.5,0.503,mahalanobis,1.2135596774193549,0
108.jpeg,vitamin b12,6.0,0,407.0,333.5,1.5964,mahalanobis,1.2135596774193549,1
108.jpeg,vitamin c,80,0,439.5,-22.5,1.2741,mahalanobis,1.2135596774193549,1
108.jpeg,vitamin c,12,0,439.5,39.5,0.9125,mahalanobis,1.2135596774193549,0
108.jpeg,vitamin c,16,0,438.5,97.5,0.567,mahalanobis,1.2135596774193549,0
108.jpeg,vitamin c,509,0,461.5,155.5,1.2542,mahalanobis,1.2135596774193549,1
108.jpeg,vitamin c,2009,0,453.5,216.5,0.8718,mahalanobis,1.2135596774193549,0
108.jpeg,vitamin c,6.0,0,426.0,275.5,0.6768,mahalanobis,1.2135596774193549,0
108.jpeg,vitamin e,12,0,389.0,-33.5,2.5728,mahalanobis,1.2135596774193549,1
108.jpeg,vitamin e,16,0,388.0,24.5,2.4573,mahalanobis,1.2135596774193549,1
108.jpeg,vitamin e,509,0,411.0,82.5,1.3241,mahalanobis,1.2135596774193549,1
108.jpeg,vitamin e,2009,0,403.0,143.5,1.5652,mahalanobis,1.2135596774193549,1
108.jpeg,vitamin e,6.0,0,375.5,202.5,2.8477,mahalanobis,1.2135596774193549,1
108.jpeg,biotin,509,0,486.5,-22.0,2.7309,mahalanobis,1.2135596774193549,1
108.jpeg,biotin,2009,0,478.5,39.0,2.232,mahalanobis,1.2135596774193549,1
108.jpeg,biotin,6.0,0,451.0,98.0,0.9182,mahalanobis,1.2135596774193549,0
108.jpeg,folic acid,2009,0,461.0,-26.0,1.7641,mahalanobis,1.2135596774193549,1
108.jpeg,folic acid,6.0,0,433.5,33.0,0.935,mahalanobis,1.2135596774193549,0
108.jpeg,pantothenic acid,6.0,0,374.5,-40.5,3.2004,mahalanobis,1.2135596774193549,1
109.jpeg,energy,420,0,190.5,-12.0,3.1563,mahalanobis,1.2658054054054055,1
109.jpeg,energy,99,0,286.7,-12.0,1.4126,mahalanobis,1.2658054054054055,1
109.jpeg,energy,0,0,350.5,45.5,0.9241,mahalanobis,1.2658054054054055,0
109.jpeg,energy,0.2,0,342.5,142.0,0.4439,mahalanobis,1.2658054054054055,0
109.jpeg,energy,12.0,0,335.5,196.5,0.6059,mahalanobis,1.2658054054054055,0
109.jpeg,energy,9.8,0,342.0,248.5,1.0507,mahalanobis,1.2658054054054055,0
109.jpeg,energy,1.5,0,343.5,302.5,1.4744,mahalanobis,1.2658054054054055,1
109.jpeg,energy,11.0,0,333.5,353.5,1.8329,mahalanobis,1.2658054054054055,1
109.jpeg,energy,0.05,0,332.5,407.5,2.268,mahalanobis,1.2658054054054055,1
109.jpeg,fat,0,0,401.5,-11.5,2.0915,mahalanobis,1.2658054054054055,1
109.jpeg,fat,0.2,0,393.5,85.0,1.6079,mahalanobis,1.2658054054054055,1
109.jpeg,fat,12.0,0,386.5,139.5,1.4113,mahalanobis,1.2658054054054055,1
109.jpeg,fat,9.8,0,393.0,191.5,1.6311,mahalanobis,1.2658054054054055,1
109.jpeg,fat,1.5,0,394.5,245.5,1.8429,mahalanobis,1.2658054054054055,1
109.jpeg,fat,11.0,0,384.5,296.5,1.9221,mahalanobis,1.2658054054054055,1
109.jpeg,fat,0.05,0,383.5,350.5,2.2404,mahalanobis,1.2658054054054055,1
109.jpeg,saturated fats,0.2,0,284.0,35.0,1.1623,mahalanobis,1.2658054054054055,0
109.jpeg,saturated fats,12.0,0,277.0,89.5,1.0716,mahalanobis,1.2658054054054055,0
109.jpeg,saturated fats,9.8,0,283.5,141.5,0.8786,mahalanobis,1.2658054054054055,0
109.jpeg,saturated fats,1.5,0,285.0,195.5,0.9937,mahalanobis,1.2658054054054055,0
109.jpeg,saturated fats,11.0,0,275.0,246.5,1.4223,mahalanobis,1.2658054054054055,1
109.jpeg,saturated fats,0.05,0,274.0,300.5,1.7597,mahalanobis,1.2658054054054055,1
109.jpeg,carbohydrate,12.0,0,298.0,-15.0,1.3086,mahalanobis,1.2658054054054055,1
109.jpeg,carbohydrate,9.8,0,304.5,37.0,0.8649,mahalanobis,1.2658054054054055,0
109.jpeg,carbohydrate,1.5,0,306.0,91.0,0.4945,mahalanobis,1.2658054054054055,0
109.jpeg,carbohydrate,11.0,0,296.0,142.0,0.6042,mahalanobis,1.2658054054054055,0
109.jpeg,carbohydrate,0.05,0,295.0,196.0,0.8175,mahalanobis,1.2658054054054055,0
109.jpeg,sugars,9.8,0,303.0,-11.0,1.2353,mahalanobis,1.2658054054054055,0
109.jpeg,sugars,1.5,0,304.5,43.0,0.8221,mahalanobis,1.2658054054054055,0
109.jpeg,sugars,11.0,0,294.5,94.0,0.6969,mahalanobis,1.2658054054054055,0
109.jpeg,sugars,0.05,0,293.5,148.0,0.6677,mahalanobis,1.2658054054054055,0
109.jpeg,fibre,1.5,0,317.0,-12.0,1.1692,mahalanobis,1.2658054054054055,0
109.jpeg,fibre,11.0,0,307.0,39.0,0.8253,mahalanobis,1.2658054054054055,0
109.jpeg,fibre,0.05,0,306.0,93.0,0.484,mahalanobis,1.2658054054054055,0
109.jpeg,protein,11.0,0,345.5,-15.5,1.2913,mahalanobis,1.2658054054054055,1
109.jpeg,protein,0.05,0,344.5,38.5,0.8896,mahalanobis,1.2658054054054055,0
109.jpeg,salt,0.05,0,360.5,-16.5,1.4595,mahalanobis,1.2658054054054055,1
110.jpeg,melissen extrakt,15,0,207.5,6.0,0.9052,mahalanobis,1.2348999999999999,0
110.jpeg,melissen extrakt,8.0,0,168.5,60.5,1.4803,mahalanobis,1.2348999999999999,1
110.jpeg,melissen extrakt,3.0,0,210.0,115.0,1.6283,mahalanobis,1.2348999999999999,1
110.jpeg,niacin,8.0,0,227.5,10.0,0.8655,mahalanobis,1.2348999999999999,0
110.jpeg,niacin,3.0,0,269.0,64.5,1.706,mahalanobis,1.2348999999999999,1
110.jpeg,pantothenic acid,3.0,0,209.5,9.0,0.8239,mahalanobis,1.2348999999999999,0
110.jpeg,melissen extrakt,30,1,597.5,14.0,0.9063,mahalanobis,1.2348999999999999,0
110.jpeg,melissen extrakt,16,1,557.5,69.0,1.4817,mahalanobis,1.2348999999999999,1
110.jpeg,melissen extrakt,6.0,1,598.0,124.0,1.6302,mahalanobis,1.2348999999999999,1
110.jpeg,niacin,16,1,616.5,18.5,0.8714,mahalanobis,1.2348999999999999,0
110.jpeg,niacin,6.0,1,657.0,73.5,1.7022,mahalanobis,1.2348999999999999,1
110.jpeg,pantothenic acid,6.0,1,597.5,18.0,0.8178,mahalanobis,1.2348999999999999,0
113.jpeg,energy,11,0,-29.0,44.0,0.0,euclidean,1.2781703448275863,0
113.jpeg,energy,464,1,847.5,55.0,0.7391,mahalanobis,1.2781703448275863,0
113.jpeg,energy,6,1,1036.5,94.5,1.5048,mahalanobis,1.2781703448275863,1
113.jpeg,energy,111,1,854.5,99.5,0.3594,mahalanobis,1.2781703448275863,0
113.jpeg,energy,2,1,1037.5,137.0,1.4673,mahalanobis,1.2781703448275863,1
113.jpeg,energy,1.3,1,836.0,146.0,0.3189,mahalanobis,1.2781703448275863,0
113.jpeg,energy,5,1,1034.0,176.0,1.4733,mahalanobis,1.2781703448275863,1
113.jpeg,energy,0.9,1,833.5,190.0,0.5577,mahalanobis,1.2781703448275863,0
113.jpeg,energy,<1,1,1029.5,220.5,1.5662,mahalanobis,1.2781703448275863,1
113.jpeg,energy,2.3,1,833.0,233.0,0.8826,mahalanobis,1.2781703448275863,0
113.jpeg,energy,1,1,1033.5,261.0,1.7789,mahalanobis,1.2781703448275863,1
113.jpeg,energy,1.2,1,833.0,276.0,1.231,mahalanobis,1.2781703448275863,0
113.jpeg,energy,0.6,1,830.0,318.5,1.59,mahalanobis,1.2781703448275863,1
113.jpeg,energy,44,1,1024.0,344.0,2.2219,mahalanobis,1.2781703448275863,1
113.jpeg,energy,21.8,1,825.5,361.5,1.9581,mahalanobis,1.2781703448275863,1
113.jpeg,energy,3,1,1029.0,384.5,2.5305,mahalanobis,1.2781703448275863,1
113.jpeg,energy,0.17,1,827.0,404.0,2.3131,mahalanobis,1.2781703448275863,1
113.jpeg,energy,80,1,808.0,480.0,2.9835,mahalanobis,1.2781703448275863,1
113.jpeg,fat,2,1,1050.5,6.5,1.9408,mahalanobis,1.2781703448275863,1
113.jpeg,fat,1.3,1,849.0,15.5,1.0653,mahalanobis,1.2781703448275863,0
113.jpeg,fat,5,1,1047.0,45.5,1.7408,mahalanobis,1.2781703448275863,1
113.jpeg,fat,0.9,1,846.5,59.5,0.7049,mahalanobis,1.2781703448275863,0
113.jpeg,fat,<1,1,1042.5,90.0,1.5658,mahalanobis,1.2781703448275863,1
113.jpeg,fat,2.3,1,846.0,102.5,0.3752,mahalanobis,1.2781703448275863,0
113.jpeg,fat,1,1,1046.5,130.5,1.548,mahalanobis,1.2781703448275863,1
113.jpeg,fat,1.2,1,846.0,145.5,0.2324,mahalanobis,1.2781703448275863,0
113.jpeg,fat,0.6,1,843.0,188.0,0.4972,mahalanobis,1.2781703448275863,0
113.jpeg,fat,44,1,1037.0,213.5,1.6002,mahalanobis,1.2781703448275863,1
113.jpeg,fat,21.8,1,838.5,231.0,0.8491,mahalanobis,1.2781703448275863,0
113.jpeg,fat,3,1,1042.0,254.0,1.8061,mahalanobis,1.2781703448275863,1
113.jpeg,fat,0.17,1,840.0,273.5,1.1946,mahalanobis,1.2781703448275863,0
113.jpeg,fat,80,1,821.0,349.5,1.8667,mahalanobis,1.2781703448275863,1
113.jpeg,davongesattigte fettsauren,5,1,893.5,-4.5,1.2341,mahalanobis,1.2781703448275863,0
113.jpeg,davongesattigte fettsauren,0.9,1,693.0,9.5,1.9185,mahalanobis,1.2781703448275863,1
113.jpeg,davongesattigte fettsauren,<1,1,889.0,40.0,0.8518,mahalanobis,1.2781703448275863,0
113.jpeg,davongesattigte fettsauren,2.3,1,692.5,52.5,1.7382,mahalanobis,1.2781703448275863,1
113.jpeg,davongesattigte fettsauren,1,1,893.0,80.5,0.5267,mahalanobis,1.2781703448275863,0
113.jpeg,davongesattigte fettsauren,1.2,1,692.5,95.5,1.6184,mahalanobis,1.2781703448275863,1
113.jpeg,davongesattigte fettsauren,0.6,1,689.5,138.0,1.6039,mahalanobis,1.2781703448275863,1
113.jpeg,davongesattigte fettsauren,44,1,883.5,163.5,0.2455,mahalanobis,1.2781703448275863,0
113.jpeg,davongesattigte fettsauren,21.8,1,685.0,181.0,1.6848,mahalanobis,1.2781703448275863,1
113.jpeg,davongesattigte fettsauren,3,1,888.5,204.0,0.5873,mahalanobis,1.2781703448275863,0
113.jpeg,davongesattigte fettsauren,0.17,1,686.5,223.5,1.788,mahalanobis,1.2781703448275863,1
113.jpeg,davongesattigte fettsauren,80,1,667.5,299.5,2.2696,mahalanobis,1.2781703448275863,1
113.jpeg,carbohydrate,<1,1,974.0,-0.5,1.4915,mahalanobis,1.2781703448275863,1
113.jpeg,carbohydrate,2.3,1,777.5,12.0,1.358,mahalanobis,1.2781703448275863,1
113.jpeg,carbohydrate,1,1,978.0,40.0,1.2604,mahalanobis,1.2781703448275863,0
113.jpeg,carbohydrate,1.2,1,777.5,55.0,1.0894,mahalanobis,1.2781703448275863,0
113.jpeg,carbohydrate,0.6,1,774.5,97.5,0.9207,mahalanobis,1.2781703448275863,0
113.jpeg,carbohydrate,44,1,968.5,123.0,0.8676,mahalanobis,1.2781703448275863,0
113.jpeg,carbohydrate,21.8,1,770.0,140.5,0.8937,mahalanobis,1.2781703448275863,0
113.jpeg,carbohydrate,3,1,973.5,163.5,0.929,mahalanobis,1.2781703448275863,0
113.jpeg,carbohydrate,0.17,1,771.5,183.0,0.9617,mahalanobis,1.2781703448275863,0
113.jpeg,carbohydrate,80,1,752.5,259.0,1.4751,mahalanobis,1.2781703448275863,1
113.jpeg,fibre,0.6,1,781.5,13.0,1.3299,mahalanobis,1.2781703448275863,1
113.jpeg,fibre,44,1,975.5,38.5,1.2527,mahalanobis,1.2781703448275863,0
113.jpeg,fibre,21.8,1,777.0,56.0,1.0872,mahalanobis,1.2781703448275863,0
113.jpeg,fibre,3,1,980.5,79.0,1.0877,mahalanobis,1.2781703448275863,0
113.jpeg,fibre,0.17,1,778.5,98.5,0.8848,mahalanobis,1.2781703448275863,0
113.jpeg,fibre,80,1,759.5,174.5,1.0351,mahalanobis,1.2781703448275863,0
113.jpeg,protein,0.6,1,825.5,-25.0,1.4511,mahalanobis,1.2781703448275863,1
113.jpeg,protein,44,1,1019.5,0.5,1.7589,mahalanobis,1.2781703448275863,1
113.jpeg,protein,21.8,1,821.0,18.0,1.1173,mahalanobis,1.2781703448275863,0
113.jpeg,protein,3,1,1024.5,41.0,1.5863,mahalanobis,1.2781703448275863,1
113.jpeg,protein,0.17,1,822.5,60.5,0.7892,mahalanobis,1.2781703448275863,0
113.jpeg,protein,80,1,803.5,136.5,0.5979,mahalanobis,1.2781703448275863,0
113.jpeg,salt,21.8,1,830.0,-23.0,1.424,mahalanobis,1.2781703448275863,1
113.jpeg,salt,3,1,1033.5,0.0,1.8554,mahalanobis,1.2781703448275863,1
113.jpeg,salt,0.17,1,831.5,19.5,1.0718,mahalanobis,1.2781703448275863,0
113.jpeg,salt,80,1,812.5,95.5,0.6322,mahalanobis,1.2781703448275863,0
113.jpeg,caffeine,80,1,791.0,18.5,1.2428,mahalanobis,1.2781703448275863,0
113.jpeg,energy,1546,2,446.0,56.0,0.7654,mahalanobis,1.2781703448275863,0
113.jpeg,energy,369,2,451.0,102.5,0.404,mahalanobis,1.2781703448275863,0
113.jpeg,energy,18,2,631.5,103.5,1.4219,mahalanobis,1.2781703448275863,1
113.jpeg,energy,6,2,636.0,148.0,1.4271,mahalanobis,1.2781703448275863,1
113.jpeg,energy,4.5,2,437.5,150.0,0.365,mahalanobis,1.2781703448275863,0
113.jpeg,energy,16,2,631.0,192.0,1.4419,mahalanobis,1.2781703448275863,1
113.jpeg,energy,3.1,2,440.5,196.0,0.5565,mahalanobis,1.2781703448275863,0
113.jpeg,energy,3,2,636.0,237.5,1.6304,mahalanobis,1.2781703448275863,1
113.jpeg,energy,17,2,438.0,240.5,0.8884,mahalanobis,1.2781703448275863,0
113.jpeg,energy,4,2,635.5,280.5,1.8258,mahalanobis,1.2781703448275863,1
113.jpeg,energy,3.9,2,439.0,284.0,1.2242,mahalanobis,1.2781703448275863,0
113.jpeg,energy,1.9,2,440.5,328.5,1.5778,mahalanobis,1.2781703448275863,1
113.jpeg,energy,145,2,623.0,368.5,2.2856,mahalanobis,1.2781703448275863,1
113.jpeg,energy,72.7,2,435.0,372.0,1.9402,mahalanobis,1.2781703448275863,1
113.jpeg,energy,6,2,636.0,410.5,2.6393,mahalanobis,1.2781703448275863,1
113.jpeg,energy,0.53,2,431.5,415.0,2.2954,mahalanobis,1.2781703448275863,1
113.jpeg,energy,267,2,416.5,492.0,2.9462,mahalanobis,1.2781703448275863,1
113.jpeg,fat,6,2,649.0,17.5,1.8552,mahalanobis,1.2781703448275863,1
113.jpeg,fat,4.5,2,450.5,19.5,1.0418,mahalanobis,1.2781703448275863,0
113.jpeg,fat,16,2,644.0,61.5,1.6395,mahalanobis,1.2781703448275863,1
113.jpeg,fat,3.1,2,453.5,65.5,0.6683,mahalanobis,1.2781703448275863,0
113.jpeg,fat,3,2,649.0,107.0,1.5701,mahalanobis,1.2781703448275863,1
113.jpeg,fat,17,2,451.0,110.0,0.3557,mahalanobis,1.2781703448275863,0
113.jpeg,fat,4,2,648.5,150.0,1.5401,mahalanobis,1.2781703448275863,1
113.jpeg,fat,3.9,2,452.0,153.5,0.2475,mahalanobis,1.2781703448275863,0
113.jpeg,fat,1.9,2,453.5,198.0,0.5106,mahalanobis,1.2781703448275863,0
113.jpeg,fat,145,2,636.0,238.0,1.6324,mahalanobis,1.2781703448275863,1
113.jpeg,fat,72.7,2,448.0,241.5,0.8644,mahalanobis,1.2781703448275863,0
113.jpeg,fat,6,2,649.0,280.0,1.9194,mahalanobis,1.2781703448275863,1
113.jpeg,fat,0.53,2,444.5,284.5,1.2152,mahalanobis,1.2781703448275863,0
113.jpeg,fat,267,2,429.5,361.5,1.8659,mahalanobis,1.2781703448275863,1
113.jpeg,davongesattigte fettsauren,16,2,490.5,11.5,1.0858,mahalanobis,1.2781703448275863,0
113.jpeg,davongesattigte fettsauren,3.1,2,300.0,15.5,1.9081,mahalanobis,1.2781703448275863,1
113.jpeg,davongesattigte fettsauren,3,2,495.5,57.0,0.7217,mahalanobis,1.2781703448275863,0
113.jpeg,davongesattigte fettsauren,17,2,297.5,60.0,1.7545,mahalanobis,1.2781703448275863,1
113.jpeg,davongesattigte fettsauren,4,2,495.0,100.0,0.3818,mahalanobis,1.2781703448275863,0
113.jpeg,davongesattigte fettsauren,3.9,2,298.5,103.5,1.6403,mahalanobis,1.2781703448275863,1
113.jpeg,davongesattigte fettsauren,1.9,2,300.0,148.0,1.5963,mahalanobis,1.2781703448275863,1
113.jpeg,davongesattigte fettsauren,145,2,482.5,188.0,0.3832,mahalanobis,1.2781703448275863,0
113.jpeg,davongesattigte fettsauren,72.7,2,294.5,191.5,1.6952,mahalanobis,1.2781703448275863,1
113.jpeg,davongesattigte fettsauren,6,2,495.5,230.0,0.7458,mahalanobis,1.2781703448275863,0
113.jpeg,davongesattigte fettsauren,0.53,2,291.0,234.5,1.8428,mahalanobis,1.2781703448275863,1
113.jpeg,davongesattigte fettsauren,267,2,276.0,311.5,2.2905,mahalanobis,1.2781703448275863,1
113.jpeg,carbohydrate,3.1,2,385.0,-25.0,1.6121,mahalanobis,1.2781703448275863,1
113.jpeg,carbohydrate,3,2,580.5,16.5,1.3918,mahalanobis,1.2781703448275863,1
113.jpeg,carbohydrate,17,2,382.5,19.5,1.3249,mahalanobis,1.2781703448275863,1
113.jpeg,carbohydrate,4,2,580.0,59.5,1.1476,mahalanobis,1.2781703448275863,0
113.jpeg,carbohydrate,3.9,2,383.5,63.0,1.0679,mahalanobis,1.2781703448275863,0
113.jpeg,carbohydrate,1.9,2,385.0,107.5,0.8788,mahalanobis,1.2781703448275863,0
113.jpeg,carbohydrate,145,2,567.5,147.5,0.8115,mahalanobis,1.2781703448275863,0
113.jpeg,carbohydrate,72.7,2,379.5,151.0,0.8837,mahalanobis,1.2781703448275863,0
113.jpeg,carbohydrate,6,2,580.5,189.5,1.0069,mahalanobis,1.2781703448275863,0
113.jpeg,carbohydrate,0.53,2,376.0,194.0,1.0084,mahalanobis,1.2781703448275863,0
113.jpeg,carbohydrate,267,2,361.0,271.0,1.4948,mahalanobis,1.2781703448275863,1
113.jpeg,fibre,4,2,587.0,-25.0,1.6969,mahalanobis,1.2781703448275863,1
113.jpeg,fibre,3.9,2,390.5,-21.5,1.562,mahalanobis,1.2781703448275863,1
113.jpeg,fibre,1.9,2,392.0,23.0,1.2486,mahalanobis,1.2781703448275863,0
113.jpeg,fibre,145,2,574.5,63.0,1.0906,mahalanobis,1.2781703448275863,0
113.jpeg,fibre,72.7,2,386.5,66.5,1.0289,mahalanobis,1.2781703448275863,0
113.jpeg,fibre,6,2,587.5,105.0,1.0363,mahalanobis,1.2781703448275863,0
113.jpeg,fibre,0.53,2,383.0,109.5,0.8907,mahalanobis,1.2781703448275863,0
113.jpeg,fibre,267,2,368.0,186.5,1.0506,mahalanobis,1.2781703448275863,0
113.jpeg,protein,1.9,2,436.0,-15.0,1.351,mahalanobis,1.2781703448275863,1
113.jpeg,protein,145,2,618.5,25.0,1.5958,mahalanobis,1.2781703448275863,1
113.jpeg,protein,72.7,2,430.5,28.5,1.0293,mahalanobis,1.2781703448275863,0
113.jpeg,protein,6,2,631.5,67.0,1.5183,mahalanobis,1.2781703448275863,1
113.jpeg,protein,0.53,2,427.0,71.5,0.7387,mahalanobis,1.2781703448275863,0
113.jpeg,protein,267,2,412.0,148.5,0.5907,mahalanobis,1.2781703448275863,0
113.jpeg,salt,145,2,627.5,-16.0,1.8788,mahalanobis,1.2781703448275863,1
113.jpeg,salt,72.7,2,439.5,-12.5,1.3226,mahalanobis,1.2781703448275863,1
113.jpeg,salt,6,2,640.5,26.0,1.7527,mahalanobis,1.2781703448275863,1
113.jpeg,salt,0.53,2,436.0,30.5,0.9946,mahalanobis,1.2781703448275863,0
113.jpeg,salt,267,2,421.0,107.5,0.5821,mahalanobis,1.2781703448275863,0
113.jpeg,caffeine,267,2,399.5,30.5,1.1583,mahalanobis,1.2781703448275863,0
114.jpeg,energy,462,0,919.0,43.5,0.7537,mahalanobis,1.2703274809160305,0
114.jpeg,energy,6,0,1090.5,89.0,1.5707,mahalanobis,1.2703274809160305,1
114.jpeg,energy,111,0,924.0,89.5,0.3805,mahalanobis,1.2703274809160305,0
114.jpeg,energy,2,0,1089.5,130.5,1.5145,mahalanobis,1.2703274809160305,1
114.jpeg,energy,148,0,915.0,140.0,0.0855,mahalanobis,1.2703274809160305,0
114.jpeg,energy,1.0,0,905.5,185.0,0.4259,mahalanobis,1.2703274809160305,0
114.jpeg,energy,1,0,1089.0,216.5,1.6417,mahalanobis,1.2703274809160305,1
114.jpeg,energy,2.6,0,904.5,230.5,0.7797,mahalanobis,1.2703274809160305,0
114.jpeg,energy,1,0,1089.5,258.5,1.8064,mahalanobis,1.2703274809160305,1
114.jpeg,energy,1.2,0,909.0,278.0,1.1514,mahalanobis,1.2703274809160305,0
114.jpeg,energy,0.9,0,905.0,321.0,1.5009,mahalanobis,1.2703274809160305,1
114.jpeg,energy,42,0,1083.5,348.0,2.2472,mahalanobis,1.2703274809160305,1
114.jpeg,energy,21.0,0,901.0,367.0,1.8745,mahalanobis,1.2703274809160305,1
114.jpeg,energy,3,0,1087.0,387.0,2.5143,mahalanobis,1.2703274809160305,1
114.jpeg,energy,0.17,0,902.5,411.5,2.2312,mahalanobis,1.2703274809160305,1
114.jpeg,energy,80,0,886.0,491.5,2.8901,mahalanobis,1.2703274809160305,1
114.jpeg,fat,2,0,1105.5,-15.5,2.0656,mahalanobis,1.2703274809160305,1
114.jpeg,fat,148,0,931.0,-6.0,1.1544,mahalanobis,1.2703274809160305,0
114.jpeg,fat,1.0,0,921.5,39.0,0.7891,mahalanobis,1.2703274809160305,0
114.jpeg,fat,1,0,1105.0,70.5,1.7394,mahalanobis,1.2703274809160305,1
114.jpeg,fat,2.6,0,920.5,84.5,0.4221,mahalanobis,1.2703274809160305,0
114.jpeg,fat,1,0,1105.5,112.5,1.6713,mahalanobis,1.2703274809160305,1
114.jpeg,fat,1.2,0,925.0,132.0,0.0384,mahalanobis,1.2703274809160305,0
114.jpeg,fat,0.9,0,921.0,175.0,0.3118,mahalanobis,1.2703274809160305,0
114.jpeg,fat,42,0,1099.5,202.0,1.69,mahalanobis,1.2703274809160305,1
114.jpeg,fat,21.0,0,917.0,221.0,0.6854,mahalanobis,1.2703274809160305,0
114.jpeg,fat,3,0,1103.0,241.0,1.842,mahalanobis,1.2703274809160305,1
114.jpeg,fat,0.17,0,918.5,265.5,1.0434,mahalanobis,1.2703274809160305,0
114.jpeg,fat,80,0,902.0,345.5,1.7008,mahalanobis,1.2703274809160305,1
114.jpeg,davongesattigtefettsauren,1.0,0,740.5,-8.5,2.0451,mahalanobis,1.2703274809160305,1
114.jpeg,davongesattigtefettsauren,1,0,924.0,23.0,0.9182,mahalanobis,1.2703274809160305,0
114.jpeg,davongesattigtefettsauren,2.6,0,739.5,37.0,1.867,mahalanobis,1.2703274809160305,1
114.jpeg,davongesattigtefettsauren,1,0,924.5,65.0,0.5786,mahalanobis,1.2703274809160305,0
114.jpeg,davongesattigtefettsauren,1.2,0,744.0,84.5,1.6965,mahalanobis,1.2703274809160305,1
114.jpeg,davongesattigtefettsauren,0.9,0,740.0,127.5,1.6816,mahalanobis,1.2703274809160305,1
114.jpeg,davongesattigtefettsauren,42,0,918.5,154.5,0.153,mahalanobis,1.2703274809160305,0
114.jpeg,davongesattigtefettsauren,21.0,0,736.0,173.5,1.7423,mahalanobis,1.2703274809160305,1
114.jpeg,davongesattigtefettsauren,3,0,922.0,193.5,0.4605,mahalanobis,1.2703274809160305,0
114.jpeg,davongesattigtefettsauren,0.17,0,737.5,218.0,1.8257,mahalanobis,1.2703274809160305,1
114.jpeg,davongesattigtefettsauren,80,0,721.0,298.0,2.267,mahalanobis,1.2703274809160305,1
114.jpeg,carbohydrate,1,0,1021.5,-24.5,1.5786,mahalanobis,1.2703274809160305,1
114.jpeg,carbohydrate,2.6,0,837.0,-10.5,1.4295,mahalanobis,1.2703274809160305,1
114.jpeg,carbohydrate,1,0,1022.0,17.5,1.3157,mahalanobis,1.2703274809160305,1
114.jpeg,carbohydrate,1.2,0,841.5,37.0,1.1019,mahalanobis,1.2703274809160305,0
114.jpeg,carbohydrate,0.9,0,837.5,80.0,0.912,mahalanobis,1.2703274809160305,0
114.jpeg,carbohydrate,42,0,1016.0,107.0,0.8754,mahalanobis,1.2703274809160305,0
114.jpeg,carbohydrate,21.0,0,833.5,126.0,0.83,mahalanobis,1.2703274809160305,0
114.jpeg,carbohydrate,3,0,1019.5,146.0,0.8774,mahalanobis,1.2703274809160305,0
114.jpeg,carbohydrate,0.17,0,835.0,170.5,0.857,mahalanobis,1.2703274809160305,0
114.jpeg,carbohydrate,80,0,818.5,250.5,1.3323,mahalanobis,1.2703274809160305,1
114.jpeg,fibre,0.9,0,843.5,-14.5,1.425,mahalanobis,1.2703274809160305,1
114.jpeg,fibre,42,0,1022.0,12.5,1.3456,mahalanobis,1.2703274809160305,1
114.jpeg,fibre,21.0,0,839.5,31.5,1.147,mahalanobis,1.2703274809160305,0
114.jpeg,fibre,3,0,1025.5,51.5,1.1558,mahalanobis,1.2703274809160305,0
114.jpeg,fibre,0.17,0,841.0,76.0,0.9016,mahalanobis,1.2703274809160305,0
114.jpeg,fibre,80,0,824.5,156.0,0.9213,mahalanobis,1.2703274809160305,0
114.jpeg,protein,21.0,0,893.0,-13.0,1.2416,mahalanobis,1.2703274809160305,0
114.jpeg,protein,3,0,1079.0,7.0,1.7628,mahalanobis,1.2703274809160305,1
114.jpeg,protein,0.17,0,894.5,31.5,0.8908,mahalanobis,1.2703274809160305,0
114.jpeg,protein,80,0,878.0,111.5,0.4654,mahalanobis,1.2703274809160305,0
114.jpeg,salt,0.17,0,905.5,-14.0,1.2288,mahalanobis,1.2703274809160305,0
114.jpeg,salt,80,0,889.0,66.0,0.6534,mahalanobis,1.2703274809160305,0
114.jpeg,caffeine,80,0,862.5,-17.5,1.3659,mahalanobis,1.2703274809160305,1
114.jpeg,energy,1541,1,513.5,48.0,0.8434,mahalanobis,1.2703274809160305,0
114.jpeg,energy,18,1,706.5,96.0,1.4162,mahalanobis,1.2703274809160305,1
114.jpeg,energy,368,1,517.5,96.5,0.4724,mahalanobis,1.2703274809160305,0
114.jpeg,energy,1,1,711.5,142.5,1.392,mahalanobis,1.2703274809160305,1
114.jpeg,energy,4.8,1,502.0,149.5,0.3324,mahalanobis,1.2703274809160305,0
114.jpeg,energy,17,1,709.0,191.0,1.4073,mahalanobis,1.2703274809160305,1
114.jpeg,energy,3.3,1,505.0,198.5,0.4896,mahalanobis,1.2703274809160305,0
114.jpeg,energy,3,1,714.0,238.5,1.574,mahalanobis,1.2703274809160305,1
114.jpeg,energy,8.8,1,503.5,246.5,0.8251,mahalanobis,1.2703274809160305,0
114.jpeg,energy,5,1,714.0,283.5,1.7607,mahalanobis,1.2703274809160305,1
114.jpeg,energy,4.1,1,509.0,293.0,1.1611,mahalanobis,1.2703274809160305,0
114.jpeg,energy,2.8,1,506.5,341.0,1.5364,mahalanobis,1.2703274809160305,1
114.jpeg,energy,140,1,700.5,378.5,2.2239,mahalanobis,1.2703274809160305,1
114.jpeg,energy,70.1,1,505.0,387.5,1.9005,mahalanobis,1.2703274809160305,1
114.jpeg,energy,6,1,714.5,424.0,2.5857,mahalanobis,1.2703274809160305,1
114.jpeg,energy,0.51,1,505.0,435.0,2.272,mahalanobis,1.2703274809160305,1
114.jpeg,energy,268,1,483.5,518.0,2.9475,mahalanobis,1.2703274809160305,1
114.jpeg,fat,1,1,727.5,-3.5,1.9485,mahalanobis,1.2703274809160305,1
114.jpeg,fat,4.8,1,518.0,3.5,1.1783,mahalanobis,1.2703274809160305,0
114.jpeg,fat,17,1,725.0,45.0,1.7171,mahalanobis,1.2703274809160305,1
114.jpeg,fat,3.3,1,521.0,52.5,0.7934,mahalanobis,1.2703274809160305,0
114.jpeg,fat,3,1,730.0,92.5,1.6091,mahalanobis,1.2703274809160305,1
114.jpeg,fat,8.8,1,519.5,100.5,0.4368,mahalanobis,1.2703274809160305,0
114.jpeg,fat,5,1,730.0,137.5,1.5461,mahalanobis,1.2703274809160305,1
114.jpeg,fat,4.1,1,525.0,147.0,0.1456,mahalanobis,1.2703274809160305,0
114.jpeg,fat,2.8,1,522.5,195.0,0.3893,mahalanobis,1.2703274809160305,0
114.jpeg,fat,140,1,716.5,232.5,1.5723,mahalanobis,1.2703274809160305,1
114.jpeg,fat,70.1,1,521.0,241.5,0.7421,mahalanobis,1.2703274809160305,0
114.jpeg,fat,6,1,730.5,278.0,1.8471,mahalanobis,1.2703274809160305,1
114.jpeg,fat,0.51,1,521.0,289.0,1.1106,mahalanobis,1.2703274809160305,0
114.jpeg,fat,268,1,499.5,372.0,1.788,mahalanobis,1.2703274809160305,1
114.jpeg,davongesattigtefettsauren,17,1,544.0,-2.5,1.2086,mahalanobis,1.2703274809160305,0
114.jpeg,davongesattigtefettsauren,3.3,1,340.0,5.0,2.0228,mahalanobis,1.2703274809160305,1
114.jpeg,davongesattigtefettsauren,3,1,549.0,45.0,0.8347,mahalanobis,1.2703274809160305,0
114.jpeg,davongesattigtefettsauren,8.8,1,338.5,53.0,1.8452,mahalanobis,1.2703274809160305,1
114.jpeg,davongesattigtefettsauren,5,1,549.0,90.0,0.4801,mahalanobis,1.2703274809160305,0
114.jpeg,davongesattigtefettsauren,4.1,1,344.0,99.5,1.6805,mahalanobis,1.2703274809160305,1
114.jpeg,davongesattigtefettsauren,2.8,1,341.5,147.5,1.6525,mahalanobis,1.2703274809160305,1
114.jpeg,davongesattigtefettsauren,140,1,535.5,185.0,0.28,mahalanobis,1.2703274809160305,0
114.jpeg,davongesattigtefettsauren,70.1,1,340.0,194.0,1.7001,mahalanobis,1.2703274809160305,1
114.jpeg,davongesattigtefettsauren,6,1,549.5,230.5,0.6366,mahalanobis,1.2703274809160305,0
114.jpeg,davongesattigtefettsauren,0.51,1,340.0,241.5,1.814,mahalanobis,1.2703274809160305,1
114.jpeg,davongesattigtefettsauren,268,1,318.5,324.5,2.2995,mahalanobis,1.2703274809160305,1
114.jpeg,carbohydrate,3,1,646.5,-2.5,1.481,mahalanobis,1.2703274809160305,1
114.jpeg,carbohydrate,8.8,1,436.0,5.5,1.4413,mahalanobis,1.2703274809160305,1
114.jpeg,carbohydrate,5,1,646.5,42.5,1.2082,mahalanobis,1.2703274809160305,0
114.jpeg,carbohydrate,4.1,1,441.5,52.0,1.1372,mahalanobis,1.2703274809160305,0
114.jpeg,carbohydrate,2.8,1,439.0,100.0,0.939,mahalanobis,1.2703274809160305,0
114.jpeg,carbohydrate,140,1,633.0,137.5,0.7519,mahalanobis,1.2703274809160305,0
114.jpeg,carbohydrate,70.1,1,437.5,146.5,0.8633,mahalanobis,1.2703274809160305,0
114.jpeg,carbohydrate,6,1,647.0,183.0,0.8981,mahalanobis,1.2703274809160305,0
114.jpeg,carbohydrate,0.51,1,437.5,194.0,0.9293,mahalanobis,1.2703274809160305,0
114.jpeg,carbohydrate,268,1,416.0,277.0,1.4436,mahalanobis,1.2703274809160305,1
114.jpeg,fibre,2.8,1,445.0,5.5,1.3976,mahalanobis,1.2703274809160305,1
114.jpeg,fibre,140,1,639.0,43.0,1.1625,mahalanobis,1.2703274809160305,0
114.jpeg,fibre,70.1,1,443.5,52.0,1.1253,mahalanobis,1.2703274809160305,0
114.jpeg,fibre,6,1,653.0,88.5,1.0326,mahalanobis,1.2703274809160305,0
114.jpeg,fibre,0.51,1,443.5,99.5,0.9073,mahalanobis,1.2703274809160305,0
114.jpeg,fibre,268,1,422.0,182.5,1.0224,mahalanobis,1.2703274809160305,0
114.jpeg,protein,140,1,692.5,-1.5,1.7219,mahalanobis,1.2703274809160305,1
114.jpeg,protein,70.1,1,497.0,7.5,1.1896,mahalanobis,1.2703274809160305,0
114.jpeg,protein,6,1,706.5,44.0,1.59,mahalanobis,1.2703274809160305,1
114.jpeg,protein,0.51,1,497.0,55.0,0.8413,mahalanobis,1.2703274809160305,0
114.jpeg,protein,268,1,475.5,138.0,0.5589,mahalanobis,1.2703274809160305,0
114.jpeg,salt,6,1,717.5,-1.5,1.8748,mahalanobis,1.2703274809160305,1
114.jpeg,salt,0.51,1,508.0,9.5,1.149,mahalanobis,1.2703274809160305,0
114.jpeg,salt,268,1,486.5,92.5,0.6485,mahalanobis,1.2703274809160305,0
114.jpeg,caffeine,268,1,460.0,9.0,1.307,mahalanobis,1.2703274809160305,1
115.png,energy,438,0,397.1,-76.0,3.5897,mahalanobis,1.2167444444444444,1
115.png,energy,103,0,640.9,-76.0,1.7828,mahalanobis,1.2167444444444444,1
115.png,energy,0,0,823.0,38.5,1.2288,mahalanobis,1.2167444444444444,1
115.png,energy,0.2,0,809.0,279.0,0.5543,mahalanobis,1.2167444444444444,0
115.png,energy,12.0,0,794.0,411.0,0.5626,mahalanobis,1.2167444444444444,0
115.png,energy,10.0,0,796.0,528.5,0.9399,mahalanobis,1.2167444444444444,0
115.png,energy,1.6,0,821.5,656.5,1.4821,mahalanobis,1.2167444444444444,1
115.png,energy,11.0,0,813.0,785.5,1.9096,mahalanobis,1.2167444444444444,1
115.png,energy,0.05,0,815.0,910.5,2.3726,mahalanobis,1.2167444444444444,1
115.png,fat,0.2,0,920.5,130.5,1.7166,mahalanobis,1.2167444444444444,1
115.png,fat,12.0,0,905.5,262.5,1.4486,mahalanobis,1.2167444444444444,1
115.png,fat,10.0,0,907.5,380.0,1.4821,mahalanobis,1.2167444444444444,1
115.png,fat,1.6,0,933.0,508.0,1.8565,mahalanobis,1.2167444444444444,1
115.png,fat,11.0,0,924.5,637.0,2.0437,mahalanobis,1.2167444444444444,1
115.png,fat,0.05,0,926.5,762.0,2.3787,mahalanobis,1.2167444444444444,1
115.png,davon gesattigte,0.2,0,662.0,30.5,1.3395,mahalanobis,1.2167444444444444,1
115.png,davon gesattigte,12.0,0,647.0,162.5,1.1088,mahalanobis,1.2167444444444444,0
115.png,davon gesattigte,10.0,0,649.0,280.0,0.9472,mahalanobis,1.2167444444444444,0
115.png,davon gesattigte,1.6,0,674.5,408.0,0.8006,mahalanobis,1.2167444444444444,0
115.png,davon gesattigte,11.0,0,666.0,537.0,1.1722,mahalanobis,1.2167444444444444,0
115.png,davon gesattigte,0.05,0,668.0,662.0,1.5504,mahalanobis,1.2167444444444444,1
115.png,fettsauren,12.0,0,720.0,33.0,1.0866,mahalanobis,1.2167444444444444,0
115.png,fettsauren,10.0,0,722.0,150.5,0.6567,mahalanobis,1.2167444444444444,0
115.png,fettsauren,1.6,0,747.5,278.5,0.1166,mahalanobis,1.2167444444444444,0
115.png,fettsauren,11.0,0,739.0,407.5,0.393,mahalanobis,1.2167444444444444,0
115.png,fettsauren,0.05,0,741.0,532.5,0.8594,mahalanobis,1.2167444444444444,0
115.png,carbohydrate,10.0,0,687.0,20.5,1.2448,mahalanobis,1.2167444444444444,1
115.png,carbohydrate,1.6,0,712.5,148.5,0.7034,mahalanobis,1.2167444444444444,0
115.png,carbohydrate,11.0,0,704.0,277.5,0.4466,mahalanobis,1.2167444444444444,0
115.png,carbohydrate,0.05,0,706.0,402.5,0.547,mahalanobis,1.2167444444444444,0
115.png,sugars,1.6,0,707.5,29.0,1.1366,mahalanobis,1.2167444444444444,0
115.png,sugars,11.0,0,699.0,158.0,0.7455,mahalanobis,1.2167444444444444,0
115.png,sugars,0.05,0,701.0,283.0,0.4687,mahalanobis,1.2167444444444444,0
115.png,fibre,11.0,0,716.0,18.0,1.1516,mahalanobis,1.2167444444444444,0
115.png,fibre,0.05,0,718.0,143.0,0.6981,mahalanobis,1.2167444444444444,0
115.png,protein,0.05,0,802.5,-3.0,1.2809,mahalanobis,1.2167444444444444,1
116.jpeg,energy,509,0,814.2,-19.0,1.2268,mahalanobis,1.3468984848484848,0
116.jpeg,energy,121,0,884.8,-19.0,1.6354,mahalanobis,1.3468984848484848,1
116.jpeg,energy,3.5,0,865.5,40.5,1.0721,mahalanobis,1.3468984848484848,0
116.jpeg,energy,0.4,0,864.5,96.5,0.8083,mahalanobis,1.3468984848484848,0
116.jpeg,energy,8.2,0,865.5,206.0,0.8971,mahalanobis,1.3468984848484848,0
116.jpeg,energy,1.4,0,867.5,259.5,1.1927,mahalanobis,1.3468984848484848,0
116.jpeg,energy,3.7,0,867.5,313.5,1.5248,mahalanobis,1.3468984848484848,1
116.jpeg,energy,12.0,0,859.0,364.5,1.8085,mahalanobis,1.3468984848484848,1
116.jpeg,energy,0.61,0,858.5,417.0,2.1833,mahalanobis,1.3468984848484848,1
116.jpeg,fat,3.5,0,885.5,-15.0,1.622,mahalanobis,1.3468984848484848,1
116.jpeg,fat,0.4,0,884.5,41.0,1.3284,mahalanobis,1.3468984848484848,0
116.jpeg,fat,8.2,0,885.5,150.5,1.1086,mahalanobis,1.3468984848484848,0
116.jpeg,fat,1.4,0,887.5,204.0,1.237,mahalanobis,1.3468984848484848,0
116.jpeg,fat,3.7,0,887.5,258.0,1.4448,mahalanobis,1.3468984848484848,1
116.jpeg,fat,12.0,0,879.0,309.0,1.6125,mahalanobis,1.3468984848484848,1
116.jpeg,fat,0.61,0,878.5,361.5,1.9377,mahalanobis,1.3468984848484848,1
116.jpeg,saturated fats,0.4,0,744.0,-9.5,1.8141,mahalanobis,1.3468984848484848,1
116.jpeg,saturated fats,8.2,0,745.0,100.0,1.4248,mahalanobis,1.3468984848484848,1
116.jpeg,saturated fats,1.4,0,747.0,153.5,1.3575,mahalanobis,1.3468984848484848,1
116.jpeg,saturated fats,3.7,0,747.0,207.5,1.4444,mahalanobis,1.3468984848484848,1
116.jpeg,saturated fats,12.0,0,738.5,258.5,1.7482,mahalanobis,1.3468984848484848,1
116.jpeg,saturated fats,0.61,0,738.0,311.0,1.9874,mahalanobis,1.3468984848484848,1
116.jpeg,carbohydrate,8.2,0,774.5,-9.0,1.4319,mahalanobis,1.3468984848484848,1
116.jpeg,carbohydrate,1.4,0,776.5,44.5,1.1086,mahalanobis,1.3468984848484848,0
116.jpeg,carbohydrate,3.7,0,776.5,98.5,0.8915,mahalanobis,1.3468984848484848,0
116.jpeg,carbohydrate,12.0,0,768.0,149.5,0.9832,mahalanobis,1.3468984848484848,0
116.jpeg,carbohydrate,0.61,0,767.5,202.0,1.0919,mahalanobis,1.3468984848484848,0
116.jpeg,fibre,3.7,0,787.0,-3.5,1.2735,mahalanobis,1.3468984848484848,0
116.jpeg,fibre,12.0,0,778.5,47.5,1.0669,mahalanobis,1.3468984848484848,0
116.jpeg,fibre,0.61,0,778.0,100.0,0.8626,mahalanobis,1.3468984848484848,0
116.jpeg,protein,12.0,0,852.0,-5.0,1.2223,mahalanobis,1.3468984848484848,0
116.jpeg,protein,0.61,0,851.5,47.5,0.8713,mahalanobis,1.3468984848484848,0
116.jpeg,salt,0.61,0,862.0,2.5,1.2586,mahalanobis,1.3468984848484848,0
116.jpeg,energy,1696,1,520.3,-9.5,1.2952,mahalanobis,1.3468984848484848,0
116.jpeg,energy,404,1,604.8,-9.5,1.5281,mahalanobis,1.3468984848484848,1
116.jpeg,energy,12.0,1,584.0,46.5,0.9641,mahalanobis,1.3468984848484848,0
116.jpeg,energy,1.4,1,595.5,100.5,0.8781,mahalanobis,1.3468984848484848,0
116.jpeg,energy,27.0,1,592.0,204.0,0.8651,mahalanobis,1.3468984848484848,0
116.jpeg,energy,4.6,1,595.0,261.0,1.1821,mahalanobis,1.3468984848484848,0
116.jpeg,energy,12.0,1,592.0,316.0,1.4879,mahalanobis,1.3468984848484848,1
116.jpeg,energy,41.0,1,590.5,370.5,1.8461,mahalanobis,1.3468984848484848,1
116.jpeg,energy,2.02,1,589.0,426.0,2.2308,mahalanobis,1.3468984848484848,1
116.jpeg,fat,12.0,1,604.0,-9.0,1.5163,mahalanobis,1.3468984848484848,1
116.jpeg,fat,1.4,1,615.5,45.0,1.3944,mahalanobis,1.3468984848484848,1
116.jpeg,fat,27.0,1,612.0,148.5,1.1036,mahalanobis,1.3468984848484848,0
116.jpeg,fat,4.6,1,615.0,205.5,1.2419,mahalanobis,1.3468984848484848,0
116.jpeg,fat,12.0,1,612.0,260.5,1.4036,mahalanobis,1.3468984848484848,1
116.jpeg,fat,41.0,1,610.5,315.0,1.6727,mahalanobis,1.3468984848484848,1
116.jpeg,fat,2.02,1,609.0,370.5,1.9985,mahalanobis,1.3468984848484848,1
116.jpeg,saturated fats,1.4,1,475.0,-5.5,1.7723,mahalanobis,1.3468984848484848,1
116.jpeg,saturated fats,27.0,1,471.5,98.0,1.4596,mahalanobis,1.3468984848484848,1
116.jpeg,saturated fats,4.6,1,474.5,155.0,1.3617,mahalanobis,1.3468984848484848,1
116.jpeg,saturated fats,12.0,1,471.5,210.0,1.4946,mahalanobis,1.3468984848484848,1
116.jpeg,saturated fats,41.0,1,470.0,264.5,1.6975,mahalanobis,1.3468984848484848,1
116.jpeg,saturated fats,2.02,1,468.5,320.0,1.9726,mahalanobis,1.3468984848484848,1
116.jpeg,carbohydrate,27.0,1,501.0,-11.0,1.4821,mahalanobis,1.3468984848484848,1
116.jpeg,carbohydrate,4.6,1,504.0,46.0,1.1245,mahalanobis,1.3468984848484848,0
116.jpeg,carbohydrate,12.0,1,501.0,101.0,0.9484,mahalanobis,1.3468984848484848,0
116.jpeg,carbohydrate,41.0,1,499.5,155.5,0.915,mahalanobis,1.3468984848484848,0
116.jpeg,carbohydrate,2.02,1,498.0,211.0,1.0604,mahalanobis,1.3468984848484848,0
116.jpeg,fibre,12.0,1,511.5,-1.0,1.3133,mahalanobis,1.3468984848484848,0
116.jpeg,fibre,41.0,1,510.0,53.5,1.0072,mahalanobis,1.3468984848484848,0
116.jpeg,fibre,2.02,1,508.5,109.0,0.8013,mahalanobis,1.3468984848484848,0
116.jpeg,protein,41.0,1,583.5,1.0,1.2477,mahalanobis,1.3468984848484848,0
116.jpeg,protein,2.02,1,582.0,56.5,0.8828,mahalanobis,1.3468984848484848,0
116.jpeg,salt,2.02,1,592.5,11.5,1.2671,mahalanobis,1.3468984848484848,0
117.jpeg,energy,728,0,640.8,-19.0,1.2959,mahalanobis,1.27535,1
117.jpeg,energy,173,0,701.2,-19.0,1.118,mahalanobis,1.27535,0
117.jpeg,energy,6.1,0,692.5,36.0,0.6261,mahalanobis,1.27535,0
117.jpeg,energy,0.04,0,667.5,311.0,1.8146,mahalanobis,1.27535,1
117.jpeg,fat,6.1,0,720.0,-3.5,1.4135,mahalanobis,1.27535,1
117.jpeg,fat,0.04,0,695.0,271.5,1.5675,mahalanobis,1.27535,1
117.jpeg,carbohydrate,0.04,0,611.5,183.0,1.8994,mahalanobis,1.27535,1
117.jpeg,fibre,0.04,0,628.5,91.0,1.2809,mahalanobis,1.27535,1
117.jpeg,protein,0.04,0,692.5,45.5,0.5751,mahalanobis,1.27535,0
117.jpeg,salt,0.04,0,709.0,-1.5,1.1625,mahalanobis,1.27535,0
118.jpeg,energy,10,0,790.0,-9.5,1.4723,mahalanobis,1.289657627118644,1
118.jpeg,energy,2.6,0,790.0,28.0,1.0586,mahalanobis,1.289657627118644,0
118.jpeg,energy,48,0,789.5,63.5,0.7649,mahalanobis,1.289657627118644,0
118.jpeg,energy,4.0,0,789.5,100.5,0.7199,mahalanobis,1.289657627118644,0
118.jpeg,energy,21,0,796.5,136.5,1.0323,mahalanobis,1.289657627118644,0
118.jpeg,energy,3.0,0,792.5,172.0,1.3563,mahalanobis,1.289657627118644,1
118.jpeg,energy,24,0,795.5,206.0,1.7735,mahalanobis,1.289657627118644,1
118.jpeg,energy,0.70,0,787.5,241.0,2.1687,mahalanobis,1.289657627118644,1
118.jpeg,fat,2.6,0,799.0,-12.5,1.5682,mahalanobis,1.289657627118644,1
118.jpeg,fat,48,0,798.5,23.0,1.1857,mahalanobis,1.289657627118644,0
118.jpeg,fat,4.0,0,798.5,60.0,0.8951,mahalanobis,1.289657627118644,0
118.jpeg,fat,21,0,805.5,96.0,0.921,mahalanobis,1.289657627118644,0
118.jpeg,fat,3.0,0,801.5,131.5,1.0454,mahalanobis,1.289657627118644,0
118.jpeg,fat,24,0,804.5,165.5,1.3836,mahalanobis,1.289657627118644,1
118.jpeg,fat,0.70,0,796.5,200.5,1.7138,mahalanobis,1.289657627118644,1
118.jpeg,davon gesattigtefettsauren,48,0,606.5,7.5,2.0713,mahalanobis,1.289657627118644,1
118.jpeg,davon gesattigtefettsauren,4.0,0,606.5,44.5,1.8654,mahalanobis,1.289657627118644,1
118.jpeg,davon gesattigtefettsauren,21,0,613.5,80.5,1.6839,mahalanobis,1.289657627118644,1
118.jpeg,davon gesattigtefettsauren,3.0,0,609.5,116.0,1.7785,mahalanobis,1.289657627118644,1
118.jpeg,davon gesattigtefettsauren,24,0,612.5,150.0,1.8934,mahalanobis,1.289657627118644,1
118.jpeg,davon gesattigtefettsauren,0.70,0,604.5,185.0,2.2303,mahalanobis,1.289657627118644,1
118.jpeg,carbohydrate,4.0,0,718.5,-5.0,1.2606,mahalanobis,1.289657627118644,0
118.jpeg,carbohydrate,21,0,725.5,31.0,0.7692,mahalanobis,1.289657627118644,0
118.jpeg,carbohydrate,3.0,0,721.5,66.5,0.3535,mahalanobis,1.289657627118644,0
118.jpeg,carbohydrate,24,0,724.5,100.5,0.2559,mahalanobis,1.289657627118644,0
118.jpeg,carbohydrate,0.70,0,716.5,135.5,0.7109,mahalanobis,1.289657627118644,0
118.jpeg,fibre,24,0,724.5,-6.5,1.2661,mahalanobis,1.289657627118644,0
118.jpeg,fibre,0.70,0,716.5,28.5,0.8359,mahalanobis,1.289657627118644,0
118.jpeg,protein,0.70,0,764.5,-12.0,1.3745,mahalanobis,1.289657627118644,1
118.jpeg,energy,8.0,1,629.5,-8.0,1.3746,mahalanobis,1.289657627118644,1
118.jpeg,energy,2.1,1,636.0,30.0,1.021,mahalanobis,1.289657627118644,0
118.jpeg,energy,38,1,634.5,66.0,0.753,mahalanobis,1.289657627118644,0
118.jpeg,energy,3.2,1,637.0,101.5,0.7872,mahalanobis,1.289657627118644,0
118.jpeg,energy,17,1,641.5,136.5,1.0718,mahalanobis,1.289657627118644,0
118.jpeg,energy,2.4,1,638.5,171.5,1.3979,mahalanobis,1.289657627118644,1
118.jpeg,energy,19,1,643.5,205.5,1.8202,mahalanobis,1.289657627118644,1
118.jpeg,energy,0.56,1,634.0,239.5,2.1865,mahalanobis,1.289657627118644,1
118.jpeg,fat,2.1,1,645.0,-10.5,1.5088,mahalanobis,1.289657627118644,1
118.jpeg,fat,38,1,643.5,25.5,1.1335,mahalanobis,1.289657627118644,0
118.jpeg,fat,3.2,1,646.0,61.0,0.9168,mahalanobis,1.289657627118644,0
118.jpeg,fat,17,1,650.5,96.0,0.9414,mahalanobis,1.289657627118644,0
118.jpeg,fat,2.4,1,647.5,131.0,1.0885,mahalanobis,1.289657627118644,0
118.jpeg,fat,19,1,652.5,165.0,1.4409,mahalanobis,1.289657627118644,1
118.jpeg,fat,0.56,1,643.0,199.0,1.741,mahalanobis,1.289657627118644,1
118.jpeg,davon gesattigtefettsauren,2.1,1,453.0,-26.0,2.2032,mahalanobis,1.289657627118644,1
118.jpeg,davon gesattigtefettsauren,38,1,451.5,10.0,1.9404,mahalanobis,1.289657627118644,1
118.jpeg,davon gesattigtefettsauren,3.2,1,454.0,45.5,1.7215,mahalanobis,1.289657627118644,1
118.jpeg,davon gesattigtefettsauren,17,1,458.5,80.5,1.5882,mahalanobis,1.289657627118644,1
118.jpeg,davon gesattigtefettsauren,2.4,1,455.5,115.5,1.6817,mahalanobis,1.289657627118644,1
118.jpeg,davon gesattigtefettsauren,19,1,460.5,149.5,1.7904,mahalanobis,1.289657627118644,1
118.jpeg,davon gesattigtefettsauren,0.56,1,451.0,183.5,2.145,mahalanobis,1.289657627118644,1
118.jpeg,carbohydrate,3.2,1,566.0,-4.0,1.1714,mahalanobis,1.289657627118644,0
118.jpeg,carbohydrate,17,1,570.5,31.0,0.7043,mahalanobis,1.289657627118644,0
118.jpeg,carbohydrate,2.4,1,567.5,66.0,0.2806,mahalanobis,1.289657627118644,0
118.jpeg,carbohydrate,19,1,572.5,100.0,0.2397,mahalanobis,1.289657627118644,0
118.jpeg,carbohydrate,0.56,1,563.0,134.0,0.7054,mahalanobis,1.289657627118644,0
118.jpeg,fibre,19,1,572.5,-7.0,1.2009,mahalanobis,1.289657627118644,0
118.jpeg,fibre,0.56,1,563.0,27.0,0.7784,mahalanobis,1.289657627118644,0
118.jpeg,protein,0.56,1,611.0,-13.5,1.3469,mahalanobis,1.289657627118644,1
119.jpeg,fat,3.0,0,900.0,-8.0,1.6169,mahalanobis,1.2788767441860465,1
119.jpeg,fat,47,0,903.0,32.5,1.2961,mahalanobis,1.2788767441860465,1
119.jpeg,fat,4.0,0,899.5,74.5,1.0654,mahalanobis,1.2788767441860465,0
119.jpeg,fat,21,0,905.0,115.0,1.1865,mahalanobis,1.2788767441860465,0
119.jpeg,fat,4.5,0,901.0,155.0,1.4088,mahalanobis,1.2788767441860465,1
119.jpeg,fat,24,0,902.0,193.0,1.7785,mahalanobis,1.2788767441860465,1
119.jpeg,fat,0.70,0,892.0,231.5,2.1431,mahalanobis,1.2788767441860465,1
119.jpeg,davongesattigtefettsauren,47,0,691.0,6.0,1.7416,mahalanobis,1.2788767441860465,1
119.jpeg,davongesattigtefettsauren,4.0,0,687.5,48.0,1.5212,mahalanobis,1.2788767441860465,1
119.jpeg,davongesattigtefettsauren,21,0,693.0,88.5,1.377,mahalanobis,1.2788767441860465,1
119.jpeg,davongesattigtefettsauren,4.5,0,689.0,128.5,1.5316,mahalanobis,1.2788767441860465,1
119.jpeg,davongesattigtefettsauren,24,0,690.0,166.5,1.7667,mahalanobis,1.2788767441860465,1
119.jpeg,davongesattigtefettsauren,0.70,0,680.0,205.0,2.1887,mahalanobis,1.2788767441860465,1
119.jpeg,carbohydrate,4.0,0,809.5,2.0,1.0885,mahalanobis,1.2788767441860465,0
119.jpeg,carbohydrate,21,0,815.0,42.5,0.5622,mahalanobis,1.2788767441860465,0
119.jpeg,carbohydrate,4.5,0,811.0,82.5,0.0385,mahalanobis,1.2788767441860465,0
119.jpeg,carbohydrate,24,0,812.0,120.5,0.4616,mahalanobis,1.2788767441860465,0
119.jpeg,carbohydrate,0.70,0,802.0,159.0,0.9687,mahalanobis,1.2788767441860465,0
119.jpeg,fibre,24,0,811.5,8.0,1.0102,mahalanobis,1.2788767441860465,0
119.jpeg,fibre,0.70,0,801.5,46.5,0.5161,mahalanobis,1.2788767441860465,0
119.jpeg,protein,0.70,0,856.5,7.5,1.1556,mahalanobis,1.2788767441860465,0
119.jpeg,salt,0.70,0,864.5,-29.0,1.6266,mahalanobis,1.2788767441860465,1
119.jpeg,fat,24,1,724.0,-7.0,1.6274,mahalanobis,1.2788767441860465,1
119.jpeg,fat,38,1,727.5,31.0,1.2952,mahalanobis,1.2788767441860465,1
119.jpeg,fat,3.2,1,728.5,70.5,1.0932,mahalanobis,1.2788767441860465,0
119.jpeg,fat,17,1,733.0,108.5,1.1792,mahalanobis,1.2788767441860465,0
119.jpeg,fat,3.6,1,729.0,147.0,1.3916,mahalanobis,1.2788767441860465,1
119.jpeg,fat,19,1,733.5,185.0,1.8039,mahalanobis,1.2788767441860465,1
119.jpeg,fat,0.56,1,722.0,221.5,2.1555,mahalanobis,1.2788767441860465,1
119.jpeg,davongesattigtefettsauren,38,1,515.5,4.5,1.7856,mahalanobis,1.2788767441860465,1
119.jpeg,davongesattigtefettsauren,3.2,1,516.5,44.0,1.4983,mahalanobis,1.2788767441860465,1
119.jpeg,davongesattigtefettsauren,17,1,521.0,82.0,1.3391,mahalanobis,1.2788767441860465,1
119.jpeg,davongesattigtefettsauren,3.6,1,517.0,120.5,1.475,mahalanobis,1.2788767441860465,1
119.jpeg,davongesattigtefettsauren,19,1,521.5,158.5,1.687,mahalanobis,1.2788767441860465,1
119.jpeg,davongesattigtefettsauren,0.56,1,510.0,195.0,2.1275,mahalanobis,1.2788767441860465,1
119.jpeg,carbohydrate,3.2,1,638.5,-2.0,1.1954,mahalanobis,1.2788767441860465,0
119.jpeg,carbohydrate,17,1,643.0,36.0,0.6722,mahalanobis,1.2788767441860465,0
119.jpeg,carbohydrate,3.6,1,639.0,74.5,0.1371,mahalanobis,1.2788767441860465,0
119.jpeg,carbohydrate,19,1,643.5,112.5,0.4047,mahalanobis,1.2788767441860465,0
119.jpeg,carbohydrate,0.56,1,632.0,149.0,0.9032,mahalanobis,1.2788767441860465,0
119.jpeg,fibre,19,1,643.0,0.0,1.1701,mahalanobis,1.2788767441860465,0
119.jpeg,fibre,0.56,1,631.5,36.5,0.6624,mahalanobis,1.2788767441860465,0
119.jpeg,protein,0.56,1,686.5,-2.5,1.338,mahalanobis,1.2788767441860465,1
120.jpeg,inositol,100,0,431.0,-11.5,1.4269,mahalanobis,1.350676497005988,1
120.jpeg,inositol,42,0,435.5,32.0,1.2801,mahalanobis,1.350676497005988,0
120.jpeg,inositol,20,0,434.5,75.5,1.1344,mahalanobis,1.350676497005988,0
120.jpeg,inositol,20,0,433.0,120.0,0.9856,mahalanobis,1.350676497005988,0
120.jpeg,inositol,313,0,613.0,399.0,1.5096,mahalanobis,1.350676497005988,1
120.jpeg,inositol,250,0,349.0,409.0,0.7621,mahalanobis,1.350676497005988,0
120.jpeg,inositol,100,0,607.5,441.0,1.4643,mahalanobis,1.350676497005988,1
120.jpeg,inositol,16,0,352.5,453.0,0.7437,mahalanobis,1.350676497005988,0
120.jpeg,inositol,250,0,603.5,483.5,1.4462,mahalanobis,1.350676497005988,1
120.jpeg,inositol,30,0,353.0,497.0,0.7794,mahalanobis,1.350676497005988,0
120.jpeg,inositol,83,0,608.5,527.0,1.5184,mahalanobis,1.350676497005988,1
120.jpeg,inositol,5,0,354.5,541.0,0.8326,mahalanobis,1.350676497005988,0
120.jpeg,inositol,64,0,607.0,568.0,1.5464,mahalanobis,1.350676497005988,1
120.jpeg,inositol,0.9,0,353.5,586.5,0.9269,mahalanobis,1.350676497005988,0
120.jpeg,inositol,79,0,602.0,607.5,1.5565,mahalanobis,1.350676497005988,1
120.jpeg,inositol,1,0,349.5,630.5,1.0502,mahalanobis,1.350676497005988,0
120.jpeg,inositol,91,0,599.0,647.5,1.5946,mahalanobis,1.350676497005988,1
120.jpeg,inositol,1,0,358.5,673.0,1.1042,mahalanobis,1.350676497005988,0
120.jpeg,inositol,100,0,588.5,687.5,1.5901,mahalanobis,1.350676497005988,1
120.jpeg,inositol,200,0,357.5,717.0,1.2287,mahalanobis,1.350676497005988,0
120.jpeg,inositol,80,0,589.0,728.0,1.6756,mahalanobis,1.350676497005988,1
120.jpeg,inositol,40,0,361.5,759.0,1.3304,mahalanobis,1.350676497005988,0
120.jpeg,inositol,164,0,582.0,766.0,1.7145,mahalanobis,1.350676497005988,1
120.jpeg,inositol,4.1,0,367.0,800.5,1.4325,mahalanobis,1.350676497005988,1
120.jpeg,inositol,104,0,578.0,804.5,1.7824,mahalanobis,1.350676497005988,1
120.jpeg,inositol,5.2,0,361.0,840.5,1.5759,mahalanobis,1.350676497005988,1
120.jpeg,inositol,81,0,582.0,842.5,1.9004,mahalanobis,1.350676497005988,1
120.jpeg,inositol,60.4,0,349.5,879.5,1.7364,mahalanobis,1.350676497005988,1
120.jpeg,inositol,15,0,580.0,880.5,1.988,mahalanobis,1.350676497005988,1
120.jpeg,inositol,121,0,348.5,915.5,1.8493,mahalanobis,1.350676497005988,1
120.jpeg,inositol,65,0,575.5,918.5,2.0674,mahalanobis,1.350676497005988,1
120.jpeg,inositol,6.5,0,343.0,954.0,1.9865,mahalanobis,1.350676497005988,1
120.jpeg,inositol,68,0,571.0,956.5,2.1521,mahalanobis,1.350676497005988,1
120.jpeg,inositol,40,0,567.0,994.0,2.2422,mahalanobis,1.350676497005988,1
120.jpeg,inositol,100,0,561.0,1030.5,2.3252,mahalanobis,1.350676497005988,1
120.jpeg,inositol,22,0,353.5,1033.0,2.1995,mahalanobis,1.350676497005988,1
120.jpeg,inositol,20,0,564.0,1068.0,2.4492,mahalanobis,1.350676497005988,1
120.jpeg,inositol,1,0,351.0,1071.0,2.327,mahalanobis,1.350676497005988,1
120.jpeg,inositol,63,0,560.5,1102.5,2.5407,mahalanobis,1.350676497005988,1
120.jpeg,inositol,0.4,0,344.5,1113.0,2.4784,mahalanobis,1.350676497005988,1
120.jpeg,inositol,90,0,558.5,1138.5,2.6441,mahalanobis,1.350676497005988,1
120.jpeg,inositol,25,0,357.5,1152.5,2.5719,mahalanobis,1.350676497005988,1
120.jpeg,inositol,45,0,361.5,1192.5,2.6928,mahalanobis,1.350676497005988,1
120.jpeg,alpha-liponsäure,42,0,374.5,-9.5,1.5193,mahalanobis,1.350676497005988,1
120.jpeg,alpha-liponsäure,20,0,373.5,34.0,1.3874,mahalanobis,1.350676497005988,1
120.jpeg,alpha-liponsäure,20,0,372.0,78.5,1.2576,mahalanobis,1.350676497005988,0
120.jpeg,alpha-liponsäure,313,0,552.0,357.5,1.0019,mahalanobis,1.350676497005988,0
120.jpeg,alpha-liponsäure,250,0,288.0,367.5,1.2959,mahalanobis,1.350676497005988,0
120.jpeg,alpha-liponsäure,100,0,546.5,399.5,0.938,mahalanobis,1.350676497005988,0
120.jpeg,alpha-liponsäure,16,0,291.5,411.5,1.2565,mahalanobis,1.350676497005988,0
120.jpeg,alpha-liponsäure,250,0,542.5,442.0,0.9074,mahalanobis,1.350676497005988,0
120.jpeg,alpha-liponsäure,30,0,292.0,455.5,1.2601,mahalanobis,1.350676497005988,0
120.jpeg,alpha-liponsäure,83,0,547.5,485.5,0.9756,mahalanobis,1.350676497005988,0
120.jpeg,alpha-liponsäure,5,0,293.5,499.5,1.2723,mahalanobis,1.350676497005988,0
120.jpeg,alpha-liponsäure,64,0,546.0,526.5,1.0064,mahalanobis,1.350676497005988,0
120.jpeg,alpha-liponsäure,0.9,0,292.5,545.0,1.3234,mahalanobis,1.350676497005988,0
120.jpeg,alpha-liponsäure,79,0,541.0,566.0,1.0258,mahalanobis,1.350676497005988,0
120.jpeg,alpha-liponsäure,1,0,288.5,589.0,1.4108,mahalanobis,1.350676497005988,1
120.jpeg,alpha-liponsäure,91,0,538.0,606.0,1.078,mahalanobis,1.350676497005988,0
120.jpeg,alpha-liponsäure,1,0,297.5,631.5,1.4091,mahalanobis,1.350676497005988,1
120.jpeg,alpha-liponsäure,100,0,527.5,646.0,1.0979,mahalanobis,1.350676497005988,0
120.jpeg,alpha-liponsäure,200,0,296.5,675.5,1.498,mahalanobis,1.350676497005988,1
120.jpeg,alpha-liponsäure,80,0,528.0,686.5,1.2009,mahalanobis,1.350676497005988,0
120.jpeg,alpha-liponsäure,40,0,300.5,717.5,1.5585,mahalanobis,1.350676497005988,1
120.jpeg,alpha-liponsäure,164,0,521.0,724.5,1.2656,mahalanobis,1.350676497005988,0
120.jpeg,alpha-liponsäure,4.1,0,306.0,759.0,1.6194,mahalanobis,1.350676497005988,1
120.jpeg,alpha-liponsäure,104,0,517.0,763.0,1.3562,mahalanobis,1.350676497005988,1
120.jpeg,alpha-liponsäure,5.2,0,300.0,799.0,1.7524,mahalanobis,1.350676497005988,1
120.jpeg,alpha-liponsäure,81,0,521.0,801.0,1.4841,mahalanobis,1.350676497005988,1
120.jpeg,alpha-liponsäure,60.4,0,288.5,838.0,1.9157,mahalanobis,1.350676497005988,1
120.jpeg,alpha-liponsäure,15,0,519.0,839.0,1.5892,mahalanobis,1.350676497005988,1
120.jpeg,alpha-liponsäure,121,0,287.5,874.0,2.0125,mahalanobis,1.350676497005988,1
120.jpeg,alpha-liponsäure,65,0,514.5,877.0,1.689,mahalanobis,1.350676497005988,1
120.jpeg,alpha-liponsäure,6.5,0,282.0,912.5,2.1424,mahalanobis,1.350676497005988,1
120.jpeg,alpha-liponsäure,68,0,510.0,915.0,1.7931,mahalanobis,1.350676497005988,1
120.jpeg,alpha-liponsäure,40,0,506.0,952.5,1.9006,mahalanobis,1.350676497005988,1
120.jpeg,alpha-liponsäure,100,0,500.0,989.0,2.0029,mahalanobis,1.350676497005988,1
120.jpeg,alpha-liponsäure,22,0,292.5,991.5,2.305,mahalanobis,1.350676497005988,1
120.jpeg,alpha-liponsäure,20,0,503.0,1026.5,2.131,mahalanobis,1.350676497005988,1
120.jpeg,alpha-liponsäure,1,0,290.0,1029.5,2.4244,mahalanobis,1.350676497005988,1
120.jpeg,alpha-liponsäure,63,0,499.5,1061.0,2.2354,mahalanobis,1.350676497005988,1
120.jpeg,alpha-liponsäure,0.4,0,283.5,1071.5,2.5738,mahalanobis,1.350676497005988,1
120.jpeg,alpha-liponsäure,90,0,497.5,1097.0,2.349,mahalanobis,1.350676497005988,1
120.jpeg,alpha-liponsäure,25,0,296.5,1111.0,2.6349,mahalanobis,1.350676497005988,1
120.jpeg,alpha-liponsäure,45,0,300.5,1151.0,2.7396,mahalanobis,1.350676497005988,1
120.jpeg,choline,20,0,439.0,-14.5,1.4359,mahalanobis,1.350676497005988,1
120.jpeg,choline,20,0,437.5,30.0,1.2866,mahalanobis,1.350676497005988,0
120.jpeg,choline,313,0,617.5,309.0,1.5868,mahalanobis,1.350676497005988,1
120.jpeg,choline,250,0,353.5,319.0,0.7898,mahalanobis,1.350676497005988,0
120.jpeg,choline,100,0,612.0,351.0,1.5148,mahalanobis,1.350676497005988,1
120.jpeg,choline,16,0,357.0,363.0,0.7136,mahalanobis,1.350676497005988,0
120.jpeg,choline,250,0,608.0,393.5,1.4673,mahalanobis,1.350676497005988,1
120.jpeg,choline,30,0,357.5,407.0,0.6892,mahalanobis,1.350676497005988,0
120.jpeg,choline,83,0,613.0,437.0,1.5108,mahalanobis,1.350676497005988,1
120.jpeg,choline,5,0,359.0,451.0,0.6875,mahalanobis,1.350676497005988,0
120.jpeg,choline,64,0,611.5,478.0,1.5114,mahalanobis,1.350676497005988,1
120.jpeg,choline,0.9,0,358.0,496.5,0.7388,mahalanobis,1.350676497005988,0
120.jpeg,choline,79,0,606.5,517.5,1.494,mahalanobis,1.350676497005988,1
120.jpeg,choline,1,0,354.0,540.5,0.8354,mahalanobis,1.350676497005988,0
120.jpeg,choline,91,0,603.5,557.5,1.5064,mahalanobis,1.350676497005988,1
120.jpeg,choline,1,0,363.0,583.0,0.8568,mahalanobis,1.350676497005988,0
120.jpeg,choline,100,0,593.0,597.5,1.4721,mahalanobis,1.350676497005988,1
120.jpeg,choline,200,0,362.0,627.0,0.9668,mahalanobis,1.350676497005988,0
120.jpeg,choline,80,0,593.5,638.0,1.5377,mahalanobis,1.350676497005988,1
120.jpeg,choline,40,0,366.0,669.0,1.0548,mahalanobis,1.350676497005988,0
120.jpeg,choline,164,0,586.5,676.0,1.554,mahalanobis,1.350676497005988,1
120.jpeg,choline,4.1,0,371.5,710.5,1.1464,mahalanobis,1.350676497005988,0
120.jpeg,choline,104,0,582.5,714.5,1.6037,mahalanobis,1.350676497005988,1
120.jpeg,choline,5.2,0,365.5,750.5,1.2887,mahalanobis,1.350676497005988,0
120.jpeg,choline,81,0,586.5,752.5,1.7123,mahalanobis,1.350676497005988,1
120.jpeg,choline,60.4,0,354.0,789.5,1.4512,mahalanobis,1.350676497005988,1
120.jpeg,choline,15,0,584.5,790.5,1.7872,mahalanobis,1.350676497005988,1
120.jpeg,choline,121,0,353.0,825.5,1.5612,mahalanobis,1.350676497005988,1
120.jpeg,choline,65,0,580.0,828.5,1.8537,mahalanobis,1.350676497005988,1
120.jpeg,choline,6.5,0,347.5,864.0,1.6976,mahalanobis,1.350676497005988,1
120.jpeg,choline,68,0,575.5,866.5,1.9271,mahalanobis,1.350676497005988,1
120.jpeg,choline,40,0,571.5,904.0,2.0078,mahalanobis,1.350676497005988,1
120.jpeg,choline,100,0,565.5,940.5,2.0815,mahalanobis,1.350676497005988,1
120.jpeg,choline,22,0,358.0,943.0,1.9027,mahalanobis,1.350676497005988,1
120.jpeg,choline,20,0,568.5,978.0,2.2023,mahalanobis,1.350676497005988,1
120.jpeg,choline,1,0,355.5,981.0,2.0296,mahalanobis,1.350676497005988,1
120.jpeg,choline,63,0,565.0,1012.5,2.288,mahalanobis,1.350676497005988,1
120.jpeg,choline,0.4,0,349.0,1023.0,2.1811,mahalanobis,1.350676497005988,1
120.jpeg,choline,90,0,563.0,1048.5,2.3868,mahalanobis,1.350676497005988,1
120.jpeg,choline,25,0,362.0,1062.5,2.2712,mahalanobis,1.350676497005988,1
120.jpeg,choline,45,0,366.0,1102.5,2.3909,mahalanobis,1.350676497005988,1
120.jpeg,rutin,20,0,444.5,-16.0,1.4421,mahalanobis,1.350676497005988,1
120.jpeg,rutin,313,0,624.5,263.0,1.6852,mahalanobis,1.350676497005988,1
120.jpeg,rutin,250,0,360.5,273.0,0.8137,mahalanobis,1.350676497005988,0
120.jpeg,rutin,100,0,619.0,305.0,1.6024,mahalanobis,1.350676497005988,1
120.jpeg,rutin,16,0,364.0,317.0,0.7111,mahalanobis,1.350676497005988,0
120.jpeg,rutin,250,0,615.0,347.5,1.542,mahalanobis,1.350676497005988,1
120.jpeg,rutin,30,0,364.5,361.0,0.6529,mahalanobis,1.350676497005988,0
120.jpeg,rutin,83,0,620.0,391.0,1.5708,mahalanobis,1.350676497005988,1
120.jpeg,rutin,5,0,366.0,405.0,0.6164,mahalanobis,1.350676497005988,0
120.jpeg,rutin,64,0,618.5,432.0,1.5573,mahalanobis,1.350676497005988,1
120.jpeg,rutin,0.9,0,365.0,450.5,0.6365,mahalanobis,1.350676497005988,0
120.jpeg,rutin,79,0,613.5,471.5,1.5255,mahalanobis,1.350676497005988,1
120.jpeg,rutin,1,0,361.0,494.5,0.7124,mahalanobis,1.350676497005988,0
120.jpeg,rutin,91,0,610.5,511.5,1.5231,mahalanobis,1.350676497005988,1
120.jpeg,rutin,1,0,370.0,537.0,0.7135,mahalanobis,1.350676497005988,0
120.jpeg,rutin,100,0,600.0,551.5,1.4715,mahalanobis,1.350676497005988,1
120.jpeg,rutin,200,0,369.0,581.0,0.8143,mahalanobis,1.350676497005988,0
120.jpeg,rutin,80,0,600.5,592.0,1.5236,mahalanobis,1.350676497005988,1
120.jpeg,rutin,40,0,373.0,623.0,0.8953,mahalanobis,1.350676497005988,0
120.jpeg,rutin,164,0,593.5,630.0,1.5248,mahalanobis,1.350676497005988,1
120.jpeg,rutin,4.1,0,378.5,664.5,0.9829,mahalanobis,1.350676497005988,0
120.jpeg,rutin,104,0,589.5,668.5,1.5614,mahalanobis,1.350676497005988,1
120.jpeg,rutin,5.2,0,372.5,704.5,1.1247,mahalanobis,1.350676497005988,0
120.jpeg,rutin,81,0,593.5,706.5,1.6623,mahalanobis,1.350676497005988,1
120.jpeg,rutin,60.4,0,361.0,743.5,1.2875,mahalanobis,1.350676497005988,0
120.jpeg,rutin,15,0,591.5,744.5,1.7274,mahalanobis,1.350676497005988,1
120.jpeg,rutin,121,0,360.0,779.5,1.3967,mahalanobis,1.350676497005988,1
120.jpeg,rutin,65,0,587.0,782.5,1.7838,mahalanobis,1.350676497005988,1
120.jpeg,rutin,6.5,0,354.5,818.0,1.5329,mahalanobis,1.350676497005988,1
120.jpeg,rutin,68,0,582.5,820.5,1.8481,mahalanobis,1.350676497005988,1
120.jpeg,rutin,40,0,578.5,858.0,1.9209,mahalanobis,1.350676497005988,1
120.jpeg,rutin,100,0,572.5,894.5,1.9868,mahalanobis,1.350676497005988,1
120.jpeg,rutin,22,0,365.0,897.0,1.7371,mahalanobis,1.350676497005988,1
120.jpeg,rutin,20,0,575.5,932.0,2.1046,mahalanobis,1.350676497005988,1
120.jpeg,rutin,1,0,362.5,935.0,1.864,mahalanobis,1.350676497005988,1
120.jpeg,rutin,63,0,572.0,966.5,2.1851,mahalanobis,1.350676497005988,1
120.jpeg,rutin,0.4,0,356.0,977.0,2.0155,mahalanobis,1.350676497005988,1
120.jpeg,rutin,90,0,570.0,1002.5,2.2798,mahalanobis,1.350676497005988,1
120.jpeg,rutin,25,0,369.0,1016.5,2.1062,mahalanobis,1.350676497005988,1
120.jpeg,rutin,45,0,373.0,1056.5,2.2264,mahalanobis,1.350676497005988,1
120.jpeg,lactobacillus,313,0,569.5,221.5,1.3048,mahalanobis,1.350676497005988,0
120.jpeg,lactobacillus,250,0,305.5,231.5,1.2899,mahalanobis,1.350676497005988,0
120.jpeg,lactobacillus,100,0,564.0,263.5,1.1982,mahalanobis,1.350676497005988,0
120.jpeg,lactobacillus,16,0,309.0,275.5,1.1991,mahalanobis,1.350676497005988,0
120.jpeg,lactobacillus,250,0,560.0,306.0,1.1131,mahalanobis,1.350676497005988,0
120.jpeg,lactobacillus,30,0,309.5,319.5,1.146,mahalanobis,1.350676497005988,0
120.jpeg,lactobacillus,83,0,565.0,349.5,1.1168,mahalanobis,1.350676497005988,0
120.jpeg,lactobacillus,5,0,311.0,363.5,1.1017,mahalanobis,1.350676497005988,0
120.jpeg,lactobacillus,64,0,563.5,390.5,1.0858,mahalanobis,1.350676497005988,0
120.jpeg,lactobacillus,0.9,0,310.0,409.0,1.0975,mahalanobis,1.350676497005988,0
120.jpeg,lactobacillus,79,0,558.5,430.0,1.0415,mahalanobis,1.350676497005988,0
120.jpeg,lactobacillus,1,0,306.0,453.0,1.1395,mahalanobis,1.350676497005988,0
120.jpeg,lactobacillus,91,0,555.5,470.0,1.0317,mahalanobis,1.350676497005988,0
120.jpeg,lactobacillus,1,0,315.0,495.5,1.0895,mahalanobis,1.350676497005988,0
120.jpeg,lactobacillus,100,0,545.0,510.0,0.9788,mahalanobis,1.350676497005988,0
120.jpeg,lactobacillus,200,0,314.0,539.5,1.1437,mahalanobis,1.350676497005988,0
120.jpeg,lactobacillus,80,0,545.5,550.5,1.0355,mahalanobis,1.350676497005988,0
120.jpeg,lactobacillus,40,0,318.0,581.5,1.1726,mahalanobis,1.350676497005988,0
120.jpeg,lactobacillus,164,0,538.5,588.5,1.0475,mahalanobis,1.350676497005988,0
120.jpeg,lactobacillus,4.1,0,323.5,623.0,1.2066,mahalanobis,1.350676497005988,0
120.jpeg,lactobacillus,104,0,534.5,627.0,1.0986,mahalanobis,1.350676497005988,0
120.jpeg,lactobacillus,5.2,0,317.5,663.0,1.329,mahalanobis,1.350676497005988,0
120.jpeg,lactobacillus,81,0,538.5,665.0,1.21,mahalanobis,1.350676497005988,0
120.jpeg,lactobacillus,60.4,0,306.0,702.0,1.4887,mahalanobis,1.350676497005988,1
120.jpeg,lactobacillus,15,0,536.5,703.0,1.2906,mahalanobis,1.350676497005988,0
120.jpeg,lactobacillus,121,0,305.0,738.0,1.576,mahalanobis,1.350676497005988,1
120.jpeg,lactobacillus,65,0,532.0,741.0,1.3656,mahalanobis,1.350676497005988,1
120.jpeg,lactobacillus,6.5,0,299.5,776.5,1.7005,mahalanobis,1.350676497005988,1
120.jpeg,lactobacillus,68,0,527.5,779.0,1.449,mahalanobis,1.350676497005988,1
120.jpeg,lactobacillus,40,0,523.5,816.5,1.54,mahalanobis,1.350676497005988,1
120.jpeg,lactobacillus,100,0,517.5,853.0,1.6259,mahalanobis,1.350676497005988,1
120.jpeg,lactobacillus,22,0,310.0,855.5,1.844,mahalanobis,1.350676497005988,1
120.jpeg,lactobacillus,20,0,520.5,890.5,1.7511,mahalanobis,1.350676497005988,1
120.jpeg,lactobacillus,1,0,307.5,893.5,1.9601,mahalanobis,1.350676497005988,1
120.jpeg,lactobacillus,63,0,517.0,925.0,1.846,mahalanobis,1.350676497005988,1
120.jpeg,lactobacillus,0.4,0,301.0,935.5,2.1079,mahalanobis,1.350676497005988,1
120.jpeg,lactobacillus,90,0,515.0,961.0,1.9527,mahalanobis,1.350676497005988,1
120.jpeg,lactobacillus,25,0,314.0,975.0,2.162,mahalanobis,1.350676497005988,1
120.jpeg,lactobacillus,45,0,318.0,1015.0,2.264,mahalanobis,1.350676497005988,1
120.jpeg,acidophilus,313,0,579.5,183.5,1.4442,mahalanobis,1.350676497005988,1
120.jpeg,acidophilus,250,0,315.5,193.5,1.2837,mahalanobis,1.350676497005988,0
120.jpeg,acidophilus,100,0,574.0,225.5,1.3322,mahalanobis,1.350676497005988,0
120.jpeg,acidophilus,16,0,319.0,237.5,1.1787,mahalanobis,1.350676497005988,0
120.jpeg,acidophilus,250,0,570.0,268.0,1.2392,mahalanobis,1.350676497005988,0
120.jpeg,acidophilus,30,0,319.5,281.5,1.1082,mahalanobis,1.350676497005988,0
120.jpeg,acidophilus,83,0,575.0,311.5,1.2306,mahalanobis,1.350676497005988,0
120.jpeg,acidophilus,5,0,321.0,325.5,1.0454,mahalanobis,1.350676497005988,0
120.jpeg,acidophilus,64,0,573.5,352.5,1.1869,mahalanobis,1.350676497005988,0
120.jpeg,acidophilus,0.9,0,320.0,371.0,1.0214,mahalanobis,1.350676497005988,0
120.jpeg,acidophilus,79,0,568.5,392.0,1.1284,mahalanobis,1.350676497005988,0
120.jpeg,acidophilus,1,0,316.0,415.0,1.0458,mahalanobis,1.350676497005988,0
120.jpeg,acidophilus,91,0,565.5,432.0,1.1019,mahalanobis,1.350676497005988,0
120.jpeg,acidophilus,1,0,325.0,457.5,0.9795,mahalanobis,1.350676497005988,0
120.jpeg,acidophilus,100,0,555.0,472.0,1.0287,mahalanobis,1.350676497005988,0
120.jpeg,acidophilus,200,0,324.0,501.5,1.0204,mahalanobis,1.350676497005988,0
120.jpeg,acidophilus,80,0,555.5,512.5,1.067,mahalanobis,1.350676497005988,0
120.jpeg,acidophilus,40,0,328.0,543.5,1.0383,mahalanobis,1.350676497005988,0
120.jpeg,acidophilus,164,0,548.5,550.5,1.0587,mahalanobis,1.350676497005988,0
120.jpeg,acidophilus,4.1,0,333.5,585.0,1.0639,mahalanobis,1.350676497005988,0
120.jpeg,acidophilus,104,0,544.5,589.0,1.0916,mahalanobis,1.350676497005988,0
120.jpeg,acidophilus,5.2,0,327.5,625.0,1.1828,mahalanobis,1.350676497005988,0
120.jpeg,acidophilus,81,0,548.5,627.0,1.1925,mahalanobis,1.350676497005988,0
120.jpeg,acidophilus,60.4,0,316.0,664.0,1.3411,mahalanobis,1.350676497005988,0
120.jpeg,acidophilus,15,0,546.5,665.0,1.2603,mahalanobis,1.350676497005988,0
120.jpeg,acidophilus,121,0,315.0,700.0,1.4262,mahalanobis,1.350676497005988,1
120.jpeg,acidophilus,65,0,542.0,703.0,1.3222,mahalanobis,1.350676497005988,0
120.jpeg,acidophilus,6.5,0,309.5,738.5,1.5494,mahalanobis,1.350676497005988,1
120.jpeg,acidophilus,68,0,537.5,741.0,1.3942,mahalanobis,1.350676497005988,1
120.jpeg,acidophilus,40,0,533.5,778.5,1.4758,mahalanobis,1.350676497005988,1
120.jpeg,acidophilus,100,0,527.5,815.0,1.5524,mahalanobis,1.350676497005988,1
120.jpeg,acidophilus,22,0,320.0,817.5,1.6904,mahalanobis,1.350676497005988,1
120.jpeg,acidophilus,20,0,530.5,852.5,1.6748,mahalanobis,1.350676497005988,1
120.jpeg,acidophilus,1,0,317.5,855.5,1.8063,mahalanobis,1.350676497005988,1
120.jpeg,acidophilus,63,0,527.0,887.0,1.764,mahalanobis,1.350676497005988,1
120.jpeg,acidophilus,0.4,0,311.0,897.5,1.9542,mahalanobis,1.350676497005988,1
120.jpeg,acidophilus,90,0,525.0,923.0,1.8664,mahalanobis,1.350676497005988,1
120.jpeg,acidophilus,25,0,324.0,937.0,2.0088,mahalanobis,1.350676497005988,1
120.jpeg,acidophilus,45,0,328.0,977.0,2.1114,mahalanobis,1.350676497005988,1
120.jpeg,bifidobacteriumbifidum,313,0,501.0,142.5,1.0604,mahalanobis,1.350676497005988,0
120.jpeg,bifidobacteriumbifidum,250,0,237.0,152.5,1.9348,mahalanobis,1.350676497005988,1
120.jpeg,bifidobacteriumbifidum,100,0,495.5,184.5,0.9158,mahalanobis,1.350676497005988,0
120.jpeg,bifidobacteriumbifidum,16,0,240.5,196.5,1.845,mahalanobis,1.350676497005988,1
120.jpeg,bifidobacteriumbifidum,250,0,491.5,227.0,0.779,mahalanobis,1.350676497005988,0
120.jpeg,bifidobacteriumbifidum,30,0,241.0,240.5,1.7878,mahalanobis,1.350676497005988,1
120.jpeg,bifidobacteriumbifidum,83,0,496.5,270.5,0.698,mahalanobis,1.350676497005988,0
120.jpeg,bifidobacteriumbifidum,5,0,242.5,284.5,1.733,mahalanobis,1.350676497005988,1
120.jpeg,bifidobacteriumbifidum,64,0,495.0,311.5,0.601,mahalanobis,1.350676497005988,0
120.jpeg,bifidobacteriumbifidum,0.9,0,241.5,330.0,1.7097,mahalanobis,1.350676497005988,1
120.jpeg,bifidobacteriumbifidum,79,0,490.0,351.0,0.4974,mahalanobis,1.350676497005988,0
120.jpeg,bifidobacteriumbifidum,1,0,237.5,374.0,1.7261,mahalanobis,1.350676497005988,1
120.jpeg,bifidobacteriumbifidum,91,0,487.0,391.0,0.4317,mahalanobis,1.350676497005988,0
120.jpeg,bifidobacteriumbifidum,1,0,246.5,416.5,1.6436,mahalanobis,1.350676497005988,1
120.jpeg,bifidobacteriumbifidum,100,0,476.5,431.0,0.3397,mahalanobis,1.350676497005988,0
120.jpeg,bifidobacteriumbifidum,200,0,245.5,460.5,1.6596,mahalanobis,1.350676497005988,1
120.jpeg,bifidobacteriumbifidum,80,0,477.0,471.5,0.3906,mahalanobis,1.350676497005988,0
120.jpeg,bifidobacteriumbifidum,40,0,249.5,502.5,1.645,mahalanobis,1.350676497005988,1
120.jpeg,bifidobacteriumbifidum,164,0,470.0,509.5,0.4255,mahalanobis,1.350676497005988,0
120.jpeg,bifidobacteriumbifidum,4.1,0,255.0,544.0,1.6302,mahalanobis,1.350676497005988,1
120.jpeg,bifidobacteriumbifidum,104,0,466.0,548.0,0.5126,mahalanobis,1.350676497005988,0
120.jpeg,bifidobacteriumbifidum,5.2,0,249.0,584.0,1.7198,mahalanobis,1.350676497005988,1
120.jpeg,bifidobacteriumbifidum,81,0,470.0,586.0,0.6418,mahalanobis,1.350676497005988,0
120.jpeg,bifidobacteriumbifidum,60.4,0,237.5,623.0,1.8587,mahalanobis,1.350676497005988,1
120.jpeg,bifidobacteriumbifidum,15,0,468.0,624.0,0.7524,mahalanobis,1.350676497005988,0
120.jpeg,bifidobacteriumbifidum,121,0,236.5,659.0,1.9154,mahalanobis,1.350676497005988,1
120.jpeg,bifidobacteriumbifidum,65,0,463.5,662.0,0.8622,mahalanobis,1.350676497005988,0
120.jpeg,bifidobacteriumbifidum,6.5,0,231.0,697.5,2.0158,mahalanobis,1.350676497005988,1
120.jpeg,bifidobacteriumbifidum,68,0,459.0,700.0,0.9779,mahalanobis,1.350676497005988,0
120.jpeg,bifidobacteriumbifidum,40,0,455.0,737.5,1.0964,mahalanobis,1.350676497005988,0
120.jpeg,bifidobacteriumbifidum,100,0,449.0,774.0,1.2125,mahalanobis,1.350676497005988,0
120.jpeg,bifidobacteriumbifidum,22,0,241.5,776.5,2.0798,mahalanobis,1.350676497005988,1
120.jpeg,bifidobacteriumbifidum,20,0,452.0,811.5,1.3401,mahalanobis,1.350676497005988,0
120.jpeg,bifidobacteriumbifidum,1,0,239.0,814.5,2.1737,mahalanobis,1.350676497005988,1
120.jpeg,bifidobacteriumbifidum,63,0,448.5,846.0,1.4531,mahalanobis,1.350676497005988,1
120.jpeg,bifidobacteriumbifidum,0.4,0,232.5,856.5,2.306,mahalanobis,1.350676497005988,1
120.jpeg,bifidobacteriumbifidum,90,0,446.5,882.0,1.5726,mahalanobis,1.350676497005988,1
120.jpeg,bifidobacteriumbifidum,25,0,245.5,896.0,2.3123,mahalanobis,1.350676497005988,1
120.jpeg,bifidobacteriumbifidum,45,0,249.5,936.0,2.3846,mahalanobis,1.350676497005988,1
120.jpeg,vitamin c,313,0,584.5,-15.5,1.9152,mahalanobis,1.350676497005988,1
120.jpeg,vitamin c,250,0,320.5,-5.5,1.7292,mahalanobis,1.350676497005988,1
120.jpeg,vitamin c,100,0,579.0,26.5,1.7791,mahalanobis,1.350676497005988,1
120.jpeg,vitamin c,16,0,324.0,38.5,1.5929,mahalanobis,1.350676497005988,1
120.jpeg,vitamin c,250,0,575.0,69.0,1.6532,mahalanobis,1.350676497005988,1
120.jpeg,vitamin c,30,0,324.5,82.5,1.4763,mahalanobis,1.350676497005988,1
120.jpeg,vitamin c,83,0,580.0,112.5,1.5876,mahalanobis,1.350676497005988,1
120.jpeg,vitamin c,5,0,326.0,126.5,1.3596,mahalanobis,1.350676497005988,1
120.jpeg,vitamin c,64,0,578.5,153.5,1.4934,mahalanobis,1.350676497005988,1
120.jpeg,vitamin c,0.9,0,325.0,172.0,1.2627,mahalanobis,1.350676497005988,0
120.jpeg,vitamin c,79,0,573.5,193.0,1.3835,mahalanobis,1.350676497005988,1
120.jpeg,vitamin c,1,0,321.0,216.0,1.2021,mahalanobis,1.350676497005988,0
120.jpeg,vitamin c,91,0,570.5,233.0,1.2938,mahalanobis,1.350676497005988,0
120.jpeg,vitamin c,1,0,330.0,258.5,1.0616,mahalanobis,1.350676497005988,0
120.jpeg,vitamin c,100,0,560.0,273.0,1.1537,mahalanobis,1.350676497005988,0
120.jpeg,vitamin c,200,0,329.0,302.5,1.0056,mahalanobis,1.350676497005988,0
120.jpeg,vitamin c,80,0,560.5,313.5,1.1093,mahalanobis,1.350676497005988,0
120.jpeg,vitamin c,40,0,333.0,344.5,0.929,mahalanobis,1.350676497005988,0
120.jpeg,vitamin c,164,0,553.5,351.5,1.0185,mahalanobis,1.350676497005988,0
120.jpeg,vitamin c,4.1,0,338.5,386.0,0.8573,mahalanobis,1.350676497005988,0
120.jpeg,vitamin c,104,0,549.5,390.0,0.9659,mahalanobis,1.350676497005988,0
120.jpeg,vitamin c,5.2,0,332.5,426.0,0.9048,mahalanobis,1.350676497005988,0
120.jpeg,vitamin c,81,0,553.5,428.0,0.9982,mahalanobis,1.350676497005988,0
120.jpeg,vitamin c,60.4,0,321.0,465.0,1.0175,mahalanobis,1.350676497005988,0
120.jpeg,vitamin c,15,0,551.5,466.0,0.9954,mahalanobis,1.350676497005988,0
120.jpeg,vitamin c,121,0,320.0,501.0,1.053,mahalanobis,1.350676497005988,0
120.jpeg,vitamin c,65,0,547.0,504.0,0.9887,mahalanobis,1.350676497005988,0
120.jpeg,vitamin c,6.5,0,314.5,539.5,1.1397,mahalanobis,1.350676497005988,0
120.jpeg,vitamin c,68,0,542.5,542.0,0.9998,mahalanobis,1.350676497005988,0
120.jpeg,vitamin c,40,0,538.5,579.5,1.0309,mahalanobis,1.350676497005988,0
120.jpeg,vitamin c,100,0,532.5,616.0,1.0616,mahalanobis,1.350676497005988,0
120.jpeg,vitamin c,22,0,325.0,618.5,1.1873,mahalanobis,1.350676497005988,0
120.jpeg,vitamin c,20,0,535.5,653.5,1.1646,mahalanobis,1.350676497005988,0
120.jpeg,vitamin c,1,0,322.5,656.5,1.2819,mahalanobis,1.350676497005988,0
120.jpeg,vitamin c,63,0,532.0,688.0,1.2272,mahalanobis,1.350676497005988,0
120.jpeg,vitamin c,0.4,0,316.0,698.5,1.4165,mahalanobis,1.350676497005988,1
120.jpeg,vitamin c,90,0,530.0,724.0,1.3097,mahalanobis,1.350676497005988,0
120.jpeg,vitamin c,25,0,329.0,738.0,1.4338,mahalanobis,1.350676497005988,1
120.jpeg,vitamin c,45,0,333.0,778.0,1.5174,mahalanobis,1.350676497005988,1
120.jpeg,niacin,100,0,594.0,-18.0,1.9762,mahalanobis,1.350676497005988,1
120.jpeg,niacin,16,0,339.0,-6.0,1.6431,mahalanobis,1.350676497005988,1
120.jpeg,niacin,250,0,590.0,24.5,1.8498,mahalanobis,1.350676497005988,1
120.jpeg,niacin,30,0,339.5,38.0,1.5162,mahalanobis,1.350676497005988,1
120.jpeg,niacin,83,0,595.0,68.0,1.7824,mahalanobis,1.350676497005988,1
120.jpeg,niacin,5,0,341.0,82.0,1.3882,mahalanobis,1.350676497005988,1
120.jpeg,niacin,64,0,593.5,109.0,1.6859,mahalanobis,1.350676497005988,1
120.jpeg,niacin,0.9,0,340.0,127.5,1.2749,mahalanobis,1.350676497005988,0
120.jpeg,niacin,79,0,588.5,148.5,1.5734,mahalanobis,1.350676497005988,1
120.jpeg,niacin,1,0,336.0,171.5,1.1929,mahalanobis,1.350676497005988,0
120.jpeg,niacin,91,0,585.5,188.5,1.4794,mahalanobis,1.350676497005988,1
120.jpeg,niacin,1,0,345.0,214.0,1.0404,mahalanobis,1.350676497005988,0
120.jpeg,niacin,100,0,575.0,228.5,1.3351,mahalanobis,1.350676497005988,0
120.jpeg,niacin,200,0,344.0,258.0,0.9594,mahalanobis,1.350676497005988,0
120.jpeg,niacin,80,0,575.5,269.0,1.2816,mahalanobis,1.350676497005988,0
120.jpeg,niacin,40,0,348.0,300.0,0.8597,mahalanobis,1.350676497005988,0
120.jpeg,niacin,164,0,568.5,307.0,1.1815,mahalanobis,1.350676497005988,0
120.jpeg,niacin,4.1,0,353.5,341.5,0.7626,mahalanobis,1.350676497005988,0
120.jpeg,niacin,104,0,564.5,345.5,1.1153,mahalanobis,1.350676497005988,0
120.jpeg,niacin,5.2,0,347.5,381.5,0.7823,mahalanobis,1.350676497005988,0
120.jpeg,niacin,81,0,568.5,383.5,1.1305,mahalanobis,1.350676497005988,0
120.jpeg,niacin,60.4,0,336.0,420.5,0.8741,mahalanobis,1.350676497005988,0
120.jpeg,niacin,15,0,566.5,421.5,1.1091,mahalanobis,1.350676497005988,0
120.jpeg,niacin,121,0,335.0,456.5,0.894,mahalanobis,1.350676497005988,0
120.jpeg,niacin,65,0,562.0,459.5,1.0811,mahalanobis,1.350676497005988,0
120.jpeg,niacin,6.5,0,329.5,495.0,0.9689,mahalanobis,1.350676497005988,0
120.jpeg,niacin,68,0,557.5,497.5,1.0691,mahalanobis,1.350676497005988,0
120.jpeg,niacin,40,0,553.5,535.0,1.0769,mahalanobis,1.350676497005988,0
120.jpeg,niacin,100,0,547.5,571.5,1.0835,mahalanobis,1.350676497005988,0
120.jpeg,niacin,22,0,340.0,574.0,0.9969,mahalanobis,1.350676497005988,0
120.jpeg,niacin,20,0,550.5,609.0,1.1715,mahalanobis,1.350676497005988,0
120.jpeg,niacin,1,0,337.5,612.0,1.088,mahalanobis,1.350676497005988,0
120.jpeg,niacin,63,0,547.0,643.5,1.2165,mahalanobis,1.350676497005988,0
120.jpeg,niacin,0.4,0,331.0,654.0,1.2208,mahalanobis,1.350676497005988,0
120.jpeg,niacin,90,0,545.0,679.5,1.284,mahalanobis,1.350676497005988,0
120.jpeg,niacin,25,0,344.0,693.5,1.2365,mahalanobis,1.350676497005988,0
120.jpeg,niacin,45,0,348.0,733.5,1.3208,mahalanobis,1.350676497005988,0
120.jpeg,vitamin e,250,0,572.0,-16.5,1.8487,mahalanobis,1.350676497005988,1
120.jpeg,vitamin e,30,0,321.5,-3.0,1.7174,mahalanobis,1.350676497005988,1
120.jpeg,vitamin e,83,0,577.0,27.0,1.7662,mahalanobis,1.350676497005988,1
120.jpeg,vitamin e,5,0,323.0,41.0,1.5916,mahalanobis,1.350676497005988,1
120.jpeg,vitamin e,64,0,575.5,68.0,1.6586,mahalanobis,1.350676497005988,1
120.jpeg,vitamin e,0.9,0,322.0,86.5,1.4806,mahalanobis,1.350676497005988,1
120.jpeg,vitamin e,79,0,570.5,107.5,1.5366,mahalanobis,1.350676497005988,1
120.jpeg,vitamin e,1,0,318.0,130.5,1.3999,mahalanobis,1.350676497005988,1
120.jpeg,vitamin e,91,0,567.5,147.5,1.4301,mahalanobis,1.350676497005988,1
120.jpeg,vitamin e,1,0,327.0,173.0,1.2474,mahalanobis,1.350676497005988,0
120.jpeg,vitamin e,100,0,557.0,187.5,1.2768,mahalanobis,1.350676497005988,0
120.jpeg,vitamin e,200,0,326.0,217.0,1.1645,mahalanobis,1.350676497005988,0
120.jpeg,vitamin e,80,0,557.5,228.0,1.2047,mahalanobis,1.350676497005988,0
120.jpeg,vitamin e,40,0,330.0,259.0,1.0608,mahalanobis,1.350676497005988,0
120.jpeg,vitamin e,164,0,550.5,266.0,1.0901,mahalanobis,1.350676497005988,0
120.jpeg,vitamin e,4.1,0,335.5,300.5,0.9565,mahalanobis,1.350676497005988,0
120.jpeg,vitamin e,104,0,546.5,304.5,1.0058,mahalanobis,1.350676497005988,0
120.jpeg,vitamin e,5.2,0,329.5,340.5,0.9615,mahalanobis,1.350676497005988,0
120.jpeg,vitamin e,81,0,550.5,342.5,1.0001,mahalanobis,1.350676497005988,0
120.jpeg,vitamin e,60.4,0,318.0,379.5,1.0349,mahalanobis,1.350676497005988,0
120.jpeg,vitamin e,15,0,548.5,380.5,0.9604,mahalanobis,1.350676497005988,0
120.jpeg,vitamin e,121,0,317.0,415.5,1.0372,mahalanobis,1.350676497005988,0
120.jpeg,vitamin e,65,0,544.0,418.5,0.9154,mahalanobis,1.350676497005988,0
120.jpeg,vitamin e,6.5,0,311.5,454.0,1.0929,mahalanobis,1.350676497005988,0
120.jpeg,vitamin e,68,0,539.5,456.5,0.8883,mahalanobis,1.350676497005988,0
120.jpeg,vitamin e,40,0,535.5,494.0,0.8843,mahalanobis,1.350676497005988,0
120.jpeg,vitamin e,100,0,529.5,530.5,0.8824,mahalanobis,1.350676497005988,0
120.jpeg,vitamin e,22,0,322.0,533.0,1.0717,mahalanobis,1.350676497005988,0
120.jpeg,vitamin e,20,0,532.5,568.0,0.9667,mahalanobis,1.350676497005988,0
120.jpeg,vitamin e,1,0,319.5,571.0,1.1446,mahalanobis,1.350676497005988,0
120.jpeg,vitamin e,63,0,529.0,602.5,1.0097,mahalanobis,1.350676497005988,0
120.jpeg,vitamin e,0.4,0,313.0,613.0,1.2631,mahalanobis,1.350676497005988,0
120.jpeg,vitamin e,90,0,527.0,638.5,1.0771,mahalanobis,1.350676497005988,0
120.jpeg,vitamin e,25,0,326.0,652.5,1.2502,mahalanobis,1.350676497005988,0
120.jpeg,vitamin e,45,0,330.0,692.5,1.3157,mahalanobis,1.350676497005988,0
120.jpeg,pantothenic acid,83,0,533.0,-14.0,1.6524,mahalanobis,1.350676497005988,1
120.jpeg,pantothenic acid,5,0,279.0,0.0,1.9455,mahalanobis,1.350676497005988,1
120.jpeg,pantothenic acid,64,0,531.5,27.0,1.5277,mahalanobis,1.350676497005988,1
120.jpeg,pantothenic acid,0.9,0,278.0,45.5,1.8462,mahalanobis,1.350676497005988,1
120.jpeg,pantothenic acid,79,0,526.5,66.5,1.3929,mahalanobis,1.350676497005988,1
120.jpeg,pantothenic acid,1,0,274.0,89.5,1.7781,mahalanobis,1.350676497005988,1
120.jpeg,pantothenic acid,91,0,523.5,106.5,1.2677,mahalanobis,1.350676497005988,0
120.jpeg,pantothenic acid,1,0,283.0,132.0,1.631,mahalanobis,1.350676497005988,1
120.jpeg,pantothenic acid,100,0,513.0,146.5,1.1061,mahalanobis,1.350676497005988,0
120.jpeg,pantothenic acid,200,0,282.0,176.0,1.5576,mahalanobis,1.350676497005988,1
120.jpeg,pantothenic acid,80,0,513.5,187.0,1.002,mahalanobis,1.350676497005988,0
120.jpeg,pantothenic acid,40,0,286.0,218.0,1.4596,mahalanobis,1.350676497005988,1
120.jpeg,pantothenic acid,164,0,506.5,225.0,0.8669,mahalanobis,1.350676497005988,0
120.jpeg,pantothenic acid,4.1,0,291.5,259.5,1.3587,mahalanobis,1.350676497005988,1
120.jpeg,pantothenic acid,104,0,502.5,263.5,0.7519,mahalanobis,1.350676497005988,0
120.jpeg,pantothenic acid,5.2,0,285.5,299.5,1.363,mahalanobis,1.350676497005988,1
120.jpeg,pantothenic acid,81,0,506.5,301.5,0.702,mahalanobis,1.350676497005988,0
120.jpeg,pantothenic acid,60.4,0,274.0,338.5,1.4294,mahalanobis,1.350676497005988,1
120.jpeg,pantothenic acid,15,0,504.5,339.5,0.627,mahalanobis,1.350676497005988,0
120.jpeg,pantothenic acid,121,0,273.0,374.5,1.4217,mahalanobis,1.350676497005988,1
120.jpeg,pantothenic acid,65,0,500.0,377.5,0.5503,mahalanobis,1.350676497005988,0
120.jpeg,pantothenic acid,6.5,0,267.5,413.0,1.4629,mahalanobis,1.350676497005988,1
120.jpeg,pantothenic acid,68,0,495.5,415.5,0.4982,mahalanobis,1.350676497005988,0
120.jpeg,pantothenic acid,40,0,491.5,453.0,0.4821,mahalanobis,1.350676497005988,0
120.jpeg,pantothenic acid,100,0,485.5,489.5,0.4843,mahalanobis,1.350676497005988,0
120.jpeg,pantothenic acid,22,0,278.0,492.0,1.3976,mahalanobis,1.350676497005988,1
120.jpeg,pantothenic acid,20,0,488.5,527.0,0.5799,mahalanobis,1.350676497005988,0
120.jpeg,pantothenic acid,1,0,275.5,530.0,1.4477,mahalanobis,1.350676497005988,1
120.jpeg,pantothenic acid,63,0,485.0,561.5,0.642,mahalanobis,1.350676497005988,0
120.jpeg,pantothenic acid,0.4,0,269.0,572.0,1.5442,mahalanobis,1.350676497005988,1
120.jpeg,pantothenic acid,90,0,483.0,597.5,0.7299,mahalanobis,1.350676497005988,0
120.jpeg,pantothenic acid,25,0,282.0,611.5,1.4937,mahalanobis,1.350676497005988,1
120.jpeg,pantothenic acid,45,0,286.0,651.5,1.5285,mahalanobis,1.350676497005988,1
120.jpeg,vitamin b6,64,0,567.0,-17.0,1.8234,mahalanobis,1.350676497005988,1
120.jpeg,vitamin b6,0.9,0,313.5,1.5,1.7463,mahalanobis,1.350676497005988,1
120.jpeg,vitamin b6,79,0,562.0,22.5,1.6929,mahalanobis,1.350676497005988,1
120.jpeg,vitamin b6,1,0,309.5,45.5,1.6547,mahalanobis,1.350676497005988,1
120.jpeg,vitamin b6,91,0,559.0,62.5,1.574,mahalanobis,1.350676497005988,1
120.jpeg,vitamin b6,1,0,318.5,88.0,1.4973,mahalanobis,1.350676497005988,1
120.jpeg,vitamin b6,100,0,548.5,102.5,1.4139,mahalanobis,1.350676497005988,1
120.jpeg,vitamin b6,200,0,317.5,132.0,1.3997,mahalanobis,1.350676497005988,1
120.jpeg,vitamin b6,80,0,549.0,143.0,1.3199,mahalanobis,1.350676497005988,0
120.jpeg,vitamin b6,40,0,321.5,174.0,1.2818,mahalanobis,1.350676497005988,0
120.jpeg,vitamin b6,164,0,542.0,181.0,1.1897,mahalanobis,1.350676497005988,0
120.jpeg,vitamin b6,4.1,0,327.0,215.5,1.1603,mahalanobis,1.350676497005988,0
120.jpeg,vitamin b6,104,0,538.0,219.5,1.0816,mahalanobis,1.350676497005988,0
120.jpeg,vitamin b6,5.2,0,321.0,255.5,1.1344,mahalanobis,1.350676497005988,0
120.jpeg,vitamin b6,81,0,542.0,257.5,1.0396,mahalanobis,1.350676497005988,0
120.jpeg,vitamin b6,60.4,0,309.5,294.5,1.1719,mahalanobis,1.350676497005988,0
120.jpeg,vitamin b6,15,0,540.0,295.5,0.9659,mahalanobis,1.350676497005988,0
120.jpeg,vitamin b6,121,0,308.5,330.5,1.1448,mahalanobis,1.350676497005988,0
120.jpeg,vitamin b6,65,0,535.5,333.5,0.884,mahalanobis,1.350676497005988,0
120.jpeg,vitamin b6,6.5,0,303.0,369.0,1.1672,mahalanobis,1.350676497005988,0
120.jpeg,vitamin b6,68,0,531.0,371.5,0.8158,mahalanobis,1.350676497005988,0
120.jpeg,vitamin b6,40,0,527.0,409.0,0.7692,mahalanobis,1.350676497005988,0
120.jpeg,vitamin b6,100,0,521.0,445.5,0.7254,mahalanobis,1.350676497005988,0
120.jpeg,vitamin b6,22,0,313.5,448.0,1.0735,mahalanobis,1.350676497005988,0
120.jpeg,vitamin b6,20,0,524.0,483.0,0.7788,mahalanobis,1.350676497005988,0
120.jpeg,vitamin b6,1,0,311.0,486.0,1.1155,mahalanobis,1.350676497005988,0
120.jpeg,vitamin b6,63,0,520.5,517.5,0.7937,mahalanobis,1.350676497005988,0
120.jpeg,vitamin b6,0.4,0,304.5,528.0,1.2072,mahalanobis,1.350676497005988,0
120.jpeg,vitamin b6,90,0,518.5,553.5,0.8393,mahalanobis,1.350676497005988,0
120.jpeg,vitamin b6,25,0,317.5,567.5,1.1546,mahalanobis,1.350676497005988,0
120.jpeg,vitamin b6,45,0,321.5,607.5,1.1915,mahalanobis,1.350676497005988,0
120.jpeg,vitamin b2,79,0,563.5,-20.5,1.8146,mahalanobis,1.350676497005988,1
120.jpeg,vitamin b2,1,0,311.0,2.5,1.7569,mahalanobis,1.350676497005988,1
120.jpeg,vitamin b2,91,0,560.5,19.5,1.6926,mahalanobis,1.350676497005988,1
120.jpeg,vitamin b2,1,0,320.0,45.0,1.5973,mahalanobis,1.350676497005988,1
120.jpeg,vitamin b2,100,0,550.0,59.5,1.5315,mahalanobis,1.350676497005988,1
120.jpeg,vitamin b2,200,0,319.0,89.0,1.4919,mahalanobis,1.350676497005988,1
120.jpeg,vitamin b2,80,0,550.5,100.0,1.4317,mahalanobis,1.350676497005988,1
120.jpeg,vitamin b2,40,0,323.0,131.0,1.3674,mahalanobis,1.350676497005988,1
120.jpeg,vitamin b2,164,0,543.5,138.0,1.2979,mahalanobis,1.350676497005988,0
120.jpeg,vitamin b2,4.1,0,328.5,172.5,1.2387,mahalanobis,1.350676497005988,0
120.jpeg,vitamin b2,104,0,539.5,176.5,1.1836,mahalanobis,1.350676497005988,0
120.jpeg,vitamin b2,5.2,0,322.5,212.5,1.1979,mahalanobis,1.350676497005988,0
120.jpeg,vitamin b2,81,0,543.5,214.5,1.1296,mahalanobis,1.350676497005988,0
120.jpeg,vitamin b2,60.4,0,311.0,251.5,1.217,mahalanobis,1.350676497005988,0
120.jpeg,vitamin b2,15,0,541.5,252.5,1.0445,mahalanobis,1.350676497005988,0
120.jpeg,vitamin b2,121,0,310.0,287.5,1.1761,mahalanobis,1.350676497005988,0
120.jpeg,vitamin b2,65,0,537.0,290.5,0.9496,mahalanobis,1.350676497005988,0
120.jpeg,vitamin b2,6.5,0,304.5,326.0,1.1818,mahalanobis,1.350676497005988,0
120.jpeg,vitamin b2,68,0,532.5,328.5,0.8649,mahalanobis,1.350676497005988,0
120.jpeg,vitamin b2,40,0,528.5,366.0,0.7981,mahalanobis,1.350676497005988,0
120.jpeg,vitamin b2,100,0,522.5,402.5,0.7313,mahalanobis,1.350676497005988,0
120.jpeg,vitamin b2,22,0,315.0,405.0,1.0548,mahalanobis,1.350676497005988,0
120.jpeg,vitamin b2,20,0,525.5,440.0,0.7613,mahalanobis,1.350676497005988,0
120.jpeg,vitamin b2,1,0,312.5,443.0,1.0804,mahalanobis,1.350676497005988,0
120.jpeg,vitamin b2,63,0,522.0,474.5,0.7542,mahalanobis,1.350676497005988,0
120.jpeg,vitamin b2,0.4,0,306.0,485.0,1.1568,mahalanobis,1.350676497005988,0
120.jpeg,vitamin b2,90,0,520.0,510.5,0.7797,mahalanobis,1.350676497005988,0
120.jpeg,vitamin b2,25,0,319.0,524.5,1.0856,mahalanobis,1.350676497005988,0
120.jpeg,vitamin b2,45,0,323.0,564.5,1.1079,mahalanobis,1.350676497005988,0
120.jpeg,vitamin b1,91,0,565.5,-22.5,1.8303,mahalanobis,1.350676497005988,1
120.jpeg,vitamin b1,1,0,325.0,3.0,1.6836,mahalanobis,1.350676497005988,1
120.jpeg,vitamin b1,100,0,555.0,17.5,1.6688,mahalanobis,1.350676497005988,1
120.jpeg,vitamin b1,200,0,324.0,47.0,1.5705,mahalanobis,1.350676497005988,1
120.jpeg,vitamin b1,80,0,555.5,58.0,1.5656,mahalanobis,1.350676497005988,1
120.jpeg,vitamin b1,40,0,328.0,89.0,1.4401,mahalanobis,1.350676497005988,1
120.jpeg,vitamin b1,164,0,548.5,96.0,1.43,mahalanobis,1.350676497005988,1
120.jpeg,vitamin b1,4.1,0,333.5,130.5,1.3051,mahalanobis,1.350676497005988,0
120.jpeg,vitamin b1,104,0,544.5,134.5,1.3123,mahalanobis,1.350676497005988,0
120.jpeg,vitamin b1,5.2,0,327.5,170.5,1.2496,mahalanobis,1.350676497005988,0
120.jpeg,vitamin b1,81,0,548.5,172.5,1.2507,mahalanobis,1.350676497005988,0
120.jpeg,vitamin b1,60.4,0,316.0,209.5,1.25,mahalanobis,1.350676497005988,0
120.jpeg,vitamin b1,15,0,546.5,210.5,1.1583,mahalanobis,1.350676497005988,0
120.jpeg,vitamin b1,121,0,315.0,245.5,1.1957,mahalanobis,1.350676497005988,0
120.jpeg,vitamin b1,65,0,542.0,248.5,1.0551,mahalanobis,1.350676497005988,0
120.jpeg,vitamin b1,6.5,0,309.5,284.0,1.1844,mahalanobis,1.350676497005988,0
120.jpeg,vitamin b1,68,0,537.5,286.5,0.9593,mahalanobis,1.350676497005988,0
120.jpeg,vitamin b1,40,0,533.5,324.0,0.878,mahalanobis,1.350676497005988,0
120.jpeg,vitamin b1,100,0,527.5,360.5,0.7936,mahalanobis,1.350676497005988,0
120.jpeg,vitamin b1,22,0,320.0,363.0,1.0255,mahalanobis,1.350676497005988,0
120.jpeg,vitamin b1,20,0,530.5,398.0,0.8009,mahalanobis,1.350676497005988,0
120.jpeg,vitamin b1,1,0,317.5,401.0,1.0338,mahalanobis,1.350676497005988,0
120.jpeg,vitamin b1,63,0,527.0,432.5,0.7717,mahalanobis,1.350676497005988,0
120.jpeg,vitamin b1,0.4,0,311.0,443.0,1.0932,mahalanobis,1.350676497005988,0
120.jpeg,vitamin b1,90,0,525.0,468.5,0.7741,mahalanobis,1.350676497005988,0
120.jpeg,vitamin b1,25,0,324.0,482.5,1.0039,mahalanobis,1.350676497005988,0
120.jpeg,vitamin b1,45,0,328.0,522.5,1.0108,mahalanobis,1.350676497005988,0
120.jpeg,folic acid,200,0,329.5,5.0,1.6561,mahalanobis,1.350676497005988,1
120.jpeg,folic acid,80,0,561.0,16.0,1.7045,mahalanobis,1.350676497005988,1
120.jpeg,folic acid,40,0,333.5,47.0,1.521,mahalanobis,1.350676497005988,1
120.jpeg,folic acid,164,0,554.0,54.0,1.5676,mahalanobis,1.350676497005988,1
120.jpeg,folic acid,4.1,0,339.0,88.5,1.3813,mahalanobis,1.350676497005988,1
120.jpeg,folic acid,104,0,550.0,92.5,1.4474,mahalanobis,1.350676497005988,1
120.jpeg,folic acid,5.2,0,333.0,128.5,1.3129,mahalanobis,1.350676497005988,0
120.jpeg,folic acid,81,0,554.0,130.5,1.38,mahalanobis,1.350676497005988,1
120.jpeg,folic acid,60.4,0,321.5,167.5,1.2955,mahalanobis,1.350676497005988,0
120.jpeg,folic acid,15,0,552.0,168.5,1.2823,mahalanobis,1.350676497005988,0
120.jpeg,folic acid,121,0,320.5,203.5,1.2292,mahalanobis,1.350676497005988,0
120.jpeg,folic acid,65,0,547.5,206.5,1.1732,mahalanobis,1.350676497005988,0
120.jpeg,folic acid,6.5,0,315.0,242.0,1.2013,mahalanobis,1.350676497005988,0
120.jpeg,folic acid,68,0,543.0,244.5,1.0695,mahalanobis,1.350676497005988,0
120.jpeg,folic acid,40,0,539.0,282.0,0.9776,mahalanobis,1.350676497005988,0
120.jpeg,folic acid,100,0,533.0,318.5,0.8805,mahalanobis,1.350676497005988,0
120.jpeg,folic acid,22,0,325.5,321.0,1.0129,mahalanobis,1.350676497005988,0
120.jpeg,folic acid,20,0,536.0,356.0,0.8683,mahalanobis,1.350676497005988,0
120.jpeg,folic acid,1,0,323.0,359.0,1.0025,mahalanobis,1.350676497005988,0
120.jpeg,folic acid,63,0,532.5,390.5,0.8201,mahalanobis,1.350676497005988,0
120.jpeg,folic acid,0.4,0,316.5,401.0,1.0424,mahalanobis,1.350676497005988,0
120.jpeg,folic acid,90,0,530.5,426.5,0.8003,mahalanobis,1.350676497005988,0
120.jpeg,folic acid,25,0,329.5,440.5,0.934,mahalanobis,1.350676497005988,0
120.jpeg,folic acid,45,0,333.5,480.5,0.9229,mahalanobis,1.350676497005988,0
120.jpeg,biotin,40,0,354.0,3.5,1.5521,mahalanobis,1.350676497005988,1
120.jpeg,biotin,164,0,574.5,10.5,1.793,mahalanobis,1.350676497005988,1
120.jpeg,biotin,4.1,0,359.5,45.0,1.407,mahalanobis,1.350676497005988,1
120.jpeg,biotin,104,0,570.5,49.0,1.6741,mahalanobis,1.350676497005988,1
120.jpeg,biotin,5.2,0,353.5,85.0,1.3183,mahalanobis,1.350676497005988,0
120.jpeg,biotin,81,0,574.5,87.0,1.6084,mahalanobis,1.350676497005988,1
120.jpeg,biotin,60.4,0,342.0,124.0,1.2726,mahalanobis,1.350676497005988,0
120.jpeg,biotin,15,0,572.5,125.0,1.5112,mahalanobis,1.350676497005988,1
120.jpeg,biotin,121,0,341.0,160.0,1.189,mahalanobis,1.350676497005988,0
120.jpeg,biotin,65,0,568.0,163.0,1.4017,mahalanobis,1.350676497005988,1
120.jpeg,biotin,6.5,0,335.5,198.5,1.1365,mahalanobis,1.350676497005988,0
120.jpeg,biotin,68,0,563.5,201.0,1.2967,mahalanobis,1.350676497005988,0
120.jpeg,biotin,40,0,559.5,238.5,1.2019,mahalanobis,1.350676497005988,0
120.jpeg,biotin,100,0,553.5,275.0,1.1001,mahalanobis,1.350676497005988,0
120.jpeg,biotin,22,0,346.0,277.5,0.9105,mahalanobis,1.350676497005988,0
120.jpeg,biotin,20,0,556.5,312.5,1.0776,mahalanobis,1.350676497005988,0
120.jpeg,biotin,1,0,343.5,315.5,0.8736,mahalanobis,1.350676497005988,0
120.jpeg,biotin,63,0,553.0,347.0,1.0175,mahalanobis,1.350676497005988,0
120.jpeg,biotin,0.4,0,337.0,357.5,0.8854,mahalanobis,1.350676497005988,0
120.jpeg,biotin,90,0,551.0,383.0,0.9809,mahalanobis,1.350676497005988,0
120.jpeg,biotin,25,0,350.0,397.0,0.7554,mahalanobis,1.350676497005988,0
120.jpeg,biotin,45,0,354.0,437.0,0.7232,mahalanobis,1.350676497005988,0
120.jpeg,vitamin b12,4.1,0,333.5,2.0,1.6454,mahalanobis,1.350676497005988,1
120.jpeg,vitamin b12,104,0,544.5,6.0,1.6476,mahalanobis,1.350676497005988,1
120.jpeg,vitamin b12,5.2,0,327.5,42.0,1.5653,mahalanobis,1.350676497005988,1
120.jpeg,vitamin b12,81,0,548.5,44.0,1.5643,mahalanobis,1.350676497005988,1
120.jpeg,vitamin b12,60.4,0,316.0,81.0,1.5291,mahalanobis,1.350676497005988,1
120.jpeg,vitamin b12,15,0,546.5,82.0,1.4542,mahalanobis,1.350676497005988,1
120.jpeg,vitamin b12,121,0,315.0,117.0,1.4496,mahalanobis,1.350676497005988,1
120.jpeg,vitamin b12,65,0,542.0,120.0,1.3328,mahalanobis,1.350676497005988,0
120.jpeg,vitamin b12,6.5,0,309.5,155.5,1.4012,mahalanobis,1.350676497005988,1
120.jpeg,vitamin b12,68,0,537.5,158.0,1.2139,mahalanobis,1.350676497005988,0
120.jpeg,vitamin b12,40,0,533.5,195.5,1.1026,mahalanobis,1.350676497005988,0
120.jpeg,vitamin b12,100,0,527.5,232.0,0.9845,mahalanobis,1.350676497005988,0
120.jpeg,vitamin b12,22,0,320.0,234.5,1.1764,mahalanobis,1.350676497005988,0
120.jpeg,vitamin b12,20,0,530.5,269.5,0.934,mahalanobis,1.350676497005988,0
120.jpeg,vitamin b12,1,0,317.5,272.5,1.1362,mahalanobis,1.350676497005988,0
120.jpeg,vitamin b12,63,0,527.0,304.0,0.8525,mahalanobis,1.350676497005988,0
120.jpeg,vitamin b12,0.4,0,311.0,314.5,1.1384,mahalanobis,1.350676497005988,0
120.jpeg,vitamin b12,90,0,525.0,340.0,0.7914,mahalanobis,1.350676497005988,0
120.jpeg,vitamin b12,25,0,324.0,354.0,0.9972,mahalanobis,1.350676497005988,0
120.jpeg,vitamin b12,45,0,328.0,394.0,0.9449,mahalanobis,1.350676497005988,0
120.jpeg,vitamin d3,5.2,0,332.5,-2.0,1.6614,mahalanobis,1.350676497005988,1
120.jpeg,vitamin d3,81,0,553.5,0.0,1.7084,mahalanobis,1.350676497005988,1
120.jpeg,vitamin d3,60.4,0,321.0,37.0,1.6128,mahalanobis,1.350676497005988,1
120.jpeg,vitamin d3,15,0,551.5,38.0,1.596,mahalanobis,1.350676497005988,1
120.jpeg,vitamin d3,121,0,320.0,73.0,1.5258,mahalanobis,1.350676497005988,1
120.jpeg,vitamin d3,65,0,547.0,76.0,1.4724,mahalanobis,1.350676497005988,1
120.jpeg,vitamin d3,6.5,0,314.5,111.5,1.4655,mahalanobis,1.350676497005988,1
120.jpeg,vitamin d3,68,0,542.5,114.0,1.3506,mahalanobis,1.350676497005988,0
120.jpeg,vitamin d3,40,0,538.5,151.5,1.2354,mahalanobis,1.350676497005988,0
120.jpeg,vitamin d3,100,0,532.5,188.0,1.1132,mahalanobis,1.350676497005988,0
120.jpeg,vitamin d3,22,0,325.0,190.5,1.2238,mahalanobis,1.350676497005988,0
120.jpeg,vitamin d3,20,0,535.5,225.5,1.0523,mahalanobis,1.350676497005988,0
120.jpeg,vitamin d3,1,0,322.5,228.5,1.1685,mahalanobis,1.350676497005988,0
120.jpeg,vitamin d3,63,0,532.0,260.0,0.9618,mahalanobis,1.350676497005988,0
120.jpeg,vitamin d3,0.4,0,316.0,270.5,1.1507,mahalanobis,1.350676497005988,0
120.jpeg,vitamin d3,90,0,530.0,296.0,0.8874,mahalanobis,1.350676497005988,0
120.jpeg,vitamin d3,25,0,329.0,310.0,0.9966,mahalanobis,1.350676497005988,0
120.jpeg,vitamin d3,45,0,333.0,350.0,0.9245,mahalanobis,1.350676497005988,0
120.jpeg,vitamin k,60.4,0,328.0,-6.0,1.6939,mahalanobis,1.350676497005988,1
120.jpeg,vitamin k,15,0,558.5,-5.0,1.7472,mahalanobis,1.350676497005988,1
120.jpeg,vitamin k,121,0,327.0,30.0,1.6001,mahalanobis,1.350676497005988,1
120.jpeg,vitamin k,65,0,554.0,33.0,1.6224,mahalanobis,1.350676497005988,1
120.jpeg,vitamin k,6.5,0,321.5,68.5,1.5287,mahalanobis,1.350676497005988,1
120.jpeg,vitamin k,68,0,549.5,71.0,1.499,mahalanobis,1.350676497005988,1
120.jpeg,vitamin k,40,0,545.5,108.5,1.3816,mahalanobis,1.350676497005988,1
120.jpeg,vitamin k,100,0,539.5,145.0,1.257,mahalanobis,1.350676497005988,0
120.jpeg,vitamin k,22,0,332.0,147.5,1.2734,mahalanobis,1.350676497005988,0
120.jpeg,vitamin k,20,0,542.5,182.5,1.1896,mahalanobis,1.350676497005988,0
120.jpeg,vitamin k,1,0,329.5,185.5,1.204,mahalanobis,1.350676497005988,0
120.jpeg,vitamin k,63,0,539.0,217.0,1.0935,mahalanobis,1.350676497005988,0
120.jpeg,vitamin k,0.4,0,323.0,227.5,1.1667,mahalanobis,1.350676497005988,0
120.jpeg,vitamin k,90,0,537.0,253.0,1.0106,mahalanobis,1.350676497005988,0
120.jpeg,vitamin k,25,0,336.0,267.0,1.0027,mahalanobis,1.350676497005988,0
120.jpeg,vitamin k,45,0,340.0,307.0,0.9124,mahalanobis,1.350676497005988,0
120.jpeg,calcium,121,0,334.5,-13.0,1.6833,mahalanobis,1.350676497005988,1
120.jpeg,calcium,65,0,561.5,-10.0,1.7761,mahalanobis,1.350676497005988,1
120.jpeg,calcium,6.5,0,329.0,25.5,1.6021,mahalanobis,1.350676497005988,1
120.jpeg,calcium,68,0,557.0,28.0,1.6516,mahalanobis,1.350676497005988,1
120.jpeg,calcium,40,0,553.0,65.5,1.5325,mahalanobis,1.350676497005988,1
120.jpeg,calcium,100,0,547.0,102.0,1.4064,mahalanobis,1.350676497005988,1
120.jpeg,calcium,22,0,339.5,104.5,1.3367,mahalanobis,1.350676497005988,0
120.jpeg,calcium,20,0,550.0,139.5,1.3342,mahalanobis,1.350676497005988,0
120.jpeg,calcium,1,0,337.0,142.5,1.2552,mahalanobis,1.350676497005988,0
120.jpeg,calcium,63,0,546.5,174.0,1.2343,mahalanobis,1.350676497005988,0
120.jpeg,calcium,0.4,0,330.5,184.5,1.1996,mahalanobis,1.350676497005988,0
120.jpeg,calcium,90,0,544.5,210.0,1.1455,mahalanobis,1.350676497005988,0
120.jpeg,calcium,25,0,343.5,224.0,1.0293,mahalanobis,1.350676497005988,0
120.jpeg,calcium,45,0,347.5,264.0,0.9232,mahalanobis,1.350676497005988,0
120.jpeg,zinc,6.5,0,351.0,-17.0,1.625,mahalanobis,1.350676497005988,1
120.jpeg,zinc,68,0,579.0,-14.5,1.8818,mahalanobis,1.350676497005988,1
120.jpeg,zinc,40,0,575.0,23.0,1.7645,mahalanobis,1.350676497005988,1
120.jpeg,zinc,100,0,569.0,59.5,1.6396,mahalanobis,1.350676497005988,1
120.jpeg,zinc,22,0,361.5,62.0,1.3487,mahalanobis,1.350676497005988,0
120.jpeg,zinc,20,0,572.0,97.0,1.5698,mahalanobis,1.350676497005988,1
120.jpeg,zinc,1,0,359.0,100.0,1.2503,mahalanobis,1.350676497005988,0
120.jpeg,zinc,63,0,568.5,131.5,1.4708,mahalanobis,1.350676497005988,1
120.jpeg,zinc,0.4,0,352.5,142.0,1.1686,mahalanobis,1.350676497005988,0
120.jpeg,zinc,90,0,566.5,167.5,1.3824,mahalanobis,1.350676497005988,1
120.jpeg,zinc,25,0,365.5,181.5,0.9953,mahalanobis,1.350676497005988,0
120.jpeg,zinc,45,0,369.5,221.5,0.8707,mahalanobis,1.350676497005988,0
120.jpeg,iodine,40,0,576.0,-16.5,1.8704,mahalanobis,1.350676497005988,1
120.jpeg,iodine,100,0,570.0,20.0,1.7436,mahalanobis,1.350676497005988,1
120.jpeg,iodine,22,0,362.5,22.5,1.4622,mahalanobis,1.350676497005988,1
120.jpeg,iodine,20,0,573.0,57.5,1.6683,mahalanobis,1.350676497005988,1
120.jpeg,iodine,1,0,360.0,60.5,1.3594,mahalanobis,1.350676497005988,1
120.jpeg,iodine,63,0,569.5,92.0,1.5656,mahalanobis,1.350676497005988,1
120.jpeg,iodine,0.4,0,353.5,102.5,1.2696,mahalanobis,1.350676497005988,0
120.jpeg,iodine,90,0,567.5,128.0,1.4718,mahalanobis,1.350676497005988,1
120.jpeg,iodine,25,0,366.5,142.0,1.0972,mahalanobis,1.350676497005988,0
120.jpeg,iodine,45,0,370.5,182.0,0.9677,mahalanobis,1.350676497005988,0
120.jpeg,selenium,100,0,558.5,-22.5,1.7948,mahalanobis,1.350676497005988,1
120.jpeg,selenium,22,0,351.0,-20.0,1.6339,mahalanobis,1.350676497005988,1
120.jpeg,selenium,20,0,561.5,15.0,1.7098,mahalanobis,1.350676497005988,1
120.jpeg,selenium,1,0,348.5,18.0,1.5322,mahalanobis,1.350676497005988,1
120.jpeg,selenium,63,0,558.0,49.5,1.6013,mahalanobis,1.350676497005988,1
120.jpeg,selenium,0.4,0,342.0,60.0,1.4431,mahalanobis,1.350676497005988,1
120.jpeg,selenium,90,0,556.0,85.5,1.4995,mahalanobis,1.350676497005988,1
120.jpeg,selenium,25,0,355.0,99.5,1.2706,mahalanobis,1.350676497005988,0
120.jpeg,selenium,45,0,359.0,139.5,1.1411,mahalanobis,1.350676497005988,0
120.jpeg,copper,63,0,547.0,8.5,1.6528,mahalanobis,1.350676497005988,1
120.jpeg,copper,0.4,0,331.0,19.0,1.61,mahalanobis,1.350676497005988,1
120.jpeg,copper,90,0,545.0,44.5,1.5447,mahalanobis,1.350676497005988,1
120.jpeg,copper,25,0,344.0,58.5,1.4376,mahalanobis,1.350676497005988,1
120.jpeg,copper,45,0,348.0,98.5,1.308,mahalanobis,1.350676497005988,0
120.jpeg,manganese,90,0,536.0,2.0,1.6194,mahalanobis,1.350676497005988,1
120.jpeg,manganese,25,0,335.0,16.0,1.5991,mahalanobis,1.350676497005988,1
120.jpeg,manganese,45,0,339.0,56.0,1.4689,mahalanobis,1.350676497005988,1
120.jpeg,chromium,45,0,345.5,16.5,1.5496,mahalanobis,1.350676497005988,1
121.jpeg,eiweibriegelmitkokos-mandel-geschmackundkokosraspeln,631,0,195.5,169.0,2.0777,mahalanobis,1.226853,1
121.jpeg,eiweibriegelmitkokos-mandel-geschmackundkokosraspeln,151,0,231.5,169.0,1.7654,mahalanobis,1.226853,1
121.jpeg,eiweibriegelmitkokos-mandel-geschmackundkokosraspeln,5.2,0,221.0,204.5,1.9539,mahalanobis,1.226853,1
121.jpeg,eiweibriegelmitkokos-mandel-geschmackundkokosraspeln,2.9,0,221.0,235.0,2.073,mahalanobis,1.226853,1
121.jpeg,eiweibriegelmitkokos-mandel-geschmackundkokosraspeln,9.1,0,223.5,265.5,2.2011,mahalanobis,1.226853,1
121.jpeg,eiweibriegelmitkokos-mandel-geschmackundkokosraspeln,2.2,0,221.0,296.0,2.3874,mahalanobis,1.226853,1
121.jpeg,eiweibriegelmitkokos-mandel-geschmackundkokosraspeln,6.7,0,222.0,327.0,2.5702,mahalanobis,1.226853,1
121.jpeg,eiweibriegelmitkokos-mandel-geschmackundkokosraspeln,79,0,220.5,357.0,2.7763,mahalanobis,1.226853,1
121.jpeg,eiweibriegelmitkokos-mandel-geschmackundkokosraspeln,16,0,224.0,387.0,2.9652,mahalanobis,1.226853,1
121.jpeg,eiweibriegelmitkokos-mandel-geschmackundkokosraspeln,0.09,0,215.5,417.0,3.2259,mahalanobis,1.226853,1
121.jpeg,energy,631,0,484.5,5.5,1.1592,mahalanobis,1.226853,0
121.jpeg,energy,151,0,520.5,5.5,1.339,mahalanobis,1.226853,1
121.jpeg,energy,5.2,0,510.0,41.0,1.0451,mahalanobis,1.226853,0
121.jpeg,energy,2.9,0,510.0,71.5,0.8836,mahalanobis,1.226853,0
121.jpeg,energy,9.1,0,512.5,102.0,0.8072,mahalanobis,1.226853,0
121.jpeg,energy,2.2,0,510.0,132.5,0.7749,mahalanobis,1.226853,0
121.jpeg,energy,6.7,0,511.0,163.5,0.8654,mahalanobis,1.226853,0
121.jpeg,energy,79,0,509.5,193.5,1.0019,mahalanobis,1.226853,0
121.jpeg,energy,16,0,513.0,223.5,1.2127,mahalanobis,1.226853,0
121.jpeg,energy,0.09,0,504.5,253.5,1.3846,mahalanobis,1.226853,1
121.jpeg,fat,5.2,0,523.0,10.0,1.3233,mahalanobis,1.226853,1
121.jpeg,fat,2.9,0,523.0,40.5,1.1357,mahalanobis,1.226853,0
121.jpeg,fat,9.1,0,525.5,71.0,1.0078,mahalanobis,1.226853,0
121.jpeg,fat,2.2,0,523.0,101.5,0.8997,mahalanobis,1.226853,0
121.jpeg,fat,6.7,0,524.0,132.5,0.8986,mahalanobis,1.226853,0
121.jpeg,fat,79,0,522.5,162.5,0.9548,mahalanobis,1.226853,0
121.jpeg,fat,16,0,526.0,192.5,1.1127,mahalanobis,1.226853,0
121.jpeg,fat,0.09,0,517.5,222.5,1.2327,mahalanobis,1.226853,1
121.jpeg,davongesattigtefettsauren,5.2,0,369.5,-21.0,1.3508,mahalanobis,1.226853,1
121.jpeg,davongesattigtefettsauren,2.9,0,369.5,9.5,1.1014,mahalanobis,1.226853,0
121.jpeg,davongesattigtefettsauren,9.1,0,372.0,40.0,0.8533,mahalanobis,1.226853,0
121.jpeg,davongesattigtefettsauren,2.2,0,369.5,70.5,0.6579,mahalanobis,1.226853,0
121.jpeg,davongesattigtefettsauren,6.7,0,370.5,101.5,0.504,mahalanobis,1.226853,0
121.jpeg,davongesattigtefettsauren,79,0,369.0,131.5,0.4973,mahalanobis,1.226853,0
121.jpeg,davongesattigtefettsauren,16,0,372.5,161.5,0.5839,mahalanobis,1.226853,0
121.jpeg,davongesattigtefettsauren,0.09,0,364.0,191.5,0.8257,mahalanobis,1.226853,0
121.jpeg,carbohydrate,2.9,0,460.5,-20.5,1.2987,mahalanobis,1.226853,1
121.jpeg,carbohydrate,9.1,0,463.0,10.0,1.0453,mahalanobis,1.226853,0
121.jpeg,carbohydrate,2.2,0,460.5,40.5,0.785,mahalanobis,1.226853,0
121.jpeg,carbohydrate,6.7,0,461.5,71.5,0.5516,mahalanobis,1.226853,0
121.jpeg,carbohydrate,79,0,460.0,101.5,0.3647,mahalanobis,1.226853,0
121.jpeg,carbohydrate,16,0,463.5,131.5,0.3667,mahalanobis,1.226853,0
121.jpeg,carbohydrate,0.09,0,455.0,161.5,0.458,mahalanobis,1.226853,0
121.jpeg,fibre,6.7,0,467.0,-18.5,1.2975,mahalanobis,1.226853,1
121.jpeg,fibre,79,0,465.5,11.5,1.0405,mahalanobis,1.226853,0
121.jpeg,fibre,16,0,469.0,41.5,0.8116,mahalanobis,1.226853,0
121.jpeg,fibre,0.09,0,460.5,71.5,0.5462,mahalanobis,1.226853,0
121.jpeg,protein,79,0,501.5,-17.5,1.4115,mahalanobis,1.226853,1
121.jpeg,protein,16,0,505.0,12.5,1.2043,mahalanobis,1.226853,0
121.jpeg,protein,0.09,0,496.5,42.5,0.9505,mahalanobis,1.226853,0
121.jpeg,salt,16,0,517.0,-17.0,1.4803,mahalanobis,1.226853,1
121.jpeg,salt,0.09,0,508.5,13.0,1.2198,mahalanobis,1.226853,0
121.jpeg,eiweibriegelmitkokos-mandel-geschmackundkokosraspeln,12,1,364.0,206.5,2.016,mahalanobis,1.226853,1
121.jpeg,eiweibriegelmitkokos-mandel-geschmackundkokosraspeln,6.5,1,358.0,237.0,2.1744,mahalanobis,1.226853,1
121.jpeg,eiweibriegelmitkokos-mandel-geschmackundkokosraspeln,20,1,358.5,267.5,2.3026,mahalanobis,1.226853,1
121.jpeg,eiweibriegelmitkokos-mandel-geschmackundkokosraspeln,49,1,356.0,298.0,2.4754,mahalanobis,1.226853,1
121.jpeg,eiweibriegelmitkokos-mandel-geschmackundkokosraspeln,15,1,360.5,330.0,2.6247,mahalanobis,1.226853,1
121.jpeg,eiweibriegelmitkokos-mandel-geschmackundkokosraspeln,18,1,359.5,359.5,2.8136,mahalanobis,1.226853,1
121.jpeg,eiweibriegelmitkokos-mandel-geschmackundkokosraspeln,35,1,358.5,390.0,3.0196,mahalanobis,1.226853,1
121.jpeg,eiweibriegelmitkokos-mandel-geschmackundkokosraspeln,0.20,1,350.5,419.5,3.2675,mahalanobis,1.226853,1
121.jpeg,energy,12,1,653.0,43.0,1.0894,mahalanobis,1.226853,0
121.jpeg,energy,6.5,1,647.0,73.5,0.8844,mahalanobis,1.226853,0
121.jpeg,energy,20,1,647.5,104.0,0.7845,mahalanobis,1.226853,0
121.jpeg,energy,49,1,645.0,134.5,0.7413,mahalanobis,1.226853,0
121.jpeg,energy,15,1,649.5,166.5,0.857,mahalanobis,1.226853,0
121.jpeg,energy,18,1,648.5,196.0,0.9853,mahalanobis,1.226853,0
121.jpeg,energy,35,1,647.5,226.5,1.1647,mahalanobis,1.226853,0
121.jpeg,energy,0.20,1,639.5,256.0,1.3308,mahalanobis,1.226853,1
121.jpeg,fat,12,1,666.0,12.0,1.3663,mahalanobis,1.226853,1
121.jpeg,fat,6.5,1,660.0,42.5,1.1418,mahalanobis,1.226853,0
121.jpeg,fat,20,1,660.5,73.0,0.9964,mahalanobis,1.226853,0
121.jpeg,fat,49,1,658.0,103.5,0.881,mahalanobis,1.226853,0
121.jpeg,fat,15,1,662.5,135.5,0.9049,mahalanobis,1.226853,0
121.jpeg,fat,18,1,661.5,165.0,0.9553,mahalanobis,1.226853,0
121.jpeg,fat,35,1,660.5,195.5,1.0728,mahalanobis,1.226853,0
121.jpeg,fat,0.20,1,652.5,225.0,1.1861,mahalanobis,1.226853,0
121.jpeg,davongesattigtefettsauren,12,1,512.5,-19.0,1.3643,mahalanobis,1.226853,1
121.jpeg,davongesattigtefettsauren,6.5,1,506.5,11.5,1.1462,mahalanobis,1.226853,0
121.jpeg,davongesattigtefettsauren,20,1,507.0,42.0,0.9189,mahalanobis,1.226853,0
121.jpeg,davongesattigtefettsauren,49,1,504.5,72.5,0.7413,mahalanobis,1.226853,0
121.jpeg,davongesattigtefettsauren,15,1,509.0,104.5,0.5651,mahalanobis,1.226853,0
121.jpeg,davongesattigtefettsauren,18,1,508.0,134.0,0.5473,mahalanobis,1.226853,0
121.jpeg,davongesattigtefettsauren,35,1,507.0,164.5,0.6475,mahalanobis,1.226853,0
121.jpeg,davongesattigtefettsauren,0.20,1,499.0,194.0,0.8656,mahalanobis,1.226853,0
121.jpeg,carbohydrate,6.5,1,597.5,-18.5,1.2985,mahalanobis,1.226853,1
121.jpeg,carbohydrate,20,1,598.0,12.0,1.0412,mahalanobis,1.226853,0
121.jpeg,carbohydrate,49,1,595.5,42.5,0.7804,mahalanobis,1.226853,0
121.jpeg,carbohydrate,15,1,600.0,74.5,0.5504,mahalanobis,1.226853,0
121.jpeg,carbohydrate,18,1,599.0,104.0,0.3624,mahalanobis,1.226853,0
121.jpeg,carbohydrate,35,1,598.0,134.5,0.3078,mahalanobis,1.226853,0
121.jpeg,carbohydrate,0.20,1,590.0,164.0,0.4021,mahalanobis,1.226853,0
121.jpeg,fibre,15,1,605.5,-15.5,1.2922,mahalanobis,1.226853,1
121.jpeg,fibre,18,1,604.5,14.0,1.0438,mahalanobis,1.226853,0
121.jpeg,fibre,35,1,603.5,44.5,0.794,mahalanobis,1.226853,0
121.jpeg,fibre,0.20,1,595.5,74.0,0.5311,mahalanobis,1.226853,0
121.jpeg,protein,18,1,640.5,-15.0,1.4166,mahalanobis,1.226853,1
121.jpeg,protein,35,1,639.5,15.5,1.1856,mahalanobis,1.226853,0
121.jpeg,protein,0.20,1,631.5,45.0,0.9357,mahalanobis,1.226853,0
121.jpeg,salt,35,1,651.5,-14.0,1.4624,mahalanobis,1.226853,1
121.jpeg,salt,0.20,1,643.5,15.5,1.2076,mahalanobis,1.226853,0
201.jpeg,energy,1642,0,573.7,25.0,1.5396,mahalanobis,1.2706,1
201.jpeg,energy,392,0,662.1,25.0,0.8339,mahalanobis,1.2706,0
201.jpeg,energy,69,0,647.5,79.5,0.6102,mahalanobis,1.2706,0
201.jpeg,energy,4.2,0,638.0,136.0,0.5899,mahalanobis,1.2706,0
201.jpeg,energy,8.1,0,640.5,228.0,0.8977,mahalanobis,1.2706,0
201.jpeg,energy,779,0,647.5,286.0,1.2211,mahalanobis,1.2706,0
201.jpeg,energy,77,0,639.5,359.0,1.7496,mahalanobis,1.2706,1
201.jpeg,energy,0.05,0,630.0,410.0,2.1358,mahalanobis,1.2706,1
201.jpeg,hodnota/energia/energia/valor energetico/energia,1642,0,671.2,-5.5,1.0165,mahalanobis,1.2706,0
201.jpeg,hodnota/energia/energia/valor energetico/energia,392,0,759.6,-5.5,1.2854,mahalanobis,1.2706,1
201.jpeg,hodnota/energia/energia/valor energetico/energia,69,0,745.0,49.0,0.8806,mahalanobis,1.2706,0
201.jpeg,hodnota/energia/energia/valor energetico/energia,4.2,0,735.5,105.5,0.5679,mahalanobis,1.2706,0
201.jpeg,hodnota/energia/energia/valor energetico/energia,8.1,0,738.0,197.5,0.7409,mahalanobis,1.2706,0
201.jpeg,hodnota/energia/energia/valor energetico/energia,779,0,745.0,255.5,1.1086,mahalanobis,1.2706,0
201.jpeg,hodnota/energia/energia/valor energetico/energia,77,0,737.0,328.5,1.535,mahalanobis,1.2706,1
201.jpeg,hodnota/energia/energia/valor energetico/energia,0.05,0,727.5,379.5,1.8563,mahalanobis,1.2706,1
201.jpeg,cukry/di cui zuccheri/z toho cukry/de los cuales azucares/dos quais acucares,779,0,606.5,-14.5,1.4255,mahalanobis,1.2706,1
201.jpeg,cukry/di cui zuccheri/z toho cukry/de los cuales azucares/dos quais acucares,77,0,598.5,58.5,1.1714,mahalanobis,1.2706,0
201.jpeg,cukry/di cui zuccheri/z toho cukry/de los cuales azucares/dos quais acucares,0.05,0,589.0,109.5,1.1651,mahalanobis,1.2706,0
201.jpeg,protein,77,0,631.0,20.5,1.0482,mahalanobis,1.2706,0
201.jpeg,protein,0.05,0,621.5,71.5,0.8928,mahalanobis,1.2706,0
201.jpeg,proteinas/proteinas,77,0,902.0,-2.5,2.642,mahalanobis,1.2706,1
201.jpeg,proteinas/proteinas,0.05,0,892.5,48.5,2.4228,mahalanobis,1.2706,1
201.jpeg,salt,0.05,0,759.0,10.5,1.1931,mahalanobis,1.2706,0
201.jpeg,energy,493,1,832.1,26.0,1.4791,mahalanobis,1.2706,1
201.jpeg,energy,118,1,910.9,26.0,0.8539,mahalanobis,1.2706,0
201.jpeg,energy,2,1,895.5,79.5,0.6552,mahalanobis,1.2706,0
201.jpeg,energy,1.3,1,896.0,143.5,0.5254,mahalanobis,1.2706,0
201.jpeg,energy,24,1,889.5,226.5,0.9017,mahalanobis,1.2706,0
201.jpeg,energy,2.3,1,891.5,285.0,1.2421,mahalanobis,1.2706,0
201.jpeg,energy,23,1,892.5,361.5,1.7506,mahalanobis,1.2706,1
201.jpeg,energy,0.02,1,884.5,413.0,2.1349,mahalanobis,1.2706,1
201.jpeg,hodnota/energia/energia/valor energetico/energia,493,1,929.6,-4.5,1.0098,mahalanobis,1.2706,0
201.jpeg,hodnota/energia/energia/valor energetico/energia,118,1,1008.4,-4.5,1.2669,mahalanobis,1.2706,0
201.jpeg,hodnota/energia/energia/valor energetico/energia,2,1,993.0,49.0,0.8566,mahalanobis,1.2706,0
201.jpeg,hodnota/energia/energia/valor energetico/energia,1.3,1,993.5,113.0,0.6224,mahalanobis,1.2706,0
201.jpeg,hodnota/energia/energia/valor energetico/energia,24,1,987.0,196.0,0.6989,mahalanobis,1.2706,0
201.jpeg,hodnota/energia/energia/valor energetico/energia,2.3,1,989.0,254.5,1.04,mahalanobis,1.2706,0
201.jpeg,hodnota/energia/energia/valor energetico/energia,23,1,990.0,331.0,1.5437,mahalanobis,1.2706,1
201.jpeg,hodnota/energia/energia/valor energetico/energia,0.02,1,982.0,382.5,1.8716,mahalanobis,1.2706,1
201.jpeg,cukry/di cui zuccheri/z toho cukry/de los cuales azucares/dos quais acucares,2.3,1,850.5,-15.5,1.5036,mahalanobis,1.2706,1
201.jpeg,cukry/di cui zuccheri/z toho cukry/de los cuales azucares/dos quais acucares,23,1,851.5,61.0,1.1593,mahalanobis,1.2706,0
201.jpeg,cukry/di cui zuccheri/z toho cukry/de los cuales azucares/dos quais acucares,0.02,1,843.5,112.5,1.1359,mahalanobis,1.2706,0
201.jpeg,protein,23,1,884.0,23.0,1.0372,mahalanobis,1.2706,0
201.jpeg,protein,0.02,1,876.0,74.5,0.8638,mahalanobis,1.2706,0
201.jpeg,proteinas/proteinas,23,1,1155.0,0.0,2.6511,mahalanobis,1.2706,1
201.jpeg,proteinas/proteinas,0.02,1,1147.0,51.5,2.4488,mahalanobis,1.2706,1
201.jpeg,salt,0.02,1,1013.5,13.5,1.2064,mahalanobis,1.2706,0
45_1.png,energykj/kcal,1567,0,1069.2,-17.0,1.0814,mahalanobis,1.3067224137931035,0
45_1.png,energykj/kcal,374,0,1257.7,-17.0,1.2313,mahalanobis,1.3067224137931035,0
45_1.png,energykj/kcal,736,0,610.2,-9.0,2.1107,mahalanobis,1.3067224137931035,1
45_1.png,energykj/kcal,176,0,781.8,-9.0,1.5866,mahalanobis,1.3067224137931035,1
45_1.png,energykj/kcal,0.1,0,1264.5,153.5,0.8747,mahalanobis,1.3067224137931035,0
45_1.png,energykj/kcal,0,0,833.0,172.0,1.1418,mahalanobis,1.3067224137931035,0
45_1.png,energykj/kcal,0,0,1300.5,330.0,0.7707,mahalanobis,1.3067224137931035,0
45_1.png,energykj/kcal,0,0,828.5,347.0,1.0142,mahalanobis,1.3067224137931035,0
45_1.png,energykj/kcal,0,0,1291.5,504.0,0.8008,mahalanobis,1.3067224137931035,0
45_1.png,energykj/kcal,8,0,1241.0,765.5,1.1787,mahalanobis,1.3067224137931035,0
45_1.png,energykj/kcal,1410,0,793.0,775.5,1.5708,mahalanobis,1.3067224137931035,1
45_1.png,energykj/kcal,0,0,1238.5,1027.0,1.8372,mahalanobis,1.3067224137931035,1
45_1.png,energykj/kcal,0,0,793.5,1043.0,2.1345,mahalanobis,1.3067224137931035,1
45_1.png,energykj/kcal,500,0,1206.5,1198.0,2.2615,mahalanobis,1.3067224137931035,1
45_1.png,energykj/kcal,240,0,742.5,1226.5,2.6601,mahalanobis,1.3067224137931035,1
45_1.png,protein,0.1,0,1413.5,-39.0,1.6397,mahalanobis,1.3067224137931035,1
45_1.png,protein,0,0,982.0,-20.5,1.1694,mahalanobis,1.3067224137931035,0
45_1.png,protein,0,0,1449.5,137.5,1.472,mahalanobis,1.3067224137931035,1
45_1.png,protein,0,0,977.5,154.5,0.7592,mahalanobis,1.3067224137931035,0
45_1.png,protein,0,0,1440.5,311.5,1.297,mahalanobis,1.3067224137931035,0
45_1.png,protein,8,0,1390.0,573.0,1.2147,mahalanobis,1.3067224137931035,0
45_1.png,protein,1410,0,942.0,583.0,0.8056,mahalanobis,1.3067224137931035,0
45_1.png,protein,0,0,1387.5,834.5,1.6457,mahalanobis,1.3067224137931035,1
45_1.png,protein,0,0,942.5,850.5,1.4071,mahalanobis,1.3067224137931035,1
45_1.png,protein,500,0,1355.5,1005.5,1.9564,mahalanobis,1.3067224137931035,1
45_1.png,protein,240,0,891.5,1034.0,1.9403,mahalanobis,1.3067224137931035,1
45_1.png,fat,0,0,1558.5,-47.0,2.0784,mahalanobis,1.3067224137931035,1
45_1.png,fat,0,0,1086.5,-30.0,1.1122,mahalanobis,1.3067224137931035,0
45_1.png,fat,0,0,1549.5,127.0,1.8258,mahalanobis,1.3067224137931035,1
45_1.png,fat,8,0,1499.0,388.5,1.5034,mahalanobis,1.3067224137931035,1
45_1.png,fat,1410,0,1051.0,398.5,0.184,mahalanobis,1.3067224137931035,0
45_1.png,fat,0,0,1496.5,650.0,1.6653,mahalanobis,1.3067224137931035,1
45_1.png,fat,0,0,1051.5,666.0,0.7987,mahalanobis,1.3067224137931035,0
45_1.png,fat,500,0,1464.5,821.0,1.8245,mahalanobis,1.3067224137931035,1
45_1.png,fat,240,0,1000.5,849.5,1.3292,mahalanobis,1.3067224137931035,1
45_1.png,saturated fats,0,0,1204.0,-47.5,1.2251,mahalanobis,1.3067224137931035,0
45_1.png,saturated fats,8,0,1153.5,214.0,0.4943,mahalanobis,1.3067224137931035,0
45_1.png,saturated fats,1410,0,705.5,224.0,1.5306,mahalanobis,1.3067224137931035,1
45_1.png,saturated fats,0,0,1151.0,475.5,0.3287,mahalanobis,1.3067224137931035,0
45_1.png,saturated fats,0,0,706.0,491.5,1.501,mahalanobis,1.3067224137931035,1
45_1.png,saturated fats,500,0,1119.0,646.5,0.7307,mahalanobis,1.3067224137931035,0
45_1.png,saturated fats,240,0,655.0,675.0,1.8452,mahalanobis,1.3067224137931035,1
45_1.png,carbohydrate,8,0,1209.0,35.5,1.0219,mahalanobis,1.3067224137931035,0
45_1.png,carbohydrate,1410,0,761.0,45.5,1.5548,mahalanobis,1.3067224137931035,1
45_1.png,carbohydrate,0,0,1206.5,297.0,0.4638,mahalanobis,1.3067224137931035,0
45_1.png,carbohydrate,0,0,761.5,313.0,1.2743,mahalanobis,1.3067224137931035,0
45_1.png,carbohydrate,500,0,1174.5,468.0,0.3749,mahalanobis,1.3067224137931035,0
45_1.png,carbohydrate,240,0,710.5,496.5,1.4874,mahalanobis,1.3067224137931035,1
45_1.png,sugars,0,0,1376.5,113.5,1.269,mahalanobis,1.3067224137931035,0
45_1.png,sugars,0,0,931.5,129.5,0.9217,mahalanobis,1.3067224137931035,0
45_1.png,sugars,500,0,1344.5,284.5,0.9591,mahalanobis,1.3067224137931035,0
45_1.png,sugars,240,0,880.5,313.0,0.835,mahalanobis,1.3067224137931035,0
45_1.png,fibre,0,0,1262.0,-49.0,1.3154,mahalanobis,1.3067224137931035,1
45_1.png,fibre,0,0,817.0,-33.0,1.5372,mahalanobis,1.3067224137931035,1
45_1.png,fibre,500,0,1230.0,122.0,0.8559,mahalanobis,1.3067224137931035,0
45_1.png,fibre,240,0,766.0,150.5,1.391,mahalanobis,1.3067224137931035,1
45_1.png,sodium,500,0,1421.5,-72.5,1.725,mahalanobis,1.3067224137931035,1
45_1.png,sodium,240,0,957.5,-44.0,1.2643,mahalanobis,1.3067224137931035,0
45_2.png,energy,0,0,1192.0,227.5,0.9721,mahalanobis,1.3105296296296294,0
45_2.png,energy,16,0,1216.5,636.0,0.9585,mahalanobis,1.3105296296296294,0
45_2.png,energy,94,0,1143.5,821.0,0.8903,mahalanobis,1.3105296296296294,0
45_2.png,energy,38,0,1102.5,1023.0,1.2949,mahalanobis,1.3105296296296294,0
45_2.png,energy,0.1,0,1020.5,1215.0,1.8129,mahalanobis,1.3105296296296294,1
45_2.png,energy,1.3,0,947.0,1376.5,2.3501,mahalanobis,1.3105296296296294,1
45_2.png,fat,0,0,1305.0,1.0,1.918,mahalanobis,1.3105296296296294,1
45_2.png,fat,16,0,1329.5,409.5,1.6776,mahalanobis,1.3105296296296294,1
45_2.png,fat,94,0,1256.5,594.5,1.1922,mahalanobis,1.3105296296296294,0
45_2.png,fat,38,0,1215.5,796.5,1.1537,mahalanobis,1.3105296296296294,0
45_2.png,fat,0.1,0,1133.5,988.5,1.2492,mahalanobis,1.3105296296296294,0
45_2.png,fat,1.3,0,1060.0,1150.0,1.6087,mahalanobis,1.3105296296296294,1
45_2.png,saturated fats,16,0,1191.0,34.5,1.328,mahalanobis,1.3105296296296294,1
45_2.png,saturated fats,94,0,1118.0,219.5,0.7016,mahalanobis,1.3105296296296294,0
45_2.png,saturated fats,38,0,1077.0,421.5,0.1844,mahalanobis,1.3105296296296294,0
45_2.png,saturated fats,0.1,0,995.0,613.5,0.6858,mahalanobis,1.3105296296296294,0
45_2.png,saturated fats,1.3,0,921.5,775.0,1.3153,mahalanobis,1.3105296296296294,1
45_2.png,carbohydrate,94,0,1030.0,11.5,1.2328,mahalanobis,1.3105296296296294,0
45_2.png,carbohydrate,38,0,989.0,213.5,0.9489,mahalanobis,1.3105296296296294,0
45_2.png,carbohydrate,0.1,0,907.0,405.5,1.2397,mahalanobis,1.3105296296296294,0
45_2.png,carbohydrate,1.3,0,833.5,567.0,1.7327,mahalanobis,1.3105296296296294,1
45_2.png,ofwhich sugars,38,0,971.0,16.0,1.4014,mahalanobis,1.3105296296296294,1
45_2.png,ofwhich sugars,0.1,0,889.0,208.0,1.5128,mahalanobis,1.3105296296296294,1
45_2.png,ofwhich sugars,1.3,0,815.5,369.5,1.8707,mahalanobis,1.3105296296296294,1
45_2.png,protein,0.1,0,1216.5,23.5,1.4508,mahalanobis,1.3105296296296294,1
45_2.png,protein,1.3,0,1143.0,185.0,0.846,mahalanobis,1.3105296296296294,0
45_2.png,salt,1.3,0,1296.5,12.5,1.8552,mahalanobis,1.3105296296296294,1
